text,labels
", ...",anger
!,anger|fear|surprise
* So get up out of your bed,anger
A confession that you hired [PERSON] ... and are responsible for my father's murder .,anger|sadness
A dead man has one half - hour to raise his roll outside and get back in the game .,anger
A guy that's talking about he's gonna solve all your problems .,anger
A guy who was a pain in the neck even before I carried his stuff .,anger
"A hundred of these are produced every day and sent to sweatshops where urban slaves prepare this poison for our friends , our loved ones , our children .",anger|disgust
A lady wouldn't work for this outfit .,anger
A little dicey doing a background on an FBI agent .,anger
A little restraint ?,anger
A little rush ?,anger
"A lost decade , but it was worth it to make your father pay for my loss .",anger
A lot of junk all right ...,anger
A lot of people are going to pay for this night .,anger
A lot of you incumbents will be in danger of losing your seats .,anger
A man is going to die .,anger|sadness
A map's no good in the outback !,anger
"A perfect place to lose anybody , but this little doll's our cover story .",anger
A traitor !,anger|disgust
A woman who drinks is bad enough and I will not stand for a woman cursing and blaspheming God .,anger|disgust
About time !,anger
Absolute disregard to not show up .,anger
"Acknowledge , over .",anger
"Acts of homicide and cannibalism reported through the afternoon are contributable , at least in part , to these reactivated bodies .",anger|sadness
"[PERSON] , I don't think it'd be so bad if I taught him how to throw a few ...",anger
"[PERSON] , what did I do ?",anger
"[PERSON] , where's the kid ?",anger
"After that , I don't care if you've found the Holy Grail .",anger
"Ah , for fuck's sake , mate .",anger
Ah ! - You should listen to your brother .,anger|surprise
Ahem . Father brophy was very disturbed .,anger|sadness
Ain't much you can do about us .,anger
Ain't nobody in the world gonna drive this except me .,anger
"[PERSON] , will you let me finish ?",anger
"All dead , you mean !",anger
All happened on your watch .,anger|disgust
All I asked you is where the hell [PERSON] is .,anger
All I can charge him with is riding on a train . They're gonna walk .,anger
"All I know is that I'd like to meet a member of the judiciary or a member of Congress that thinks that this situation , the status quo is satisfactory .",anger|disgust
All I want to do is make things as difficult as possible .,anger
"All right , I will !",anger
"All right , next time I hear it , I am taking it away .",anger
"All right , not now , but you need to hear this .",anger
"All right , now , send that woman and her young ' uns out !",anger
"All right , [LOCATION] , that's enough .",anger
"All right , what is it if I may ask , You do want to do ?",anger
All right . I'll talk to [PERSON] .,anger
All right . I've heard enough . I've heard enough .,anger|disgust
All that Latino macho shit .,anger
All the officers were disloyal .,anger|disgust|sadness|surprise
All this talk's just wasting time .,anger
"All those bottles , of sizes different , completely in the wrong order ...",anger
All those guns and violence ...,anger|disgust|fear|sadness
All you have to do ... is point her out and look the other way .,anger|disgust|surprise
"All : Ohh , shit .",anger|fear
"[PERSON] , what have you done my little sister ?",anger
"Alright , have it any way you want !",anger|disgust
"Alright , knock it off !",anger
Altitude !,anger
Altitude ? - Altitude . You want some altitude ?,anger
Am I okay ? Everybody's worried sick about you .,anger
Amateur .,anger|disgust
An executive order ...,anger
"An ... an accident ? Easy , [PERSON] , easy . Watch the rug .",anger|fear|surprise
"And actresses are treated like I hate to use the word , but , shit .",anger|disgust|fear|sadness
And all that crap .,anger
"And [PERSON] , she won't help me to solve them .",anger
"And don't bother sending a bill , either !",anger
"And don't try anything funny , cos you know what you'll get .",anger
"And don't waste none of his time , because he ain't staying around long .",anger
And he waded in there with a lead pipe and he saved your ass and now you're going to deny him over his dead body ?,anger
And how about translators ?,anger
And how is that different than all the times you risked me ?,anger
And I ain't gonna repeat what he said .,anger
And I can't get started .,anger
And I dangled it in front of him and ripped it away .,anger|disgust|surprise
And I don't care whether you go down with him or not .,anger
And I don't share my husband with anyone !,anger
"And I hate the way you drive , and I hate your stinking whiskey breath .",anger
And I hate these fucking doughnuts .,anger|disgust
And I stormed out .,anger
"And I want a list of everybody's budgets , research accounts and financials on my desk by tomorrow .",anger
And I want [PERSON] and [PERSON] ... dead !,anger
And I'll see you in court in three weeks .,anger
And I'm being asked to brief the CIA director on stuff because he and the president are being lied to ?,anger|surprise
And I'm warning you .,anger
And if I refuse to sign it ?,anger
"And if there was , I sure as hell wouldn't tell you , colonel .",anger
"And if they try to , they'll find you dead .",anger
"And if we could find it , it wouldn't have a tear .",anger
"And if you don't take me to my hotel , that means I have to walk .",anger|sadness
And it changes because the people at the top forget how they got there .,anger|disgust
"And it is time that the [LOCATION] government started coming clean on what it's all about , because they're very important military and ...",anger
"And it's about you , and it's about [PERSON] , and it's about the drinking , and it's about all of it .",anger
And just what do you want me to do ?,anger
"And let me remind you , we lost two key PA's in one day .",anger
And now they've lost it .,anger|joy|sadness
And now this ?,anger
And runnin' late as usual .,anger
And see that you get out of town .,anger
And stop fidgeting .,anger
And that they wouldn't hold Backpage responsible was very disturbing to me .,anger
And that's my mother ... running away .,anger|disgust|sadness
And that's why I don't wan na talk about it if I don't have to .,anger
"And the last time you were in my office , you told me you hadn't committed a crime to get the job done .",anger
And the other time .,anger|disgust
And the sociopaths that are in control of those programs can't be allowed to speak for planet [LOCATION] .,anger|disgust|fear
"And then he says , l sure hope he was guilty .  Then he laughs .",anger|disgust|surprise
And then he'll run our lives and take our money .,anger|fear
And then I shot him .,anger
"And there's not a damn thing you can do about it , you understand me ?",anger|sadness
And these people in the union are smarter than what they used to be .,anger|disgust
"And this spic , [PERSON] , what a fucking nut case .",anger|disgust|surprise
And treat those two impostors Just the same ...,anger
And very heavily .,anger
And w - what am I supposed to take your word for being worth ?,anger|disgust
And we think it's actually their job and they're not doing it .,anger
And we're finished playing the key cities .,anger
And we're trapped .,anger|surprise
And what does he want ?,anger
And what makes you think that note would interest me ?,anger
And what point is that ?,anger
And what sort of rubbish are you turning out now ?,anger
"And what will you do then , [PERSON] ?",anger
"And when the next plane is shot down , make sure you get the names and ages of the innocent victims right .",anger
And whoever holds [LOCATION] points a dagger at the heart of [LOCATION] .,anger
And you agree ?,anger|disgust
And you also have to cross-modify your judgment that the entire universe was created just as the stage upon which the drama of the human development is unfolding .,anger
And you can't make me .,anger
And you think I don't ?,anger|disgust
And you wan na know what else I think ?,anger
And you were going to hate him for the rest of your life .,anger
"And you wouldn't give a bent kopeck for his chances , the way he kept admitting over and over that he killed the old lady .",anger|disgust
"And you , all the time laughing at me .",anger|disgust
And you're gonna have to blow me up too !,anger
And you're shocked because I took credit for your idea .,anger
"[PERSON] olla ! , I told him my problem , I told him I loved you and he told me to keep my trap shut .",anger
Another break - in by some ... Sex - crazed man .,anger
Answer my question .,anger
Any decent church would've burnt you bastards years ago .,anger|disgust
"Any of you guys call me [PERSON] , and I'll kill you .",anger
Anybody can type .,anger
"Anyhow , I'm sick a human life was lost .",anger
Anyone who would deface a work of art with a color like that ought to have his ass removed .,anger
Anything else ?,anger
Anything you say can and will be used against you in a court of law .,anger
"Anyway , what's it matter to you ?",anger|surprise
"Anyway , when do you special intelligence officers do what you're supposed to do ?",anger
"Anyways , I don't give a damn .",anger
Are my glasses there ? Eh ... no .,anger
Are we gonna rescue an old man or stand here and argue ?,anger
Are we supposed to just sit here and wait ?,anger
Are you blind ?,anger
Are you confessing to this ?,anger
Are you confused ?,anger
Are you crazy ?,anger|surprise
Are you dumb ?,anger
Are you fucking crazy ?,anger|disgust
Are you going to come or do I have to drag you ?,anger
Are you guys nuts ?,anger
"Are you happy now , yeah ?",anger
Are you just about finished ?,anger
Are you kidding me ?,anger|surprise
Are you kidding me ? !,anger
Are you kidding ?,anger|surprise
Are you listening ?,anger
Are you looking at my hands ?,anger
Are you mocking me ?,anger
Are you off your trolley ?,anger
Are you saying you're insane ? Is that your defense ? - Plus she took a lot of prescription medicine .,anger
Are you telling me he's carrying a. and a. ?,anger|fear
Are you telling me I don't know what a shark looks like ?,anger
Are you telling me not to worry but free the lab when you work everything out ?,anger
Aren't things bad enough without you talking about dying ?,anger
Aren't you ever satisfied ?,anger
Aren't you gonna tell me my sins are forgiven ?,anger|surprise
Aren't you human ?,anger
Aren't you supposed to know that ? Isn't that your job ? How could you be stupid enough to let somebody follow you ?,anger
Argh ! Kaili !,anger
Art here saw her fighting him off .,anger
"As he said , it's against the rules .",anger
"As I said , sir it all depends how far we're willing to go .",anger
"As I told you , it's time we did something about it .",anger
As in ... pointless .,anger|disgust|fear
"As medical officer , I protest to the way he's being treated .",anger
As much as I would regret saving his .,anger
"As you can see , the available forces have been badly distributed .",anger
"As you know , over here , crime is not exploited to sell newspapers .",anger|joy
"Ask him what money , asshole .",anger
Ask him !,anger
"Asking who I sleep with isn't personal anymore ? What do you want to know , if I smoke ?",anger
Assholes trying to round them up and put them in the back of trucks .,anger
"At 10:00 , tomorrow morning , I want you to bring into my office either a letter denying emphatically that your remarks had any mystic implications or a letter of resignation .",anger
"At some point , she told me about this guy who used to come around to check on her .",anger|disgust|fear
"Autographed by the criminal himself . Hey , buddy , are you gonna read it or buy it ?",anger
"Autumn , get out of here ! Don't fight anymore !",anger|fear
"Aye , yous like to call yourselves opportunists instead of anarchists .",anger
"Back in the village when they made fun of you , I wanted to kill them .",anger
Backpage refused to cooperate with the subcommittee's investigation .,anger
Bad guy .,anger|sadness|surprise
Bad news . Your father cleaned out your bank account to pay for the damage to his store .,anger|sadness
Bastard !,anger
Bastard .,anger
Bastards .,anger
Be a good fellow and get out now .,anger
"Be gone , Satan !",anger
Be nice to that girl .,anger
Be quiet !,anger
Be quiet .,anger
Because I already have it .,anger
Because I did not want in your life .,anger|disgust
"Because I do not like you , Mom .",anger|surprise
Because I'm still tired .,anger
Because it didn't work .,anger
Because it hurts my ears when you do it .,anger
Because of your colonel's stubbornness we are far behind schedule .,anger
Because she can't stand him !,anger
"Because soon you'll be history . That's enough ! In the name of God ,",anger
Because this could be a threat to all life on [LOCATION] if we are reckless with this issue .,anger|fear|sadness
Because we've lived through it .,anger|joy
Been trying to raise him for hours .,anger
Before I heard about the bombing .,anger|fear|sadness
Behave yourself .,anger
Being right ain't gonna do us any good .,anger
"Believe me , I do . I think about it every goddamn day of my fucking life .",anger|disgust
"[PERSON] , I'm disappointed in you . Hiding under a nest while [PERSON] needs help .",anger|sadness
[PERSON] must be crazy .,anger
"Besides , according to your story , you weren't exactly 100 % scientist after you took it .",anger
"Besides , I have to go to the goddamn senior honours dinner tonight .",anger
"[PERSON] , is you going out of your mind ?",anger
"Better open this door , [PERSON] .",anger
Better than yours .,anger|disgust
"Between the cousins and neighbors , there were kids , always causing trouble together .",anger
Big time hurt ! Back !,anger|fear
Bigger than you .,anger|disgust
Bit dicey .,anger|disgust
Bitch !,anger|disgust
Blast off .,anger
Bloody woman .,anger
"Blow it , [PERSON] !",anger
Blowing them up .,anger|fear
"Blue , pink , yellow or orange ? - Green .",anger
[PERSON] continued to invade your privacy .,anger
Boys ...,anger
Break every mirror in the palace .,anger
Break it up . Break it up .,anger|fear
Bridge ...,anger
"Bring her back , girls , alive !",anger
Bring her in later .,anger|fear
Bring her .,anger|disgust|fear
Bring him to me !,anger|fear
Bring him .,anger|disgust
Bring my gun when you come back !,anger
"Bringin' her home in the middle of the night wouldn't help anybody , especially her .",anger
Bullshit !,anger|disgust
Bullshit .,anger|surprise
Burglars !,anger|fear
Burn this !,anger|disgust|fear
"Bury them for 24 , hours , give me time !",anger
Busted .,anger|fear
But get on with it !,anger
But hair just keeps on sprouting .,anger|disgust
But he didn't give a shit .,anger
But he kept it to himself . He kept a lot to himself .,anger|sadness
"But I do , I beat their time .",anger
But I don't give up so easily .,anger
But I don't know why because we're just having a nice evening at home watching a movie .,anger
But I just escaped from here ! Don't you understand ?,anger
But I need to know where it is .,anger
But I won't stand it any longer .,anger
But I'm always going to be a killer .,anger
But if the last powder was taken there is two days it can not be very important .,anger
But if you do not work hard you will be punished .,anger
"But if you're asking me what I want to do , I'm telling you that I haven't decided .",anger
But it soon became obvious that the senor was only mildly interested in the available talent .,anger|sadness
But it's not real .,anger|disgust
But it's The Neverending Story . I've already read it .,anger|disgust
But my shirt is wet .,anger
"But no , you had to be your stupid , stubborn , son of a bitch self .",anger|disgust
"But since you insist on being treated as one , I have no choice but to oblige you .",anger|disgust|joy
But there is a problem .,anger|sadness
But they began spreading wild rumours about steaming in circles . -,anger|fear
But they don't know that I intend to attack them without mercy .,anger
But you can not do this !,anger
"But you do remember this , don't you ?",anger
But you don't hear me complaining .,anger
But you shouldn't open other people's letters .,anger
But you still haven't answered me .,anger
But you're affecting the lives of a lot of other people .,anger
"But , [PERSON] , whatever it is that you're going through , we can help you , but you need to ... How the hell would you know what I need ?",anger
Buy it or wreck it !,anger
"By most standards , flying all the way to [LOCATION] to look for a new face would seem like going to a lot of trouble .",anger|surprise
"By next Friday , you'll have your money .",anger
By stepping on a bottle and breaking the heel of my shoe !,anger
By what right do you question me ?,anger
"C'mon [PERSON] , we got ta find her before the old lech does .",anger
"C'mon [PERSON] , hurry !",anger
[PERSON]'s bugging me .,anger|disgust
"Call it off , [PERSON] .",anger
"Calm down , fam !",anger|disgust|fear
Can he be moved !,anger|disgust
Can you believe it ? It's too tacky .,anger|disgust
Can you explain your testimony that there is more stringent posting rules for selling a motorcycle than selling a - year - old ?,anger
Can't do what ?,anger
Can't I do what I think is right ?,anger|disgust|sadness
Can't make out her name tag .,anger
"Can't shoot a kid , can you , fucker ?",anger|disgust
Can't you go in there and say something ?,anger
"Can't you see I'm playing pool , bruv ?",anger|surprise
Can't you walk faster ?,anger
Can not your brother help ?,anger
Cause I said so .,anger
"cause if you take two big bites and just swallow it , It could get stuck in your throat .",anger
"[PERSON] , you had no right to do something like that .",anger
"Chill or die , asshole .",anger
Christ ! We've got no alternative .,anger
Christ .,anger
"Christ . I don't know what you've been up to , but [PERSON] is pissing fire .",anger|fear
Civilians this time .,anger|disgust
Clang had the whole temple transported here for your sacrifice .,anger
Claymore's gonna cut his nuts off faster than a hedge clipper .,anger
Cleaning up your shit .,anger|disgust
Clear ?,anger
Close the hatch !,anger
"Close your mouth , dear .",anger
"Clowns carry horns , little rubber ones .",anger
"Cody , please ! You must listen !",anger
Col. [PERSON] has reported the theft of a gold ring . A gold ring .,anger
Collaborating with President [PERSON] is always a mistake .,anger|disgust
"Come back , here !",anger
"Come off a rumble , we'd beat the shit out of a gang .",anger
"Come on , [PERSON] . This is no place for a clergyman's son .",anger|disgust
"Come on , come on , come on .",anger
"Come on , [PERSON] . We got ta move !",anger
"Come on , damn it !",anger
"Come on , do what I tell you !",anger
"Come on , don't just dawdle .",anger
"Come on , get on .",anger
"Come on , get up .",anger
"Come on , honey .",anger
"Come on , I'm old enough to be your father .",anger
"Come on , [PERSON] , move over .",anger
"Come on , Lieutenant . What are the SEALs up to ?",anger
"Come on , man . I feel fucked up already .",anger|disgust|sadness
"Come on , [PERSON] , turn yourself in .",anger
"Come on , Mr. [PERSON] . Really .",anger
"Come on , what are you fellows gaping at ?",anger
Come on ! Come on ! - No !,anger
Come on ! You're gonna break your guitar . Come on .,anger|disgust|fear
Come on . Are we doing this again ?,anger
Come on . Cut it out .,anger
"Come on . Go , just go .",anger
Come on . I got a schedule to keep .,anger
Come on . Stop complaining .,anger
Come on . The whole point of these takeovers is to sell off the assets and put old farts like me out to pasture .,anger|disgust
"Concocted all kinds of false information about weapons of mass destruction which [PERSON] did not have , and it was known in intelligence circles he didn't have .",anger|disgust
"Congratulations , Rock ...",anger
Congressman [PERSON] is minutes late as usual .,anger
Convince yourself that way .,anger|sadness
Coochie ...,anger
"Cops are on strike , stupid .",anger
Copycat !,anger
Could have used this a week ago .,anger
Could you guys shut up in there ?,anger
"Could've told the truth , fucked them all , had the cigarette with me . That is such bullshit !",anger
Cover up her mouth !,anger
Coward !,anger|disgust
"Cross , man , it's gonna cost you .",anger
Cut it out .,anger
"Cut out all that talking , [PERSON] .",anger
Cut the conversation .,anger
Cut the shit .,anger|disgust
Dad !,anger|fear|sadness
"Damn it , get in here !",anger
"Damn it , Hob , [PERSON] needs us !",anger
"Damn it , shut up !",anger
"Damn it , stay back here .",anger|fear
Damn it .,anger
Damn you !,anger
Damn !,anger|sadness
Damn .,anger|disgust
"[PERSON] , you're going too fast .",anger
"Darn it , [PERSON] .",anger|disgust
[PERSON] hates caffeine .,anger
"Dear Senator , have you got any idea what it takes to get a bill passed ?",anger
Decker's been calling again .,anger|joy
Defend yourselves !,anger|fear|surprise
Designed to make your life a more annoying place to be .,anger
Dickhead .,anger
Did I hear Lieutenant Junior Grade  ?,anger|surprise
"Did I spend 9 , years with matadors not to learn about fear and safety ?",anger
"Did it ever occur to you , [PERSON] , that the prince looked everywhere for [PERSON] just so that he could put the shoe back on her foot ?",anger
Did not it have to be resting ? Yes .,anger
Did the Lord say : His Pa is a sinner and not meant to be happy ?  - No .,anger
Did ya ? There was a razorback in my truck !,anger
Did you bring that guy in here ?,anger
Did you ever get my flowers ?,anger|sadness
"Did you get drunk , dance in your underwear , and sing sea shanties ?",anger|disgust
"Did you got , like , baby einstein show with him ?",anger
Did you have a warrant to search his trunk ?,anger
Did you hear me ?,anger
Did you hope to go unnoticed here ?,anger
Did you think we don't know about your affair with a government official ?,anger|surprise
Did you try to break into [PERSON]'s house the night of the murder .,anger
Did you write me that letter or not ?,anger
Didn't you hear me ? I said go away !,anger
Didn't you tell me to call you in five minutes ?,anger
"Die , you bastard !",anger
Die ... damn it !,anger
Divvy bitch !,anger|disgust
Do as I tell you !,anger
Do everybody . How soon ?,anger
Do exactly what I tell you and there won't be any problems .,anger
Do I have to find out for yourself ?,anger
Do not be foolish !,anger
Do not leave fingerprints !,anger|fear
"Do not lie to me , [PERSON] .",anger
"Do not lie you know , [PERSON] .",anger|disgust
Do not ruin kamoja .,anger|disgust
Do not say that .,anger
Do not say to me that I have anything to live for .,anger
Do not talk about that son of a bitch .,anger
"Do not think that I do not agree with everything you say , [PERSON] , but I. . .",anger|fear|sadness|surprise
Do not trifle with your luck .,anger
Do people think I'm a carbon copy or a second - rate pretender who only got a shot because of my skin tone ?,anger|fear
Do something with yourself for pity's sakes .,anger|disgust|surprise
Do something !,anger|fear
Do we give the impression of people who are pressed for money ?,anger
Do what he says :,anger|fear
Do what he says .,anger
"Do you accuse me , Mr. [PERSON] ?",anger
Do you expect me to believe this ?,anger
Do you have to cheat at everything ?,anger|disgust
Do you have to make such a racket ?,anger
Do you know Turn the car around and take me to my hotel  ?,anger
Do you question my word ?,anger
Do you see how this affects [PERSON] ? You don't ?,anger
Do you think I do ?,anger
Do you understand what I'm saying ?,anger
Do you want to be a truck driver again ?,anger
Do you wish me to translate [PERSON]'s letter or not ?,anger
"Doctor's here to examine you , freak just so no one can say we laid one finger on you .",anger
Does anything ever happen here ?,anger
Don't  Your Majesty  me !,anger
Don't a man have a right to know what he's signing on for ?,anger
Don't ask me why .,anger
Don't be an idiot .,anger|disgust
Don't be daft !,anger|disgust
"Don't be fresh , dear .",anger|disgust
Don't be nostalgic .,anger
"Don't be rummaging through my private documents , [PERSON] .",anger
Don't be sneaking up on me like that .,anger
"Don't be so sentimental , [PERSON] .",anger
Don't be such a noodle .,anger|disgust
Don't be sure .,anger|disgust
Don't be tricked by his devilish voice !,anger
Don't bother to get up I'll take care of myself,anger
Don't bother your daddy now .,anger
Don't bother .,anger
Don't call me commander .,anger
Don't call me .,anger
Don't come in !,anger
Don't come no closer !,anger
Don't even breathe !,anger
Don't even think about it .,anger
Don't ever do that to me again !,anger|fear
Don't exaggerate .,anger
"Don't fight , [PERSON] .",anger
"Don't Freud me , [PERSON] . You're not qualified .",anger|disgust
"Don't fuck with me on this one , [PERSON] .",anger
"Don't fuck with me , you know ?",anger
"Don't fucking kill him , we've got business to sort out !",anger
"Don't give me that . I know enough about weights and measures to know holes aren't allowed , no corrective holes .",anger
"Don't imagine things , [PERSON] .",anger
Don't joke .,anger
"Don't kick me , I won't shut up .",anger
Don't kid yourself .,anger
Don't let her order you around .,anger
Don't let that cop get away with this .,anger|disgust
Don't listen to him or we'll all be slaughtered .,anger
Don't look at me like that .,anger|disgust
Don't look at me with those soft - boiled eggs .,anger
Don't look at me .,anger|fear
Don't make me shoot you .,anger
"Don't mess around with it , and it won't mess with you .",anger
Don't mind [PERSON] .,anger
Don't mind them .,anger|joy
Don't need anybody right now .,anger
Don't point that fucking thing at me . Take it off .,anger|disgust
Don't pretend you don't know the reason .,anger
Don't push it !,anger|fear
"Don't push me too far , [PERSON] .",anger
Don't question my decisions again .,anger|disgust
Don't raise your voice to me .,anger
Don't ruin it .,anger
Don't run away !,anger|sadness
Don't show it to me .,anger
Don't sit down .,anger
Don't slouch .,anger|disgust
Don't start that again .,anger
"Don't start , [PERSON] .",anger
Don't take me like I'm some corner dealer !,anger
Don't talk like that .,anger
Don't tell me I did that !,anger
Don't tell me that you're above temptation .,anger
Don't tell me to take it easy !,anger
Don't text me .,anger|disgust
Don't think I'm too scared of [PERSON]'s gang to do what's necessary .,anger
Don't think my Pa was a pervert then .,anger
Don't touch me .,anger|disgust
Don't touch that television !,anger
Don't touch the money !,anger
Don't try and tell me the runway's too short .,anger
Don't try to be so sarcastic .,anger
Don't try to change the subject .,anger
Don't try to tell me my business .,anger
Don't walk away from me .,anger
Don't want any more of that .,anger
"Don't waste my time , comrade .",anger
Don't you call my husband names !,anger
Don't you dare turn that off !,anger
Don't you dare .,anger
Don't you doubt Miss [PERSON]'s word !,anger
Don't you ever say that to me again .,anger|disgust
"Don't you forget that I'm still the headman around here , too .",anger
Don't you get it ?,anger
Don't you have any idea where you're going ?,anger|fear
Don't you know it's bad to light forest fires ?,anger|disgust|surprise
Don't you raise your voice to me !,anger
Don't you recognize me ?,anger|surprise
Don't you say a word unless I ask you to .,anger
Don't you see me standing right here ?,anger
Don't you see they don't need you ?,anger
"Don't you see what's happening ? If you don't find me a killer , there is no fucking office !",anger
Don't you think I know how you plan to get out ?,anger|disgust|surprise
Don't you think I know it ?,anger
Don't you understand ?,anger|fear|surprise
Don't you understand ? !,anger
Don't !,anger|fear
Done .  With what ?,anger
"[PERSON] , leave the room .",anger
"Dorcas , it brings me stamps , please .",anger|disgust
Down with the King .,anger|disgust
"Drained their life savings , ruined hundreds of lives , and made off with over $ million .",anger|disgust
Drive !,anger|fear
"Driver , I'm a little disappointed in you !",anger
Drop gun .,anger
Drop it or the little shit's dead !,anger
"Drop it , okay ?",anger
Drop that cannon .,anger
Drop that wood !,anger
"[PERSON] , open your fucking eyes !",anger
"[PERSON] gave me my title shot , you didn't .",anger|sadness
Eat shit !,anger
Eat your breakfast and forget it .,anger
Either he falls in line or I'll break him so open they won't find the pieces .,anger
"Either way , murder or suicide , I'd say he deserved it , wouldn't you ?",anger|disgust|joy
"Either you come here to find out the mess , or we take your family .",anger
"Either you take care of yourself or I , too , shall resign .",anger
"Elder , if you have something to say , just say it",anger
Elder ...,anger
"Emily , why are you still using your mother's phone ?",anger
"Emotionally , she's a child .",anger
"End of the line , asshole .",anger
"Enjoying the party , Captain [PERSON] ?",anger
Enough of your tricks !,anger
Enough with the water .,anger|disgust|sadness|surprise
Enough !,anger
Ensign [PERSON] called and told me that you were in trouble .,anger|surprise
Enter !,anger
Environmentalists call it a disaster .,anger|surprise
"[PERSON] , come on , damn it !",anger
Especially not to throw away your career with this team .,anger|disgust
"Even if I told you what was the matter with you , you wouldn't admit it .",anger
"Even if I were wearing a wire , this noise would wreck the tape .",anger
Even if it could be your involvement with drugs has vindicated me .,anger|disgust
"Even in one of yours , I would have thrown this glass at him .",anger
"Even so , quite wrong to threaten . Not the way to treat an enlisted man .",anger|sadness
Ever since Case took over the firm .,anger|disgust
Every living being is capable of attack ... if sufficiently provoked .,anger
Every one of them terrible .,anger|disgust
"Every time I run into you , you tell me whatever shady thing just went down was about the greater good or that it didn't happen , or this , that , or the other .",anger
"Everybody calls you plain [PERSON] , why can't I ?",anger
Everybody forgot about it but me .,anger|disgust
"Everybody out , now !",anger
"Everybody thinks they're humorous , but they're not .",anger
Everything is corrupt and incompetent .,anger|disgust
Everything there can be interpreted as an attempt to enforce discipline .,anger|disgust
Exactly how you disrupted their state's vote .,anger|disgust
Exaggerate .,anger
Except never take drugs and go to AA meetings for the rest of your life .,anger|sadness
Except you honked the fucking horn .,anger|disgust|surprise
"Excuse me , I'm looking for a man .",anger
Excuse me .,anger
Excuse me ...,anger|fear
Explain yourself .,anger
[GAY SLUR] .,anger|disgust
"False alarms were common , And they didn't help our morale .",anger
Father [PERSON] can't keep his hands to himself .,anger|disgust
"Father , he might betray you !",anger|fear
"Feet ! Feet , you fool !",anger
Fight for real !,anger|sadness
Figure out which one you are and call back .,anger
Find out where they take the cash .,anger
Find someone else to sing about .,anger
"Find the most tender and vulnerable , to destroy his heart .",anger
Fine mess you got me into .,anger
"Fine , till you come along .",anger
Fine !,anger
Fine .,anger|joy
"Fine . Actually , perfect .",anger
Fine . You win .,anger|disgust
Fire the security department !,anger
"First we steal his gun , then we shoot .",anger
"First you waste my time , then you get my name wrong !",anger
"First , take him to the station .",anger
Five more minutes . - No !,anger
"Flo , if I wanted anything else , I'd call [PERSON] here .",anger
Fog your mind so you can't remember a darn thing .,anger
Fool .,anger
"For chrissake , where did she come up with [PERSON] ?",anger
For [PERSON]'s sake !,anger|surprise
"For God's sake , June !",anger|disgust|surprise
"For God's sake , listen to me !",anger
"For God's sake , shut that up !",anger
"For God's sakes , put yourself in my position .",anger
"For heaven's sake , stay there !",anger
"For if I'm not physician , how is it I know that you're a dying man ?",anger
"For once in my life , I'm telling --",anger
"For the love of God , [PERSON] .",anger|disgust
"For the tenth time then , will you stay out of this [PERSON] thing ?",anger
For what ?,anger
"For your information , I was at [LOCATION] .",anger
"Forget it , that's enough .",anger|sadness
Forget it !,anger
Forget it .,anger|sadness
Francis !,anger
"Francis ! Pay the guy , will you ?",anger
"From here on , your education must continue in the school of war .",anger|disgust
From this moment it is death to him who wears the ring .,anger
Fuck 'em .,anger
Fuck him .,anger
"Fuck it , man .",anger|sadness
Fuck it !,anger
Fuck it . I start with me .,anger
"Fuck off , [PERSON] .",anger
Fuck off !,anger
Fuck off .,anger
Fuck [LOCATION] .,anger|disgust
Fuck only knows why [PERSON] lets them in .,anger|disgust
Fuck the law .,anger
Fuck the office !,anger|disgust
Fuck the process !,anger
Fuck them !,anger
Fuck this shit .,anger
"Fuck you , [PERSON] .",anger
Fuck you !,anger|disgust
Fuck you .,anger|disgust
Fuck your goddamn cleaner !,anger
Fuck !,anger
Fuck ! Fuck !,anger|sadness
Fuck .,anger
Fuckin' machine took my quarter .,anger
Fucking bitch !,anger|disgust
"Fucking come on , then !",anger
Fucking cops always forget something .,anger|disgust
Fucking [GAY SLUR] .,anger|disgust
Fucking gas company .,anger
Fucking six ...,anger
"Get a bat , that's a boy .",anger|joy
Get along with it .,anger
"Get away from her , you bitch !",anger|disgust
Get away from that wood !,anger
Get back in ranks !,anger
Get back on the job .,anger
Get back !,anger
Get between the treads !,anger
... Primitive,disgust
"♪ Slimy , cold seaweed dishes when they ate it ♪",disgust
A boy that I watched grow up was in that car that you threw the hornets into .,disgust
A cockroach !,disgust
"A couple months in solitary will cool you off , bugger .",disgust
A glamour girl who does not even smoke .,disgust
A lie .,disgust
A man who has come here as a fool .,disgust
A man who would come here as a virgin .,disgust
A manicure and a haircut wouldn't do any harm .,disgust
"A marriage bed is made for two , but every damn morning , it's the woman who has to make it .",disgust
A real Jekyll and [PERSON] .,disgust
A rebel .,disgust
A setup !,disgust
A skinhead in our bar .,disgust
about jealousy .,disgust
According to some estimates we can not track . trillion dollars in transactions .,disgust
Act your age !,disgust
Admiral's party approaching .,disgust
"After marrying , clear what ...",disgust
"After that pathetic scene in the parking lot , she is fucked and should resign .",disgust
After that we found out that it wasn't the Russians .,disgust
After we get to the capital whatever the emperor does to you is not me responsibility,disgust
"Ah , he's peeing on me !",disgust
"Alas , if he were brave this would not be necessary .",disgust|sadness
"[PERSON] , what the hell have you done to the coffee ?",disgust
"All right , so we got ourselves a real live rat , right ?",disgust
"All right , you big bastard , come on .",disgust
"All right , you rat prick .",disgust
"All she could do was drink and cry , like you .",disgust
All she do is waggle her hips and shake her behind .,disgust
All the best fools come from [LOCATION] but only a greater fool would go there .,disgust
All you people don't know about lost causes .,disgust
All you want is my money .,disgust
Almost looked like they were nude .,disgust
"Also , I don't like nobody touching me .",disgust
"Am I , [PERSON] ? - No .",disgust|sadness|surprise
An arsonist is a person that sets buildings on fire for profit or perverse excitement .,disgust
An end to the human race that has plagued this pretty planet for far too long .,disgust
An evil spirit took by corpse and won't let me rest in peace,disgust|sadness
"An honorary stooge like me against the Taylors and Paines , the machines and the lies .",disgust
"And a bad king is bad king , and worse one if he's [PERSON] .",disgust
And a nose just like a rudder .,disgust
And anyone who doesn't do right according to nature and my mother I will blow his head off .,disgust
"And as for taxes , how many millions have you in tax - exempt bonds and oil wells , whose power of production your government so generously protects , while it denies similar benefits to the human brain ?",disgust
"And as for you ... whatever it is you're hatching , forget it , or end up dead .",disgust
"And as long as you terrorize me , I'm gonna fight you .",disgust
And dead fish .,disgust
And every single one of those memories that you're so desperate to pry out of his damaged brain can turn him right back into it .,disgust|fear|sadness
"And goddamn it , tuck up those pyjamas !",disgust
And he calls me an asshole !,disgust
And he was isaac the dreamer . - ( yawns ),disgust|joy
And I don't like nobody touching my stuff !,disgust
And I don't need you to drop your suit because you have no case .,disgust
And I don't want someone coming here when you do tell them after you hang up .,disgust
And I feel sick about it .,disgust
"And I just disagreed with them , completely .",disgust
And I refuse to assist you in the rape of the [LOCATION] .,disgust
"And if one more guy makes a pass at me , I'm going to sock him in the face .",disgust
And if you don't understand plain English ... maybe there's something else you will understand .,disgust
And m the tooth fairy .,disgust
And nice earrings for a streetwalker .,disgust|surprise
And no promises on the sentence .,disgust|sadness
And none of us used to carry guns .,disgust|sadness
"And not for Mr [PERSON] , love him as I may .",disgust
And shave off that dreadful moustache .,disgust
And sometimes I think some junkie nurse may be stepping on my medication .,disgust
"And that you not only look like , but you are , a mess of worms .",disgust
"And that , that caused me to do the most dumb - ass thing I've ever done in my life .",disgust|sadness
"And the smell -- it lingers , you know .",disgust
And there's a big difference between love and infatuation .,disgust
And there's the black hand that did the dirty deed .,disgust
And this smog doesn't help anyway .,disgust
"And those working in the [LOCATION] Project developing the atom bomb were told that any secrets that they disclose would result in ten years in prison , or an equivalent of a $ , fine .",disgust|sadness
"And we are no longer victims of this violent , convulsive act , which so debased women and betrayed men .",disgust
And we'd like you to explain it to the sister superior .,disgust
And what better than to sacrifice one of the beast's own servants whom we caught masquerading as a holy sister of the Mother Church ?,disgust
And what she did was she ... Brought her into a life of hell .,disgust|sadness
"And when I'm dead on the altar of my country , I hope your conscience irks you .",disgust
"And without [PERSON] , it's better to let these people with the black suits and the Swiss haircuts worry about things you and I don't begin to understand .",disgust
And you are the biggest liar of all !,disgust
And you know how vain women are .,disgust
Another example of the pastoral beliefs you Anglicize .,disgust|sadness
Another keen son of a bitch .,disgust
Anybody connected with drugs deserves to die .,disgust
Anybody who takes money out of this bank is crazy .,disgust
Anybody would be ashamed of that .,disgust
Anything that man tells me will be a lie .,disgust
"Anyway , the president of this teamster local back east set up a phony welfare fund , right ?",disgust
"Apparently any mother , even a bad one , is better than none .",disgust
Apparently my birth was not considered a blessed event .,disgust|sadness
"Apparently , Prince [PERSON] thought that was a very important ...",disgust
"Are you a human being , inspector ?",disgust
Are you a scarecrow's son ?,disgust
Are you confessing to this ? - Yes . I confess .,disgust|sadness
Are you drunk ?,disgust
Are you gonna retire or not ?,disgust
Are you nuts ?,disgust
Are you really that quiet ?,disgust
Are you still here ?,disgust
Are you sure you want to escape from it ?,disgust|surprise
Are you vulnerable to him in any way ?,disgust|fear
"As a so called one percenter motorcycle club , [PERSON] are notoriously violent .",disgust|fear
"As I step into the rat catcher , the first thing I notice , besides the smell of rancid beer and stale piss , is the tension .",disgust
"As if he isn't going to be hurt enough , she has to twist a knife in him too .",disgust
"As it happens , you are hardly in a position to have anything to say about it .",disgust
"As you say , a foolish article .",disgust
At bottom she's a very dull girl and the life she pictures for herself is the life she belongs in .,disgust
"At my age , corrected by an illiterate .",disgust
"At the moment , no .",disgust
"Aw , [PERSON] , now what ?",disgust
"Away from all the words , the monuments , the whole rotten show .",disgust
Awkward ass .,disgust
Bad dog !,disgust
Bastards !,disgust
"Bear in mind she's a foreigner , so prepare for hysterics , even a fainting spell .",disgust
Because I do not like my mother .,disgust
"Because of this attempted prison break , [PERSON] would have to serve additional time .",disgust|sadness|surprise
"Because we are food for worms , lads .",disgust
Because you like power .,disgust
"Because you talked me into this , that's why , you idiot !",disgust
"Before proceeding further , I'll remind the visitors in the gallery that they are here as our guests and should conduct themselves as such .",disgust
"Besides , I really do repent . Really .",disgust
Better you than your mother .,disgust
Bitch .,disgust
Black powder and worse ...,disgust
"Bodies strung out , bodies with the skins ripped off , the hearts torn from the cadavers .",disgust|sadness
[PERSON] was my prisoner .,disgust|sadness
Both those guys on the trailer are in it .,disgust|fear
"Bought in to fool people into thinking they were aliens , yeah .",disgust
"Boys , sweep them out of the gutter .",disgust
"[PERSON] , you don't like this job any more than I do , do you ?",disgust
Burn them all away .,disgust
But a little more of your stupid behavior and even the respectability of my house won't shield you .,disgust
"But for now , there is sufficient cowardice , sloth and mendacity down there on Earth to last forever .",disgust
But he became such a damn pest that I left [LOCATION] .,disgust
But he's talking about the illegal part of it .,disgust
But I can't express myself monosyllabically enough for you to understand 'em all .,disgust
But I had locked the briefcase of the [PERSON] in the morning following to her death .,disgust
But I told you never to fight a street fighter fight .,disgust|sadness
"But if [PERSON]'s an angel , why ain't he in Heaven ?",disgust|fear|sadness|surprise
"But if we work hard together and if fortune smiles on us , we'll be able to make you into a human being .",disgust
But the gun shoots death and purifies the earth of the filth of brutals .,disgust
But the hair is rotten here .,disgust
But then you have to live with it .,disgust|sadness
"But when I'm lining up a deal , I don't want any dancehall woman listening in !",disgust
But you haven't had much respect for them .,disgust
But you needn't go on account of this idiot .,disgust
But you're lying .,disgust
But your love does not match your lust for power .,disgust
"But , God , people can be rude .",disgust
"But , I , after spending years I found not a shred of evidence that we have alien visitors in our skies .",disgust
"But , in a democracy , we do not shoot unarmed suspects on sight for a murder in which their participation is still unproven .",disgust
"But , [PERSON] , he dresses like the man that cremated Uncle [PERSON] .",disgust
"But , of course , she's lying .",disgust
by getting blackout drunk .,disgust
By making a lot of idiotic loans ?,disgust
"By the time they take the mortgage payments out of my paycheck , there's not enough left to buy you a fuckin' box of tampons !",disgust
Can you imagine her traveling around the world with a camera bum who never has more than a week's salary in the bank ?,disgust
Can't pay his bills .,disgust
"Careful now , I have feelings like a real human being .",disgust
"[PERSON] , this is intolerable !",disgust
Certainly making a fool of yourself .,disgust
"Champion of dumb animals , ladies in distress , lost kids and lost causes .",disgust
"[PERSON] , she tore the fuckin' place apart .",disgust
Christ . What a dump .,disgust
"[PERSON] , I can't make it so soon ...",disgust|sadness
Coco sounds like she caught the old man cheating again .,disgust
"Come here , you lazy , no - good son of mine !",disgust
"Come on out , you bastards !",disgust
"Come on , [PERSON] . You can't have them .",disgust|surprise
"Come on , cut that shit out .",disgust
"Come on , don't be a fool .",disgust
"Come on , show yourself , you coward .",disgust
"Come on , you flabby old goat , give it to me .",disgust
"Come on ! No , no , I don't want to go to the women's gymnasium .",disgust|fear|sadness
"Come on ! What's it mean , anyway ?",disgust
Come on ...,disgust
Concentrating on a few pieces of onerous legislation is not a plan .,disgust
"Contempt for the law , that's what you've got .",disgust
Course they gave him a big hunk of money for a settlement . Don't nobody know how much it was .,disgust
Cowards !,disgust
Crazy out of your skull .,disgust
Creeps .,disgust
Daddy . You want to name her daddy ?,disgust|surprise
"Damn , I thought she had better taste than that .",disgust
Damnedest thing I ever did see .,disgust
"Dear , a mere child .",disgust|fear
Despised him .,disgust
Did you come to see me for the same reason as the man with sweat on his face ?,disgust
Did you spend every cent you ever made ?,disgust
Disappear .,disgust
Disgusting .,disgust
Do I have to bother with that shit ?,disgust
Do some more rolling and tossing and thinking about it .,disgust
Do something please !,disgust|fear
Do we have to sit with them ?,disgust|fear
Do what ?,disgust|surprise
Do you always lie ?,disgust
Do you know what they say about girls who play ?,disgust
Do you think I'd be grateful for an easy life when my friends are treated like animals ?,disgust
Do you think we'd better let it go at that ?,disgust
"Do your friends put money in your pocket , [PERSON] ?",disgust
Does the clown work for [PERSON] too ?,disgust
Doesn't the prestige of the Bolsheviks mean anything to you ?,disgust
"Don't be a fool , woman .",disgust
Don't be a fool .,disgust
Don't be so impolite in the future,disgust
Don't come back here  - that's a bit like saying :  Do not read this note  .,disgust
Don't do anything foolish .,disgust
"Don't even , no . Don't look at me !",disgust
"Don't ever try to come in between , you smart - eyed slob .",disgust
Don't get too used to those long lunches .,disgust
Don't give me all that sally army stuff .,disgust
Don't I know you from somewhere ?,disgust
"Don't lie to me , you pepper gut .",disgust
"Don't mind my saying so , but why don't you do something about your hair ?",disgust
"Don't talk rot , [PERSON] .",disgust
Don't touch me unless you love me .,disgust
Don't touch me !,disgust
Don't you call my husband ...,disgust
Don't you consider this a public responsibility to respond now ?,disgust|surprise
Don't you find that kind of disturbing ?,disgust|fear
Don't you have any principles ?,disgust
Don't you have any respect for yourself ?,disgust
Don't you realize that Americans dislike having their children stolen ?,disgust
"[PERSON] , you of all people should understand by now that to me , they're the same thing .",disgust
Dopehead mothers . Garbage blood .,disgust
"Dressing is common courtesy , [PERSON] .",disgust
Easterner speaks with forked tongue .,disgust
"Eighteen years on the force , six on Narcotics , four on Safe and Loft and the guy's never fired a gun .",disgust|sadness|surprise
Either you're a fool or an inhuman woman .,disgust
Enough to spread you out like a crazy woman's quilt .,disgust
"Er , you were arrested for being carried by a motor vehicle taken without consent , and resisting arrest .",disgust
Erm ... I was just coming to that .,disgust
Escort him out of the building .,disgust
"Essex , when will you realize how vital it is not to make enemies at court ?",disgust
Even before [PERSON] you refuse to reveal your true appearance !,disgust
Even if this room gets filled with lies like these and the Taylors and all their armies come marching into this place .,disgust
"Even so drunk , your brain is the greatest this side the [LOCATION] .",disgust
even though it continues to dominate the market for sex ads .,disgust
"Ever since they lost our luggage you have been sourcastic with me , and irritable , and insensitive and intolerant !",disgust
"Every day , you give this azupep a dollar for sweeping our sidewalk .",disgust
"Every little sin and misdemeanour , raked over and over .",disgust
"Every spring , the toilets explode .",disgust
"Every sucker for himself , I guess .",disgust
"Every time it rains , it gets all yucky .",disgust
"Everything seems to have a bite to it , and I'm smelling like an old sheepherder .",disgust
Everything these days is pictures .,disgust
Everything you've got !,disgust
"Everything's funny to you , ain't it , needle nose ?",disgust
Except when you're throwin' up in the back of [PERSON]'s Chevelle .,disgust
[GAY SLUR] everywhere .,disgust
"Filth making filth , making filth .",disgust
Find out where he hides them deeds and all the stuff he's been stealin' .,disgust
Find out which of the creeps she put away is out on parole .,disgust
"First they denied , and then they equivocated ...",disgust
"For a celebrated bounder , that is an awful admission .",disgust
"For a moment , I thought you were a man .",disgust
For being the biggest dickhead I ever went out with .,disgust
For far too long .,disgust
"For four years , and now it's over . For four years , I've invited the guests and bought the favors and provided the entertainment and cleaned up the dirt and paid off the waiters and paid off the cops and paid off the papers and paid off the guests .",disgust|sadness
"For the hospital , for the seriously sick .",disgust
"For three months , we've been listening to that sad sack spout his unhinged tirades , day in and day out , because we were promised % of the ransom .",disgust
For you to become a murderer ?,disgust|sadness|surprise
Found hair in your comb .,disgust
Frank . The Benzedrine's got my teeth wiggling .,disgust
"From a year of war you've become lazy , a drunkard and a coward .",disgust
"From the moment you surrendered , you ceased to be soldiers .",disgust
Fucking cannibal .,disgust
Fucking honey dripper .,disgust
"Get a job , dummy .",disgust
Get him in the corridor .,disgust
Get in .,disgust
Get naked and tell me the truth about my money .,disgust
"Get off your ass , get a job and get a fucking life .",anger|disgust
Get one more car done and we'll see .,disgust
Get out of the way !,anger|disgust
"Get outta here , you goddamn parasite .",disgust
"Get rid of him , [PERSON] .",disgust
Get that piece of pigshit out here .,disgust
Get the fuck back !,anger|disgust|fear
Get up ! They won't fuck with us in the water ! Come on !,disgust
"Getting raped on a daily basis by upwards of adults a day , having at these seventh grade kids any way they want .",anger|disgust|fear|sadness
"Give him a break , would you ?",anger|disgust
Give it up .,anger|disgust
Give me some information . Something . Anything !,anger|disgust
Give the bitch to me .,disgust
Give us a statement ! Dozens are dead .,anger|disgust|sadness
"Go ahead , [GAY SLUR] .",disgust
Go away ! I won't let it happen .,disgust
Go call your pimp to look after you !,disgust
Go home .,anger|disgust
"Go to your girlfriend's or a hotel , but don't come home .",disgust
"God damn , I better not see her naked on payday .",disgust
"God knows why , but they want this strike .",anger|disgust
"God , it's ugly here .",disgust
"Goddamn it , [PERSON] .",anger|disgust
Goddamn little bitch secretary .,disgust
"Goddamn , that thing's got more holes than my daddy's rubber .",disgust
Grow up . Leave your mother .,disgust|sadness
Grown - up men playing with monkeys .,disgust
Guy ought to have his ass removed .,anger|disgust
"[PERSON] , get back upstairs with the brat .",disgust
"[PERSON] , you fool !",disgust
Happy ? !,anger|disgust|sadness
Has been infected with a new strain typhoid ?,disgust
Hasn't got a halfpenny to his name .,disgust
Have a drink with the unwashed .,disgust
"Have you a sales force , or are you still relying on divine intervention ?",anger|disgust
Have you been drinking ?,disgust
Have you no patriotism ?,disgust
Have you thought for a moment about her ?,anger|disgust
He accused me of selling out .,anger|disgust
He ain't God .,disgust
He ain't gonna put out bucks on a lousy pair .,anger|disgust
He ain't worth the stress .,anger|disgust
He attacked your bitch .,anger|disgust
He bought it the day following his appointment to the Senate and is using his privileged office for his own personal profit !,disgust
He did that night .,disgust|fear
He don't even work .,disgust
He don't get it .,disgust
He dropped his old - fashioned wrench .,disgust
He forgets easy what that money cost me .,anger|disgust
"He had a bad moustache , a lot of bad habits .",disgust
He hates everybody .,anger|disgust
He hit me .,anger|disgust
He humiliated me !,anger|disgust|sadness
He is an upwardly - mobile super-achiever and lives in a condo on [LOCATION] .,disgust
He is unworthy of command .,disgust
He just got drunk and stared .,disgust
He killed more people than cholera .,disgust
"He laid me out , strung me up and then ...",disgust
( isaac crying ) - it's cranky time .,fear
( laughter ) woman :,fear
* don't want to be re-re-re-repossessed * * re-re-re-repossessed,fear
* Uh-oh uh-oh ... Why did you take down the [LOCATION] Lace number ?,fear|surprise
A bomb ?,fear
A boy is dead and my son and husband are still out there .,fear
A cop having a nervous breakdown might have shot two drug dealers . They might have .,fear|sadness
A dead animal !,fear|surprise
A deal is impossible .,fear
A deception ?,fear
A force of nature capable of giving rise to all things wicked ?,fear
A gunfight .,fear
A lot of firepower .,fear
A lot of the gauges over the engineer's ... panel are broken .,fear
A man died from looking at his wife .,fear
A man dropped you off unconscious . Who ?,fear
A man was killed in his plane and bled all over him .,fear
A river patrol just fished a girl out of the water .,fear
A strange ship was sighted running out of the storm .,fear
"A strange voice , a set of instructions that might have come from anywhere .",fear
A vampire ...,fear|surprise
"A vast area would be uninhabitable , with many cancer cases later .",fear
A whale can jump up like an earthquake and come down on you like a mountain that somehow put to sea .,fear
"A whale can stave in the ribs of the biggest ships , swallow whole crews , pick its teeth with the oars .",fear
"Aarfy , if anything happens to me , will you take care of my girl ?",fear
Act natural .,fear
"After this , I doubt we shall be allowed to live at all .",fear
Ain't no way in the world I'm goin' up that path .,fear
"[PERSON] , I am in danger .",fear
All I ask of you is be careful .,fear
All I could think of was that they were going to kill me .,fear
All killed ?,fear
"All right , for those people on the street , if there's any trouble , collapse on the house . Those inside , stay inside .",fear|surprise
"All right , let's get the hell out .",fear
All right . Nobody move .,fear
All that noise and fire ...,fear
All the flight crew is ... either dead or ... or badly injured .,fear
All we want is to live on the land of our fathers in peace .,fear
Almighty Sir ... do not drop us in the claws of the eternal death ...,fear
Am I a criminal for that ?,fear
Am I really good enough ?,fear
Am I sure ?,fear|surprise
An enemy had saved my life by the violent murder of one of my best friends .,fear
"And as I was relating this to him , our missiles started shutting down one by one .",fear
And her blood is a deadly venom .,fear
"And I felt real scared , [LOCATION] .",fear
And I haven't seen her since .,fear|sadness
"And I panicked , and I lied .",fear|sadness
And I was thinking ' Why haven't they arrested us ? ',fear|surprise
"And if he doesn't get it , he goes into bankruptcy and throws 900 , men out of work .",fear
And it starts creating the specter of a threat .,fear
And [PERSON] was trying to kill him .,fear
"And lock your doors while you're driving , Because there is no telling what kind of hustlers Can come up to your car .",fear
"And now the kidnappers are playing them against each other , trying to get the $ million .",fear
And now we need a law enforcement unit able to meet the enemy on his own ground and carrying enough firepower to get the job done .,fear
"And nowhere is more dangerous than their local bar , the rat catcher .",fear
"And that scares the shit out of me , kid .",fear
And that's another reason why you don't speak about it .,fear
"And the more dangerous you are , the shorter the options on your future .",fear
And the next Backpage is gonna come along unless we fix the CDA .,fear
And then there is always a possibility that ... - you won't survive that long .,fear
And then they'll kill us !,fear
And then tolerance fades and faith turns to anger .,fear|sadness
"And there she was , dead .",fear
And time was running out fast .,fear
"And whoever it was tried to murder me , too .",fear
And yet with all that ... they still want to try it again ?,fear
And you must trust me when I say it's likely we're all going to die .,fear
and you will be responsible for keeping weapons out of space .,fear|surprise
"[PERSON] , most can barely walk .",fear
Another $ ? - That was from way before .,fear
"Another big guy , he pulls his badge , and he says :",fear
Another dead end .,fear
"Any trouble , call on the phone .",fear
Anybody could be wrong .,fear
Anyone in your vicinity is in danger .,fear
Anything serious ?,fear
"Anyway , I practically had to beg her to take plastic , and you know how backed up that is .",fear
"Anyway , um , I might need some help translating that .",fear|sadness
Apparently there's been a bomb and some shooting in the street .,fear
Are they all shark victims ?,fear
Are they gonna get in ?,fear
Are we in danger ?,fear
Are you buried alive ? No .,fear|surprise
Are you following me ?,fear
Are you gonna faint ?,fear
Are you gonna shoot me ?,fear
Are you OK ?,fear
Are you sitting down ?,fear
Are you suggesting that I killed those women ?,fear
Are you sure it's him ?,fear|surprise
Are you sure you really love me ?,fear
Are you sure ?,fear
Are you taking care of yourself ?,fear
Are you trying to get me killed ?,fear
Are you trying to kill me ?,fear
Are you upset ?,fear|surprise
"Around about midnight , the ghosts and banshees get together for nightly jamborees .",fear
"As bad as it was having her missing , it was so traumatizing to hear these words coming from your - year - old child .",fear|sadness
As long as they're not dead ...,fear
Ask him how we'll get outta here .,fear
Asses burnt to a cinder .,fear
At night the executioner can't tell one from another,fear
"At that rate , we only have three weeks .",fear
At the convention anything can happen .,fear
"Aye , it might be the monster , all right !",fear
"[PERSON] , no !",fear|sadness|surprise
Back to Righteous villa ? It's haunted !,fear
Banks today have got to be careful .,fear
"[PERSON] , what's the matter ?",fear
"Be careful , you'll put my cigar out .",fear
Be careful !,fear
Be careful .,fear
Be warned . she usually means exactly what she says .,fear
Because you were frightened for the safety of yourselves and your unborn child ?,fear
"Behind us ! - Oh , shit !",fear
"[PERSON] , are you all right ?",fear
"[PERSON] , look out for the Red Car !",fear
Besides I can't -- l can't afford to lose bucks .,fear
"Besides ... , I don't want us to get too involved .",fear
"[PERSON] , you're making me very nervous .",fear
Better get out of here ... 'cause I ain't ever gonna surrender to [LOCATION] .,fear
Bloody footsteps leading up to the door ?,fear
Bomb !,fear
Boom .,fear
"Boy , that old character mut be a kook .",fear
Brave ?,fear
"Breathe normally , And ease out slowly . Ready ?",fear
[PERSON]'s been on the edge so often .,fear|sadness
"[PERSON]'s gonna kill me , [PERSON] .",fear
"[PERSON] , they're going to kill you !",fear
But he knew I was lying .,fear
But how will your father feel if he never sees you again ?,fear
But I can't volunteer anything .,fear|sadness|surprise
But I'm not out of danger yet .,fear
But I'm not sure anything else makes sense right now .,fear
But in fact the level was dangerously low .,fear
But it can't be a date  date .,fear
But it's bleeding ?,fear
"But it's nothing I wanted my daughter or anybody down at the Bureau to make a big deal about , either .",fear|sadness
But it's now the military industrial intelligence complex that are moving bureaucratically towards establishing dominion and control over the entire democratic process in the country .,fear
"But it's our necks you're risking now , and I say no .",fear
"But people just respected him , respected his , uh ...",fear
"But the crisis is now , sir .",fear
But the neighbours will know we've adopted .,fear|surprise
But the rescue has to happen immediately .,fear
But the water was dangerously low ?,fear
But the way this one exploded required some type of detonator .,fear
"But then , uh ... . You look to me like a gal with a big appetite for everything .",fear
But there is a great deal of evidence that they are concerned with our hostility .,fear|surprise
But there's something you may not know about us .,fear
But there's the challenge .,fear
But they turned the lights down this time and didn't say this is a drill .,fear
But they'll accuse you of helping me escape,fear|surprise
But they're all dead .,fear
"But this is a family emergency , we do need you at home ,",fear
"But to speak of this , to anyone , would bring dire consequences .",fear|sadness
"But until we figure it out , it may be a good idea for you to stay at home .",fear
But what happens if ...,fear
But what's that thing in my back pocket .,fear
"But when men who aren't actually there have intercourse with you , it is time to see a good psychiatrist .",fear
But you said it was safe .,fear
"But , Mr. [PERSON] , what about ... ?",fear
"But , sir , when the job's done , who knows if we can return by this route or whether we could find you if we did ?",fear
"But , what if it doesn't work ?",fear
"But , you see , if this thing here controls you , it's gonna burn you and everythin' else around you up . That's right .",fear
By the destruction of any nuclear weapons sent into space .,fear
By the way ...,fear
"Bye , Commander .",fear|sadness
"C'mon , rest awhile girl .",fear|sadness
"[PERSON] , you're asking me to make a total commitment of men and money on the basis of a hunch .",fear
Call Dr [PERSON] .,fear
"Call me , okay ?",fear|joy
Call the police .,fear
"Cam , stop !",fear
Can we get there without being seen ?,fear
Can we talk ?,fear|sadness
Can we ... can we not ?,fear
Can you make it ?,fear
Can you still keep going on ?,fear
Can't be good for the image .,fear
Can't they find him ?,fear
"Captain , back the starboard engine !",fear
"Captain , there's a few bodies up there .",fear|surprise
"Captain , we're in serious trouble .",fear
Captain ...,fear
Car exploded outside .,fear
Careful of my vitals .,fear
"Careful , brother .",fear
"Careful , that's hot !",fear
Careful !,fear
Carefully !,fear
"[PERSON] , what's the most recent communication we've received ?",fear
cause snakes are scary .,fear
"Cause we just got a package , and I don't see his address here in the ...",fear|surprise
"[PERSON] , you said that if [PERSON] came up dirty , you won't take him in .",fear|sadness|surprise
[PERSON] . I'm all shook up .,fear
"[PERSON] , please don't go .",fear
"[PERSON] , there is no time .",fear
Christ knows . Sounds like a war in there .,fear
"[PERSON] , he's been stripped .",fear|sadness|surprise
"[PERSON] , [PERSON] , I'll tell you something .",fear
"Code red , code red !",fear
"Cody , wait !",fear
Collision speed ! Full !,fear
Come clean right now . Uh ...,fear
Come closer .,fear
"Come on , hurry ! Hurry !",fear
"Come on , it's me , [PERSON] .",fear
"Come on , wake up .",fear
"Come on , we got ta warn him .",fear
"Come out , come out wherever you are ...",fear
Condition Zebra alert .,fear|surprise
"Cover him up , quickly .",fear
"Dad , don't let them take me .",fear
"Dad , they've got [PERSON] .",fear|sadness
Dangerous . Probably a serial killer .,fear
"[PERSON] , I'm getting a bit jumpy , to be honest .",fear
"Darling , he'll never be able to support you .",fear
"[PERSON] , are you okay ?",fear
"[PERSON] , where are you ?",fear
Deadly and poisonous .,fear
"Dear God in Heaven , even these people can't be that mad .",fear
Death comes closer for us all .,fear
"Despite our power the few of us would be busy indefinitely trying to suppress a large , hostile population .",fear
Destroy everything ?,fear
[PERSON] will ruin this bank if we don't stop him .,fear
Did Captain [PERSON] look sick ?,fear|surprise
Did I ...,fear
Did I do something wrong ?,fear
Did I get home all right last night ?,fear
Did I go too far ?,fear
"Did they hit you , [PERSON] ?",fear
Didn't I tell ya some day he'd turn on ya ?,fear
Do I have something on my face ?,fear
Do something .,fear
Do you know what will happen to me if the bridge is not ready in time ?,fear
"Do you know , for a second you had me worried ?",fear
Do you think it's an epidemic like the flu ?,fear
Do you think we're getting anywhere ?,fear
"Doctor , how long has this stuff been going on ?",fear
"Doggone , I know there's something wrong !",fear
Don't answer it .,fear
Don't anybody move !,fear
Don't be angry .,fear
Don't be long . You'll catch a cold .,fear
"Don't burn yourself , [PERSON] .",fear
Don't come apart on me now .,fear
Don't do it haphazardly This spell is hard to reverse,fear
Don't do it !,fear
Don't embarrass me in front of [PERSON] .,fear
Don't ever leave me .,fear
Don't forget the cannibals .,fear
"Don't give up , mate !",fear
Don't go away !,fear
Don't go up .,fear
Don't hit daddy .,fear
Don't hurt him .,fear
"Don't joke with me If we wait too long , that monster will get us",fear
"Don't leave me here , please !",fear
Don't leave me now .,fear
Don't leave me !,fear|sadness
Don't leave me .,fear|sadness
"Don't let her do it , [PERSON] .",fear
Don't let me go down .,fear
Don't listen to her !,fear
Don't look down !,fear
Don't look right or left .,fear
Don't look !,fear
Don't misunderstand me .,fear
"Don't open that door , [PERSON] .",fear
Don't open that .,fear
Don't push . - What's wrong ?,fear
Don't shoot !,fear
Don't shoot ! Don't shoot !,fear
Don't tell [PERSON] this .,fear
Don't think for a minute That was an empty threat he made .,fear
"Don't touch him , he's hot !",fear|surprise
"Don't try anything rash , or you're dead along with everyone else .",fear
Don't want nobody to get hurt .,fear
Don't worry about these .,fear|joy
Don't you guys think that'll do it ?,fear
Don't you know me ?,fear|surprise
Don't you realise that I don't have that sort of money ?,fear
"Don't , I've got things in my mouth !",fear
Don't .,fear|sadness
"[PERSON] , can you hear me ?",fear
Downstairs .,fear
Drive carefully !,fear
Drop that gun and let me walk out .,fear
"Dude , there's not any chance of my becoming involved in this , is there ?",fear
[PERSON]'s crying ! [PERSON]'s crying !,fear
"[PERSON] said to tell the old man - I'm sorry , sir , the captain - that he'd better start thinking about a tow .",fear
"[PERSON] , they'll kill you too .",fear
"Embarrassing , Your Majesty ?",fear
"Emergency speed , all engines !",fear
Escape is impossible .,fear
Even if they got lost somewhere .,fear
Even if we die ?,fear|sadness
Every day it was worse .,fear
Everybody is afraid here .,fear
Everyone at work knows that I'm lying .,fear|sadness
Everything else stops ...,fear
"Everything's going so fast , man !",fear
Evil spirits pervade this road,fear
Except the way she was killed .,fear
"Excuse me , but we've got a flight that's just about to leave .",fear
"Excuse me , Doctor , but that would be a tragic mistake .",fear
"Excuse me , sir . What about your meal ?",fear|surprise
Faster ? ! ...,fear
Father mayii ! Where are you ?,fear
"Father , I've led such a sinful life .",fear
"Father , maybe we could ... Go in the other room and speak privately ?",fear
Feels like we're going down .,fear
"feet and rising , sir .",fear
"Fellas , we got ta be alone .",fear
"Fine , except I'm scared to death .",fear
Fire !,fear
First I thought it was a. . .,fear
[LOCATION] and Junior have been kidnapped .,fear|sadness
"For God's sake , be careful .",fear
"For God's sake , say something .",fear
"For God's sakes , be careful out there !",fear
for the next war will be an interplanetary war .,fear
Four minutes to bomb time .,fear
"Fracture that whole part of the world , and now we have ISIS .",fear
"From any of those islands , he could launch a strike against [LOCATION] - [PERSON] .",fear
From the bowels of hell ...,fear
Fucking cops !,fear
"Fucking hell , man !",fear
Fun but scary .,fear|joy
"Gee whiz , so many things happening all at once .",fear
"Gentlemen , please don't go .",fear
Get 'em out !,fear
Get a doctor at once !,fear
Get away from that boy .,fear
Get back .,fear
Get down !,anger|fear
"Get her back for me , please .",fear|sadness
"Get in the drawing room , lock the door . Don't let anybody in . Don't answer for anybody , all right ?",fear
"Get it through your head , or you and me are both gone too .",fear
Get me out of here !,fear
Get me out of here .,fear
Get off me !,anger|fear
Get off me ! Get off me !,anger|fear
Get off my back . I want to go home .,fear|sadness
Get on the roof !,fear
Get out of there !,fear
Get out while we're still ahead and alive .,fear
"Get out ! If you don't get out , I'm gonna go !",anger|fear
Get the hell up because I'm out here alone .,fear
Ghosts !,fear
Ghosts ?,fear
Give us water !,fear
Go get them and get them quick !,fear
Go on ! Go back and get the knife !,anger|fear
Go to bed at night happy and then murdered .,fear
Go ! Out of here !,anger|fear|sadness|surprise
"God keep us , keep us all .",fear
God took them because of my wicked thoughts ! No .,anger|fear|sadness
"God , I'll lose him .",fear
"God , we got a single shooter , southeast tower .",fear
"God , what's our status ?",fear
Goddamn it .,anger|fear
gonna die !,fear|surprise
"Good heavens , is that thing lost again ?",fear
"[PERSON] , I can not go to prison .",fear
Guns for them ?,fear
Guns make me nervous .,fear
"[PERSON] , I need to talk to you about a call that just came in .",fear
Happy may have hit on something tremendous here .,fear
"[PERSON] , the lawsuit's dead . We don't have a plaintiff .",anger|fear|sadness
"Hastings , we will leave this , up to the lawyer of the Mrs. [PERSON] to be present .",fear
Haven't I told you you're gonna get your melon opened ?,fear|joy
"[PERSON] , what's your status ? - Hawkins , talk to me !",fear|surprise
",000 , telegrams demanding that he yield this floor .",joy
( chuckles ),joy
( laughs ) I know how you feel .,joy
♪ years old ♪,joy
♪ - Oh ! - ( Laughing ),joy
♪ ' Bout the flapping ' fish and the girls I've loved ♪,joy
♪ ♪ What are you thinking ?,joy
♪ A media - opoly ♪,joy
"♪ A whale of a tale , and it's all true ♪",joy
♪ And I think to myself ♪,joy
♪ Any time that I would ask her ♪,joy
♪ Fed his crew on worms and fishes ' gills for breakfast ♪,joy
♪ For me and you ♪,joy
♪ Happy blessings to you God blessings to you ♪,joy
♪ On nights like this with the moon above ♪,joy
"♪ Ooh , ooh , ooh ♪ ♪ When we kissed , I. . . ♪ ♪ Bubbled up like molten lava ♪",joy
"♪ Poo - poo , pee - too ♪",joy
♪ She swapped me for a trout ♪,joy
♪ The bright blessed day ♪,joy
♪ The colors of the rainbow ♪,joy
♪ They knew it wasn't beef ♪,joy
"$ million , man .",joy
A day made for breakfast and reading the Sunday paper .,joy
A drink comes in pretty handy sometimes .,joy
A fortunate young man .,joy
A great intellectual of .,joy
"A little early for Christmas shopping , ain't it ?",joy
"A little expensive , but lots of fun !",joy
A little poontang might ease your mind a bit .,joy|sadness
A lot of fun you are .,joy
A lovely shade of green !,joy
A made - to - order paradise .,joy
A man I've admired and worshipped all my life .,joy
a man you can look at in the daytime .,joy
"A nice one , maybe .",joy
A performance that exceeded the most optimistic predictions .,joy|surprise
A pleasure to meet someone who understands that to the true gambler ... money is never an end in,joy
A pleasure .,joy
A smokin' good time .,joy
A toast to where we girls was born :,joy
A very enthusiastic pupil !,joy
A very good man .,joy
"A wonderful day , I think .",joy
A wonderful idea .,joy
Absolutely hilarious .,joy
"Ace , king , .",joy
"Actually , I'm feeling pretty relaxed now .",joy
"Actually , you could wear [PERSON]'s snakes and still look good .",joy
Adalind went into labor .,joy
"Adiran , I'm just very happy to be here .",joy
"Admiring the view , [PERSON] ?",joy
Adrian can really cook !,joy|surprise
"After you've moved into your permanent home , you'll enjoy mechanised servants .",joy
"Ah , I'm sorry !",joy
"Ah , thank you .",joy
"Ah , there he is .",joy
Ain't no harm in being sociable .,joy
All I know is I can wake up in the morning and want to live again .,joy
"All right , is that a beautiful city or what ?",joy
"All right , though , innit ?",joy
All right .,joy
"All right . - Okay . - It was nice to meet you , mark .",joy
"All right . Mind your shoving ' , mate .",joy
All the candy you need . A nice baby - sitter .,joy
All the rungs have been neatly sawn in the middle .,joy
All you need to know about the Trinity is this . God is like a shamrock !,joy
"All , applauding : Good answer ! Good answer !",joy
Although I think it's a very fine [PERSON] .,joy
Amazing .,joy
Amen ! Amen !,joy
An event which doubles the pleasure I take in wishing you and them a most happy and prosperous New Year .,joy
"An immense reservoir of nature , Where I roam at will .",joy
"An ongoing retainer on a claiming horse ... that makes tremendous sense . My money , kid ... that's a kiss - off for getting bumped .",joy
An ordinary vessel would've suffered heavy damage .,joy
And a pretty good day for split pea soup .,joy
And a right good one .,joy
"And I appreciate it , [PERSON] .",joy
And I lied to the police about him .,joy
"And I love this movie ,",joy
And I'll get a good price .,joy
"And in the enchantment of the moment , we'd let poetry work its magic .",joy
And it's a miracle old [PERSON]'s alive today .,joy|surprise
And it's good to see you again .,joy
"And me , [PERSON] , I'm with her .",joy
And sure enough we had some spectacular successes .,joy
And ten minutes later I got the call ... that the court had found in our favor .,joy
And that's the most gorgeous thing I ever saw .,joy
"And then , I see your face .",joy
"And there's nobody to tell me that the results are anything but brilliant , so I live in a comfortable glow of self - appreciation .",joy
"And think of her - if she knows nothing , she's safe .",joy
And we are now beautiful .,joy
"And we will be very , very happy and very , very rich .",joy
And who's the happy father ?,joy
"And with the telling , it became easier .",joy
And without actual damages ...,joy
And you got a lovely face .,joy
And you look lovely in the candlelight .,joy
And your love .,joy
Andromeda is very beautiful .,joy
Any friend of [PERSON]'s is a friend of mine .,joy
"[PERSON] dear , have a nice holiday in [LOCATION] .",joy
Aren't they wonderful ?,joy
"As a matter of fact , you look great .",joy
"As he waves to the crowd , you can hear the tremendous cheer !",joy
"As I said , it's nothing fancy , but it's clean .",joy
"As if all my life I had lived in a dark place , and all at once the lights went on .",joy
As if he'd taken a thousand - pound load off his back .,joy
As part of this amnesty it will not be necessary for officers to do manual labour .,joy
Assembly completed .,joy
"At , she was so pretty .",joy|surprise
"At any rate , gentlemen , a charming , exquisite woman .",joy
At least they can dream .,joy
At least you can't say the dinner isn't right .,joy
At least you'll find English hospitality better than they found Spanish .,joy
At this picture With your mother in bed,joy|surprise
"Aw , jeez ! Look at these guys .",joy
Awesome . This is rad .,joy
[PERSON] ! Welcome back .,joy
"Bathing suits looked awfully funny 100 , years ago .",joy
Be happy in your work .,joy
Beautiful morning .,joy
Beauty ! Look at that .,joy|surprise
Because he was a great kisser .,joy
Because I always get lucky .,joy
Because I love only you .,joy
"Because it is in love with her , clear .",joy
"Before you know it , we'll be good again .",joy
[PERSON] . [PERSON] benham .,joy
Best news I heard all year .,joy
"[PERSON] , it's tapioca , Your favorite .",joy
Bibbidi ... Bobbidi ... Boo .,joy
Bloody marvellous .,joy
"[PERSON] , baby .",joy
"Boiled down for his oils , lads , There'd be free grog for all hands ! If we could swallow it on top of his ...",joy
Both ? - ( chuckles ),joy
"Boy , I feel great .",joy
"Boy , you should have been there .",joy
"Boy , you sure are a good - looker .",joy
Brandy for me .,joy
[PERSON] was right . You are lovely .,joy|surprise
"Brilliant , brother , brilliant .",joy
"Brings out the best in you , [PERSON] .",joy|surprise
Brought about by what is know as  the miracle of love  .,joy
But before that I wrote him lovingly many times .,joy
But he was not here yesterday .,joy
But I just laughed and begged them to keep on doing it !,joy
But I'm very happy to have met you .,joy
But it did leave them to be BFFs .,joy|surprise
But it was worth it .,joy
But it's very good !,joy
But it's wonderful .,joy
But we have a hotplate and a well - stocked refrigerator .,joy
"But when I see you with him , I feel better .",joy
But with a nice sort of craziness .,joy
But you are more stupid .,joy
But you must admit that this doomed old civilization sparkles .,joy
But you're safe .,joy
"But ... good lord , yes !",joy
"Bye - bye , baby .",joy|sadness
"Bye , everybody !",joy
Bye !,joy
Can I have some more ? - Yeah .,joy
Can you come and have some breakfast with me ?,joy
Cannonball !,joy
"Captain , I'm glad you're back .",joy
[PERSON] finally agrees .,joy
Case is here !,joy|surprise
[PERSON] had a great time .,joy
"Champagne , [PERSON] !",joy
Champagne !,joy
"[PERSON] , my dear !",joy|surprise
"[PERSON] , I'm in paradise .",joy
Cheerful sort of a bloke .,joy
"Cheers , [PERSON] .",joy
Cheers .,joy
Coffee's ready .,joy
"Cold or not , it's good to be back in [LOCATION] .",joy
"Come in , God .",joy
"Come on , it'll do your heart good .",joy
Come on . I want to dance .,joy
Comes up smelling ' like a rose every time .,joy
Compliments of Capt. [PERSON] .,joy
Congratulations on your performance last night .,joy
"Cool , cool , cool .",joy
"Cute , isn't she ?",joy
"Dad , I met this really nice girl today .",joy
"Daisy , you look lovely .",joy
Damn glad to meet you .,joy
Damn right .,joy
"Darling , you're so good to me .",joy
[PERSON] thinks he's such a nice dog .,joy
"Dear Bow Tie Killer , how's prison ?",joy
"Diamonds in your hair , rubies on your fingers .",joy
Did anybody ever tell you that you smell like the future ?,joy
Did he ever show you the ring ?,joy
Did you know I used to be the 11th best fencer in [LOCATION] ?,joy
Did you tell him what a great success it was ?,joy
"[PERSON] , you're a wonderful egg .",joy
"Do you feel the ecstasy , [LOCATION] ?",joy
"Do you know , I remember you now ?",joy
"Do you know , you were pretty cute in there today , my little .",joy
Do you like it ? - I do .,joy|surprise
Do you like that one ? - Yeah .,joy
"Do you remember last year , when we had fun , when we had a good time ?",joy
Do you understand now why it is so important to me for you to believe that I love you with all of my heart ?,joy
"Doctor , X-58 , seems to be a success .",joy
Does that sign say BQE ?,joy
Doesn't look like there's any other damage .,joy
Don't make me laugh .,joy
Don't worry about me .,joy
"Don't worry , we'll celebrate .",joy
Don't you look good .,joy|surprise
"Don't you think that life should be gay and bright and bubbly , like champagne ?",joy
"Don't you want more cashews , Grandpa ?",joy
Drink to the winner !,joy
Easy .,joy
"[PERSON] , we've discovered something the human race has been searching for since the beginning of time .",joy
Enjoy with me The pleasures here above,joy
"ESP exists , [PERSON] . They proved it .",joy|surprise
Especially with a fortune in our falsies .,joy
"[PERSON] , I care about this woman .",joy
"Ever since the first day I laid eyes on you , I knew I had to be yours and yours alone .",joy
Every dog I ever knew seemed to have a very nice life indeed .,joy
Every player on that team thinks I'm the greatest .,joy
Everybody comes here .,joy
Everybody likes ice cream .,joy
Everybody !,joy
"Everyone else , rock 'n' roll .",joy
"Everyone wanted to do the oral argument , that's always kind of the cherry on top of the ice cream there .",joy|surprise
Everything gets easier from now on .,joy
Everything is so wonderful .,joy
Everything okay ?,joy
Everything's fine .,joy
Excellent !,joy|surprise
Except blurt out a total confession .,joy
"Except we're not behind schedule , we're ahead of it .",joy
Except you'll look better in 'em .,joy
Explains even more .,joy
Fabulous .,joy
"Fantastic , isn't it ?",joy
Fantastic !,joy
Fantastic .,joy
"Faster , son , faster !",joy
"Father , make us truly humble and thankful ... for these and all the other blessings .",joy
"Feeling better , I see .",joy|surprise
Finally lifted the spell !,joy
"Finally , some peace and quiet .",joy
"Fine - looking couple , [PERSON] .",joy
"First of all , I'd like to thank everyone who supported me in my race for Mayor .",joy
"First things first . Wait , I got it .",joy
"First , I want a big smile .",joy
Foo - foo is a good dog .,joy
Food goes down easier .,joy
"For a boy , it was a kind of paradise .",joy
"For a buck , you get a shooter , and a cigar , and a dance with the beautiful bride .",joy
"For the first time in my life , I'm happy .",joy
"For the first time in my whole life , I know what I want to do .",joy
Four degrees down !,joy
From now on we are .,joy
"From your niece , sir .",joy
"Fucking A , sir .",joy
Get some sleep .,anger|joy
Girl of quality and taste .,joy
Give him a good laugh .,joy
"Give me a nice big hug , like you used to when you were little .",joy
"Glad to have you with us , Big Casino .",joy
Glad to see I'm not the only case you're working .,joy
Glad to see you .,joy
glad to see you're out of jail .,joy
"Glad you liked it , Grandfather .",joy
Glad you reminded me .,joy
Glad you told me .,joy
"Glorious , aren't they ?",joy
"Go on , give yourself a treat .",joy
Go on . - Go on . Yeah .,joy
"God , I love you !",joy
"God , it's in perfect shape .",joy
"God , that was lucky I could make her go .",joy
"God , that's beautiful .",joy
"Good afternoon , Mr. [PERSON] !",joy
Good as money can buy .,joy
Good crowd .,joy
"Good evening , lieutenant .",joy
Good evening .,joy
"Good for you , [PERSON] .",joy
"Good game tonight , guys .",joy
"Good job , good job .",joy
Good morning !,joy
Good morning .,joy
Good stuff .,joy
"Good to meet you , Mr. [PERSON] .",joy
"Good to see you again , friend .",joy
Good to see you .,joy
Good to see you're still kicking .,joy
"Good , daddy .",joy
"Goodbye , [PERSON] !",joy|sadness
Got all the time in the world .,joy
Great pair of togas .,joy
Great principles don't get lost once they come to light .,joy
Great !,joy
Great .,joy
Groovy .,joy
"Ha ha ! Hi ! Hi , everybody !",joy
"Ha , a bit bourgeois , don't you think ?",joy
"Hail , brothers ! Many brothers !",joy
"Hail , fellowship !",joy
"Hallelujah , brothers !",joy
"Handy little thing , isn't it ?",joy
"[PERSON] , that's a winner .",joy
Hannah !,joy
"Happier than we've ever been , yes .",joy
Happiest CS - Three anyone ever met .,joy
Happy birthday .,joy
Happy to have you with us .,joy
"Harry , you got a nice shop here .",joy
"[PERSON] is , in fact , mon ami !",anger|joy
"Have fun , sweetie ?",joy
Have fun !,joy
Havin' the best and wearing ' the best .,joy
He felt like one of those gods who appear to maidens in human form .,joy
He goes to dance his joy .,joy
He has the most beautiful hands I ever saw .,joy
He is inspired by the new openness here .,joy
He is my friend .,joy
He is very talented .,joy
He kisses my hand .,joy
He liked you .,joy
He likes the way his wife welcomes him home .,joy
He looked nice .,joy
He looks like a bronzed Apollo .,joy
He looks like a little boulevardier .,joy
"He loves you so much , and he absolutely dotes on the kids .",joy
He reached out to us and asked if we'd be willing to help him,joy
He seemed like a really nice guy .,joy
He thinks the world of me .,joy
"He was ill , but he has recovered .",joy
He was in terrific condition .,joy
He was kind and thoughtful and happy about my success .,joy
He was nice .,joy
He was okay .,joy
He was safe .,joy
He was sensational .,joy
He who wears the ring ... ♪ Help !,fear|joy
He'd look very picturesque in the summerhouse .,joy
He'll be all right .,joy
He's a beautiful kid .,joy
He's a good man .,joy
He's a wonderful man .,joy
He's alive !,joy|surprise
He's cute .,joy
He's doing fine .,joy
He's enjoying it ! Can't you see he's enjoying it ?,joy
He's gone to .,joy
( sighs ) I thought I got some good news .,sadness
"( sobs ) - daddy . - Yeah , bud ?",sadness
♪ Of people going by ♪,sadness
"♪ Ooh , ooh , ooh ♪ ♪ There was Mermaid Minnie ♪",sadness
A captain's job is a lonely one .,sadness
A command is a lonely job . It isn't easy to make decisions .,sadness
A depressing characteristic .,sadness
A desecration of what used to be the finest .,sadness|surprise
A guy like me should never be allowed to get in here in the first place !,sadness
A legend on this force is dead .,sadness
"A man , just like you , fated to being imprisoned",sadness
A Parisian only goes to the Tower in moments of despair to jump off .,sadness
A queen has no hour for love .,sadness
A really distinguished family ...,sadness
A sequined gown dragging me down .,sadness
A. . . pointless award ?,sadness|surprise
Abandoned ... Like someone left for dead ...,sadness
"About [PERSON] , you told me that your husband [PERSON] deserted you .",sadness
"About [LOCATION] , I don't think this is really the best time .",sadness
Acknowledging defeat is never easy .,sadness
"Afraid not . dollars , please .",sadness
After all she done ?,sadness|surprise
"After all , I had caused the girl considerable discomfort .",sadness
"After that , things kind of went downhill .",sadness|surprise
"Ah , you should have stuffed her in the car with the friend .",sadness|surprise
All I ever do is try to make you happy .,sadness
All I ever do is try to please you,sadness
All I got is what you see here .,sadness
All I heard was trash talk .,sadness
"All I wan na do is clean it up , get it right .",sadness
All I've got are a lot of bad habits and a lot of bad debts .,sadness
All my failings were preparations for meeting you .,sadness
All my powers have gone .,sadness
"All that bread and livin' in a dump like this . Smashed cars , busted - out buses ... but all good stashes .",sadness
All that fighting in there wore me out .,sadness
All the good in this world came from fools with faith like that .,sadness
All the poor young girls .,sadness
All those mothers had to make do with what nature gave them .,sadness
Almost .,sadness
Am I so strange to you ?,sadness
An acquaintance of mine stole classified documents from the NSA and took off to [LOCATION] .,sadness
An animal had gnawed off its own foot to escape from a trap .,sadness
And denied .,sadness
"And for that , I can never forgive myself .",sadness
And he was so sorry for locking me up .,sadness
And he will be missed .,sadness
And I cried the whole time .,sadness
And I don't want to go to Hotel Terminus .,sadness
And I don't want to ....,sadness
"And I'm thinking that , well ... maybe the mill's taking you away from me and [PERSON] .",sadness
And I'm tweaking . I'm outta money .,sadness
And I've loved something that doesn't really exist .,sadness
"And in a fit of anger , I told her that our being together , our rekindled romance , was a big mistake .",sadness
And isaac started flying up To the sad broken star .,sadness
"And just what exactly are your intentions , young man ?",sadness|surprise
And no one will believe me .,sadness
And she got in a car accident .,sadness
And so I turned away my head and wept .,sadness
And Spider Man died kind of slow .,sadness
"And that we have an uncorrupted scientific establishment , which we do not and which we will prove .",sadness|surprise
And that's all I can give you .,sadness
And then came the war .,sadness
And then I - I don't know what happened .,sadness
And then this morning - I lost 'em . - We lost them .,sadness|surprise
And then three weeks ago I suffered a nervous breakdown .,sadness
"And then , of course , there was the unexpected and , I must say , regrettable suicide of [PERSON] .",sadness
And they're having more fun .,sadness
"And to my surprise to my deep surprise , it's harder to say goodbye than I thought .",sadness
And we didn't know how to help her deal with it .,sadness
And what most people don't see ... is just how hard it is to do the right thing .,sadness
And you've been resenting me .,sadness
"Another funeral for the pilot , not as spiffy as [PERSON]'s .",sadness
Any more than I could on that night I saw [PERSON] for the last time .,sadness
"Anyway the orders promoting him to Detective , First Grade , have already been cut .",sadness
Anyway you can't go to the hospital .,sadness|surprise
"Anyways , no good no more , Kid .",sadness
Are you all alone in there ?,sadness
Are you crying ?,sadness
Arguing's pretty much in my blood .,sadness
"As for me , I'm just a slave .",sadness
"As it is , this is not the life I want for our children , for myself and for you .",sadness
"As long as there was [PERSON] , there was a chance we might be happy .",sadness
"As long as you're here , let me show you the books ... so you can see how bad a businessman I am .",sadness
"At my age , you got ta think about retiring .",sadness
[PERSON] was worried too .,sadness
Aw . What happened ?,sadness|surprise
"Bad for you , worse for me .",sadness
"Barney , I am sorry .",sadness
Because I am certain that in his thoughts he is completely alone .,sadness
"Because it seems so hopeless , is that it ?",sadness
Because it was my misery .,sadness
Because when you talked about murder on the tapes ... I assumed it was just hallucination .,sadness
Been dead over hours .,sadness
Before experience taught me that life is quite tragic enough ...,sadness
"Behind this eloquent exterior , I've got a yellow streak miles wide .",sadness
Being real is a joke in your world ?,sadness
[LOCATION] laughed at my theory .,sadness
"Besides , this desert climate's not too good on a girl's complexion .",sadness
big town ? I beg your pardon ?,sadness|surprise
Birth of some issues right there .,sadness|surprise
"Bless me , Father , for I have sinned .",sadness
[PERSON] is dead .,sadness
"Boy , am I tired !",sadness
Boys forget what their country means by just reading  Land of the Free  in history books .,sadness
Breaking my heart with your impossible love !,sadness
But don't look so gloomy .,sadness
"But even so , it is quite awful when nobody in loves , is not ?",sadness
"But he's an angry guy . Picks up something , kills her .",sadness
But he's dead .,sadness
But I am guilty .,sadness
But I can't play them with you .,sadness
But I don't care about any of that now .,sadness
But I paid a heavy price .,sadness
But I thought we were gonna be partners .,sadness
But I want to be alone .,sadness
But I was crying because I. ...,sadness
But I will not attempt one here and now .,sadness|surprise
"But I'm gonna miss you , baby .",sadness
"But I'm missin' it , man .",sadness
"But in that case , We are no more guilty than the rest of the world .",sadness
But it was that that looked .,sadness|surprise
But it's sad .,sadness
But [LOCATION]'s a horrid place .,sadness
But now I know why I have always lost women to guys like you .,sadness
"But now , I don't suppose I shall ever see it again .",sadness
"But problems don't just go , [PERSON] , you know ?",sadness
"But really , was there any choice ?",sadness
But [PERSON] is gone .,sadness
But that is not true .,sadness
"But that's another story , and a very unpleasant one , too .",sadness
But the man I'm in love with doesn't .,sadness
But the war had changed him .,sadness
But there's an insurance log that monitors how much money is in the bank at any given time .,sadness
But there's nothing for me to do after 3:00 .,sadness
But they actually had a very thin but tight fitting suit on .,sadness|surprise
"But when I told the police , I do not think they believed me .",sadness
"But when the sick one is yourself , you can not run away .",sadness
"But when you worry , darkness does something to you .",sadness
But you can't .,sadness
But you can not help her .,sadness
"But you had to wait till now , now when [PERSON]'s dying ... to show me that I could never mean any more to you ... than this Watling woman does to [PERSON] .",sadness
"But you have to make a change to your life , put in some effort .",sadness|surprise
But you look like you're more upset than that .,sadness
But you seem to go to [LOCATION] rather more than you come to [LOCATION] .,sadness|surprise
"But you were never there for me , Dad .",sadness
But you would have gone ...,sadness
But you'll never find another [PERSON] .,sadness
But you're not enjoying yourself .,sadness
"But , you see , it's really his wife that's keeping them apart .",sadness
But . .,sadness|surprise
By having all the secrecy and refusing to set up any kind of diplomatic protocols as I know that you have called for and I believe in very strongly .,sadness
"By the way , [PERSON] , about your car ...",sadness
Bye .,sadness
Can not afford a dowry to each of his daughters .,sadness
Can we ever believe again ?,sadness
Can -- I was gonna ask you if I could give it to you ?,sadness
Can't anyone love me without it being life or death to them ?,sadness
"Can't be done , not with this equipment .",sadness
Can't he stay ? Tomorrow's not a school day .,sadness
Can't watch it .,sadness
Can't you see how upset I am about my poor uncle's death ?,sadness
"Captain , was [PERSON] wasted ?",sadness
[PERSON] hits the ceiling and throws me out .,sadness
[PERSON] would've fought back .,sadness|surprise
Casualty report ?,sadness
"Catholic school . A little minor league ball , long enough to find out I couldn't hit a curve .",sadness
Certain camps where the men aren't paid enough or fed enough or protected against disease enough .,sadness|surprise
"Charlie , have you thought how horrible it must have been ?",sadness
"Child , crying :",sadness
"Children , I have bad news for you .",sadness
"Clearly , we didn't trust each other with them .",sadness
Climbing on a heap of black and metal sheets and pilings ...  ... he hardly recognized the once proud and famous [LOCATION] .,sadness
"College degree , lovable personality ... and I spend most of my time in prison .",sadness
"Come on , man .",sadness|surprise
Completely out of our hands . - I don't accept that . - It's out of your hands .,sadness
"Comrades , your telegram was received with great disfavor in [LOCATION] .",sadness
Cos I think that people die sometimes when they don't wan na live no more .,sadness
Could we just go over one or two more ...,sadness
"Daddy , I want Mommy !",sadness
"Daddy , there are balloons floating away .",sadness
Daisy's leaving you .,sadness
Dear Mr. [PERSON] .   This is about a deputy prosecuting attorney who is taking bribes .,sadness|surprise
"[PERSON] , your mother and I have brought you to this spot to share this last private ... This moment of ... Grief and pain .",sadness
Death was from suffocation .,sadness
[PERSON] will never stand for it .,sadness
Did I say something wrong ?,sadness
Did you have a warrant ?,sadness
Disappointing .,sadness|surprise
Disgust that somebody she'd looked up to could be so weak .,sadness
Do not .,sadness|surprise
Do you know how many people are dying ?,sadness|surprise
Do you think nobody can tell ?,sadness
Do you want to know everything ?,sadness
"Doc , I don't want to fly any more .",sadness
"Doctor , can a sane man possibly perform offensive or foolish acts ?",sadness
Does this mean you don't like me anymore ?,sadness
[PERSON] tried to straighten her out .,sadness
Don't bother about me .,sadness
"Don't cry , honey .",sadness
Don't cry .,sadness
Don't drink alone .,sadness
Don't give us hunches .,sadness|surprise
Don't know if I'm ever gonna get my nails done now .,sadness
Don't leave without saying goodbye .,sadness
Don't look so depressed .,sadness
Don't make me feel like this .,sadness
Don't you want me with you ?,sadness
"During the night , I was woken by [PERSON] crying .",sadness
[PERSON] won't see her kids again .,sadness
[PERSON] was killed .,sadness
"[PERSON] , how long has it been since I said I love you ?",sadness
[PERSON] drowned the day before his fourth birthday .,sadness
"Especially when there are no days and nights in it , but just days that turn black when the sun goes down .",sadness
Even though we have each other . It can be a very lonely existence .,sadness
"Even when we rehearsed it , I felt something sad and tender .",sadness
"Ever since the club split up , I missed you . We all missed you .",sadness
"Every time I think about it , I get sad and depressed , and I'm having flashbacks .",sadness
Everybody except me .,sadness
Everybody's mother's got to die sometime .,sadness
Everyone has baggage they bring to a relationship .,sadness
Everyone sees this thing except me .,sadness
Everyone was in mourning .,sadness
Everything is cold and finished .,sadness
Everything is part of the great lie .,sadness
"Faced with that ... regardless of my personal feelings for the boy , my sense of duty told me that his expulsion from the Senate was the only possible answer .",sadness
Fail !,sadness|surprise
Fantasia will be forgotten .,sadness
Fate and too many painkillers .,sadness
Father [PERSON] told me that you had to keep your hands to yourself .,sadness|surprise
"Father , I'm at the end of my rope .",sadness
Feel better ?,sadness
"[PERSON] , I have the most terrible news for you .",sadness
Fifty of them froze to death in one night .,sadness
"Fine , fine . Say , [PERSON] , something kind of important has come up ...",sadness
"First [PERSON] , now [PERSON] .",sadness
"Five Wounds , for short .",sadness
[LOCATION] is not gonna have a baby .,sadness
"For me , the fun went out of it after [PERSON] died . It was never any good , really , after that .",sadness
"For these and all my sins of my past life , I am heartily sorry .",sadness
"For us , business is lousy .",sadness
Forget me .,sadness
"Forgive me for not recognizing you , Dr. [PERSON] .",sadness
"Forgive me , Father , for I have sinned .",sadness
Forgive me .,sadness
Forgive me ...,sadness
From then on I was hopelessly lost .,sadness
From top to bottom we are riddled with cruelty .,sadness
Fuckin' wearin' me out .,sadness
"Gentlemen , it is difficult to admit to an error .",sadness
[PERSON] says he didn't rent a car . The rental company says he did . Whatever .,sadness
"[PERSON] , there's no point in going on .",sadness
Get rid of your gum .,sadness|surprise
"[PERSON] , my sympathy for your loss --",sadness
"God , forgive me .",sadness
Gone .,sadness
gonna be some hard times coming down .,sadness
"Good - bye , [PERSON] .",sadness
"Goodbye , boys .",sadness
"Goodbye , [PERSON] .",sadness
"Goodbye , Mom .",sadness
"Grandfather , I think it's a good day to die .",sadness
Hans waved me off .,anger|sadness
Happiness is something I know nothing about .,sadness
Has decided to demolish ...,sadness
He ain't gonna make it .,fear|sadness
He also does not support me .,fear|sadness
He can't be your friend .,sadness|surprise
He can't get a clear shot !,sadness|surprise
He didn't come to the man who trusted him and ask for help .,sadness
He didn't know ...,sadness
He didn't like it .,sadness|surprise
He didn't look well last night .,sadness
He died a week ago .,sadness
He died a year later .,sadness
He died kind of slow .,sadness
He died suddenly .,sadness
He disappeared a long time ago .,sadness
He don't care about you and he don't care about me neither .,sadness
He got a little sick .,sadness
He got run over by a car .,sadness
He had to go back to work .,sadness
He had to say goodbye to one of us and that's too bad .,sadness
He killed when he was born ... without knowin' it .,fear|sadness
He let go of my hand . And I was lost .,fear|sadness
He leveraged himself up to his eyeballs . The investments didn't work out ... He got himself in serious debt .,disgust|sadness
He looks terrible .,sadness
"He lost all his patients , he didn't wan na go to the office .",sadness
He must be going out of his mind .,sadness
He never wanted me .,sadness
He probably doesn't remember me .,sadness
He said he forgot .,sadness|surprise
He said no pilots .,sadness|surprise
He said : Just leave the money in the top drawer .,sadness
He shot himself .,disgust|fear|sadness
He should be here with his family .,sadness
He shouldn't be a cop .,sadness|surprise
He shouldn't have to decide here .,sadness
He spares us the mercifully quick extinction of the hangman's rope ... and gives the slow death of slavery .,sadness
He talks about the great lie  .,sadness
"He testified that his mother had beaten up the old man many times , and how , on the night of the murder , she not only smashed his radio but hit him .",anger|disgust|fear|sadness
He thinks it's a wonderful evening and then she takes a handful of pills and overdoses .,anger|sadness
He told me they're getting cold feet .,anger|disgust|sadness
He tried to remember that power he used to have over women back in his dangerous days .,sadness
He used to use his hands .,sadness
He wants clean people on the screen for himself and his children to look at .,sadness|surprise
He was gonna die ?,fear|sadness|surprise
He was my brother .,sadness
"He was [PERSON]'s beau , and he loved her , not me .",sadness
"He wasn't much good , though .",sadness
He wasn't worthy of your loyalty .,disgust|sadness
"He wouldn't have , unless he were discouraged and angry .",sadness
He'd undergone a lot of strain .,sadness
He'll never get started .,sadness
He's a little bit grumpy right now .,sadness
He's a poor boy .,sadness
He's a real choirboy .,sadness
He's after me .,fear|sadness
"He's all tired out , though , the poor little guy .",sadness
He's capable of giving this administration an enormous amount of grief .,anger|disgust|sadness
"He's dead and buried , [PERSON] .",sadness
"He's dead , isn't he ?",fear|sadness
He's dying .,sadness
He's getting farther away every second .,sadness
He's hurt bad .,sadness
He's in plenty of hot water .,sadness
He's in trouble . Boy ?,sadness
He's mad . It was an accident .,anger|fear|sadness|surprise
He's not coming back .,fear|sadness
"He's not here , darling .",sadness|surprise
"He's probably walking around here , lost .",sadness
He's put his neck on the chopping block .,anger|fear|sadness
He's sure gonna think the worst .,sadness
"He's the town joke , and I'm stuck with him .",anger|sadness
He's wrong for us .,disgust|fear|sadness|surprise
Heaven knows how she lived through those weeks .,sadness
"[PERSON] , you are a slave as long as [PERSON] possesses you .",sadness
Her boyfriend was killed in a racing accident .,sadness
"Her face had shrunk , and her nose was red from crying .",sadness
Her father murdered her mother .,disgust|sadness|surprise
"Her secret is that she's making half a million bucks a year and she still collects alimony from me , in my present reduced circumstances .",anger|disgust|sadness
Here on holiday but seems to be having a bit of car trouble ?,joy|sadness|surprise
"Hey , come on .",joy|sadness|surprise
"Hey , wasn't it gruesome , that girl who was shot in the street today ?",sadness
"Hey , you told me the only way you survive is because you're a team .",anger|disgust|sadness
Hey ! So I know I haven't been the best dad in the world .,sadness
"Hi , [PERSON] . I'm sorry I didn't get to send you a card yet about your wife .",sadness
"Hi , maria . - ( sighs )",sadness
Hi ! Hi Princess ! This isn't really the best time right now .,joy|sadness
His life means nothing .,disgust|sadness
His name was [PERSON] .,sadness
Honestly ...,sadness
"Honey , I haven't had a chance to really talk to her ...",sadness
How awful .,sadness
How can I take time when I know what's going on ?,sadness
How can I ?,sadness
How can we be sure she'll help us free the Childlike Empress ?,sadness
How can you be so cruel and unfeeling ?,sadness
How can you be so mean ?,disgust|sadness
How can you forget yourselves this way ?,sadness
How can you think that I could do a thing like that ?,disgust|sadness|surprise
How could he say a thing like that ?,anger|disgust|sadness|surprise
How could I have forgotten about [PERSON] ?,sadness
"How could you speak of love to me , say the things you did , and you about to be married .",sadness
"How dare you , you ... How long has she been in this condition ?",anger|disgust|fear|sadness|surprise
How did we end up talking about your death from my drug test ? I don't understand .,sadness
How did you find me ?,sadness|surprise
How do you know what I want ?,sadness|surprise
How do you mean that ? And now you will laugh .,sadness|surprise
% ? !,surprise
"$ , for a taxi !",surprise
A beautiful woman like you ?,surprise
A bus ?,surprise
A cook ?,surprise
"A few years ago , you was a truck driver .",surprise
A good thing my reactions are so fast,surprise
A good - looking girl like you ?,surprise
"A heroic thought , Barley .",surprise
"A horse - ranch Indian , a drunken gunfighter , a sex maniac ... and an uncle !",surprise
A hundred thousand dollars ?,surprise
A quarter of a million dollars ?,surprise
A rather odd reaction .,surprise
A Webley automatic ...,surprise
Abracadabra !,surprise
Acid ?,surprise
"Actually , we don't know a soul here .",surprise
"[PERSON] , what's happenin' here ?",surprise
"Ah , [PERSON] , old chum .",surprise
"Ah , the ring !",surprise
"Ah , was from there .",surprise
Ah . You believed in it and you fought for it .,surprise
Ah ... I see it pays to advertise on television .,surprise
Ain't she seen a man before ?,surprise
Ain't that the girl [PERSON] went lookin' for ?,surprise
"[PERSON] , you got here fast .",surprise
"[PERSON] , don't you remember ?",surprise
"[PERSON] , you remind me of someone I used to know .",surprise
"[PERSON] , do you know what you're saying ?",surprise
All ?,surprise
"All of a sudden , there's a lot of noise .",surprise
All of them ?,surprise
All of you !,surprise
All that gossip !,surprise
"All that money , [PERSON] ?",surprise
Am I interrupting something ?,surprise
An engineer ?,surprise
"An odd coincidence , both of you turning up here .",surprise
And did you believe this nonsense ?,surprise
And everybody say hello to kit - [PERSON] !,surprise
And he who spies and flies away lives to spy another day .,surprise
And he wouldn't let you help him ?,surprise
And I got so drunk I puked spaghetti everywhere .,surprise
And I really didn't think you wanted to be looped in on my schedule .,surprise
And I was thinking more of sushi ?,surprise
"And I was with some boys in the neighborhood , and we saw this and went ,  Oh , My God !",surprise
And just how did he go about that ?,surprise
"And [PERSON]'s sent you about a ton of tea . Well , a couple of pounds .",surprise
"And now , a happy surprise for all of us .",surprise
"And people do the strangest things , too .",surprise
And so I clicked it and ... There was the pictures of my daughter .,surprise
"And the kid you're taking off ... you give him , .",surprise
And they told me that you weren't that smart .,surprise
And were you not told the same thing by his wife ?,surprise
And what do you think those old geezers really miss in [LOCATION] ?,surprise
And what happens Tuesday ?,surprise
And you believe that ?,surprise
And you found out ?,surprise
And you know what ? They offered us a job .,surprise
And you shouldn't neglect your gums .,surprise
And you were right there !,surprise
And you're it .,surprise
"Any guy who says he can fence $ 50,000 , is crazy .",surprise
Anyone'd think you didn't want to get better .,surprise
Apparently [PERSON] smells like [LOCATION] too .,surprise
Are they all hollow shells ? !,surprise
Are they both mad ?,surprise
Are we here at the mechanic ?,surprise
Are we killers now ?,surprise
Are you abandoning the search ?,surprise
"Are you crazy , [PERSON] ?",surprise
Are you guys brothers !,surprise
Are you joking ?,surprise
Are you looking for somebody ?,surprise
Are you out of your mind ?,surprise
Are you quite certain this place was full of people only a few minutes ago ?,surprise
Are you quite sure you'd be able to use it in cold blood ?,surprise
Are you really a singer ?,surprise
Are you saying she was kidnapped ?,surprise
Are you serious ?,surprise
Are you so sure that [PERSON] will attack ?,surprise
Are you still mad about [LOCATION] ?,surprise
Are you sure it was there ?,surprise
Are you sure this report's correct ?,surprise
Are you the Buljanoff who fought on the barricades ?,surprise
Are you trying to say something ?,surprise
Are you trying to tell me that you want to be on television ?,surprise
Are you ?,surprise
Aren't you going to ask me to sit down ?,surprise
Aren't you gonna do something ?,surprise
"Aren't you pleasant . - Yes , when I wan na be .",surprise
"Aren't you tired , [PERSON] ?",surprise
"As far as discretion goes , what were you and [PERSON] doing , comparing notes ?",surprise
"As far as I'm concerned , a coconut hit you on the mouth .",surprise
Ass cam . - What ?,surprise
"At first I was like , Why did I run away ?",surprise
"At the moment , you have an excellent chance of being hanged .",surprise
Autumn ?,surprise
Back the starboard engine !,surprise
Barley ?,surprise
"[PERSON] , all of this is very confusing .",surprise
bat - blind ships .,surprise
"[PERSON] , did you know that your dad two - steps ? Really ?",surprise
"Boy , I don't know how you survived in this world up to now .",surprise
"Boy , is that hot !",surprise
"Boy , those English sure have a lot of guts .",surprise
"Boy , you amaze me .",surprise
"But are they telling me , or are they asking me ?",surprise
But do you truly believe that by deliberate present - day action we can neutralize that possibility and alter the future ?,surprise
But everyone pretended he could walk ?,surprise
But how can there be a question ?,surprise
But how do you know that if you weren't there ?,surprise
But how do you live there all by yourself ?,surprise
But I always thought little stenographers made little pennies .,surprise
"But I couldn't help noticing , despite the habit , that you're quite young .",surprise
But I didn't sleep yet .,surprise
But I want to know why .,surprise
But I'm her spiritual adviser .,surprise
"But if you're in love with him , why are you skipping out ?",surprise
But [PERSON] told me she was with you .,surprise
"But right now , I can't think of one .",surprise
But the windows will ?,surprise
But there's no dirt in here . - I know .,surprise
But these are criminals .,surprise
"But they were lights , they were flying around .",surprise
But we've got to take a closer look at this big boy .,surprise
But what's she doing off of [LOCATION] with part of that fleet's treasure ?,surprise
But what's wrong with Sister [PERSON]'s habit ?,surprise
But where have I put it ?,surprise
But who would buy the boat ?,surprise
But why do you bring this up now ?,surprise
But you are absolutely sure he was a priest ?,surprise
"But , monsieur , if you had only told me in the first place that you wished to consult with your consul .",surprise
"By heavens , an Englishwoman .",surprise
"Calm down , chica . She only owes me more .",surprise
Cam ?,surprise
Can it be that I'm falling in love with you ?,surprise
Can we even do this ?,surprise
Can you ever imagine [PERSON] being in a spot like that ?,surprise
Can you imagine that guy ?,surprise
Can't I go down to [LOCATION] and get it fixed ?,surprise
Can't I have everything ?,surprise
Can't you tell me what's happened ?,surprise
[PERSON] really digs you .,surprise
[PERSON] never seemed worried about anything like that .,surprise
"Case , it strikes me you chose a strange time to tell us this .",surprise
Caught in the act .,surprise
"[PERSON] , it's me . - Yeah .",surprise
"[PERSON] , she's got tits the size of cucumbers .",surprise
Christ !,surprise
[PERSON] ? ! Are you Elder [PERSON] traveling incognito ?,surprise
"Come on , you're kidding me , right ?",surprise
"Come to think of it , everyone did look kind of undressed .",surprise
Complete reversal of usual behaviour pattern .,surprise
Compliments of the gent in the corner by the door .,surprise
"Cool , thank you .",surprise
Cops !,surprise
"Daddy , you found [PERSON] !",surprise
"Damn [PERSON] , this is your last wish ?",surprise
"[PERSON] , why are you so cross ?",surprise
[PERSON] sat here ?,surprise
"Darling , it just doesn't make sense .",surprise
"Darling , why weren't you disappointed ?",surprise
Did I hear somebody call for their old man ?,surprise
Did I hear something about jewels ?,surprise
Did [PERSON] really play here ?,surprise
Did you come over in that aeroplane that I saw flying round ?,surprise
Did you do it ?,surprise
Did you do this ?,surprise
Did you ever wan na sleep with a man ?,surprise
"Did you hear that , honey ?",surprise
Did you see the Giants ?,surprise
Did you see what he did ?,surprise
Did you think I was a lady ?,surprise
Did you want to see me ?,surprise
Did you ?,surprise
Didn't even know he was still alive .,surprise
Didn't the formula cure his rheumatism ?,surprise
Didn't they ask you about this ?,surprise
Didn't think we'd be getting to see you .,surprise
Didn't you march today ?,surprise
Didn't you talk about a boys camp ?,surprise
Didn't you understand that ?,surprise
"Do all directors come to ask young women to sit with their producers ? Um , not all .",surprise
Do I actually see this ?,surprise
Do I look like a baroness ?,surprise
"Do not do this to me , [PERSON] .",surprise
Do Russians never think about life ?,surprise
Do you believe that ?,surprise
Do you know that my first trip to [LOCATION] took five days ?,surprise
Do you mean he'd never seen a clock before ?,surprise
Do you really think they can do anything ?,surprise
Do you really want to know ?,surprise
Do you speak english ? - ( speaks spanish ),surprise
Does it mean you want me to go there ?,surprise
Does not this makes you laugh ?,surprise
Does this mean [PERSON] and Miss [PERSON] are engaged ?,surprise
Doesn't a doctor have to do that ?,surprise
Doesn't it frighten you that there's a killer at large ?,surprise
Don't I know you ?,surprise
Don't I know ?,surprise
Don't I remember you from somewhere ?,surprise
Don't nobody want to ask me nothin' ?,surprise
Don't tell me you're embarrassed ?,surprise
Don't tell me you've left it up there .,surprise
Don't we like [PERSON] ?,surprise
Don't we need supplies ?,surprise
Don't you believe it .,surprise
Don't you ever sleep ?,surprise
Don't you find that restful ?,surprise
Don't you like children ?,surprise
Don't you live at home ?,surprise
Don't you remember ?,surprise
Don't you think it's funny ?,surprise
Don't you want to go to [LOCATION] ?,surprise
Double six . Ouch .,surprise
Duck !,surprise
"Easy , brother .",surprise
[PERSON] asked me if I wanted to see him again .,surprise
Even God wouldn't believe it !,surprise
"Everybody else laughs at it , but not you .",surprise
Everybody else thought it was funny !,surprise
Everybody's a boat freak ?,surprise
"Evie , can not be true !",surprise
Exactly how inexpensive ?,surprise
"Excuse me , sir . Exactly how obscene an amount of money were you talking about ?",surprise
Excuse me ?,surprise
"Father , what's going on here ?",surprise
"Fatter ? - No , Dad .",surprise
Fifteen hundred ?,surprise
Five years ago . Bingo .,surprise
"Frankly , I don't recall a time when a witness has refused to testify in this fashion .",surprise
"[PERSON] , are you leaving the company or something ?",surprise
"Fuck , he's not dead !",surprise
Funny you should say that .,surprise
"Funny , he never told me his name .",surprise
Garter belt ?,surprise
Giants !,surprise
"God , he is a tough old bird .",surprise
"God , she must really love you .",surprise
"God , this is a list of questions that could unlock all the Sov military secrets and win the arms race at a stroke :",surprise
"God , you're probably right .",surprise
"God , you're the one who kidnapped him .",anger|surprise
God !,surprise
"Good heavens , isn't there any revolt in you ?",surprise
"Good heavens , these Russian names .",surprise
"Good we're not broke , or we'd really be miserable .",surprise
Good ?,surprise
Grab the hand rail !,surprise
"[PERSON] , ain't you gonna do nothing ?",surprise
Guess what his name is the captain ?,surprise
"Gus , I thought you were going to attend to that later .",surprise
Ha ha !,surprise
Hadn't they promised to keep our name out of it ?,surprise
"Harry , how did you do it ?",surprise
Have you forgotten it ?,surprise
Haven't seen you for a while .,surprise
Haven't seen you here before .,surprise
Haven't seen you in a long time .,surprise
He acted strange .,surprise
"He can't do it in the club so he makes me call [PERSON] outside , and he jams him .",surprise
He did ?,surprise
He didn't say anything about a dam .,surprise
He didn't sleep .,surprise
He embezzled five million euros and [PERSON] was going to expose him ?,fear|surprise
He gave me some work to do and he left .,surprise
He got kicked upstairs .,surprise
He got what he wanted .,surprise
He never even heard of [PERSON] .,surprise
"He objects , she sustains , every time . The old flame's still burning , huh ?",surprise
"He owes me $ , and won't pay up .",anger|disgust|surprise
He promised you parts in Cats ?,surprise
He said you were a saintly old man who didn't hold with all the vices .,surprise
He seems to know everything else .,surprise
He spent money on a bible ?,surprise
He stepped in front of a bullet for me once caught it in his left hand and shoved it up the punk's ass .,disgust|surprise
He struck you ?,surprise
He suffered me to buy him a new suit ... and to get him a job at his old hospital .,surprise
He told you to tell me that too ?,surprise
He tried to limit the scope of the fingerprint search to exclude his own .,surprise
He used a grenade ?,surprise
He was here two weeks before I knew he'd moved in .,surprise
He was here ?,surprise
He was kidnapped . Kidnapped ?,surprise
He went ' bang ' !,surprise
He went into [PERSON]'s chamber .,surprise
He'd been caught stealing rations . - I see .,surprise
He'd been innocent !,surprise
He'll take care of your mortgage .,surprise
"He's a bit soft that Inspector , isn't he ?",surprise
He's getting married in minutes .,surprise
He's got something bottled up behind that dashing charm .,surprise
He's right there !,surprise
He's taking the day off ?,surprise
"Get down ! I said now , asshole !",anger
"Get going , [PERSON] ! [PERSON] !",anger
Get her .,anger
Get in the car !,anger
Get in the car .,anger
Get it and no one'll get hurt .,anger
Get lost !,anger
"Get me a prisoner , understand ?",anger
Get off my roof !,anger
Get off of that train .,anger
Get Off !,anger
"Get off ! - Outside , please .",anger
Get on out of here !,anger
Get on !,anger
Get out of here before I throw you out .,anger
"Get out of here , before I make you beg for your life .",anger
Get out of my office .,anger
"Get out of my way , [PERSON] .",anger
Get out of my way !,anger
Get out of my way .,anger
"Get out of the god damn hallway , [PERSON] .",anger
Get out of town !,anger
Get out !,anger
Get out .,anger
Get outta the way .,anger
Get rid of her .,anger
Get rid of that kid !,anger
Get that goddamn thing on film !,anger
Get the fuck out of this country .,anger
Get these men out of here .,anger
"Get those bags in , and get in fast !",anger
"Get up , you big hero .",anger
Get up !,anger
Get up ! Do you hear me ?,anger
"Get upstairs , miss .",anger
Get us some frickin' pretzels or something .,anger
Get your ass movin' !,anger
Get your hands off him or I'll call the Metropolitan scuffers !,anger
Get your little butt in here .,anger
Gim me a good reason why not .,anger
Gim me my coat !,anger
Gim me that damn mike !,anger
Give a girl a chance to breathe .,anger
Give him quinine and stop pretending you're [PERSON] .,anger
Give it to me !,anger
"Give me a break , we just met !",anger
Give me a minute .,anger
"Give me my clothes , please .",anger
Give me that !,anger
Give me the lighter .,anger
"Give me the suit , right now .",anger
Give them a taste of their own iron !,anger
Give us the f. . .,anger
Go and say sorry to him . ',anger
Go away .,anger
"Go back to the perimeter , you pinhead .",anger
"Go back to your office , have a nap .",anger
Go back to your work .,anger
"Go dry yourself , [PERSON] .",anger
"Go fuck a refrigerator , pecker neck !",anger
Go get them ! No !,anger
Go home !,anger
"Go on , go to work .",anger
Go on . Get the hell out of here .,anger
Go to hell .,anger
"Go with it , quick ! Do not stop .",anger
God damn it .,anger
God - damn it !,anger
"God , it was bright .",anger
"Goddamn it , [PERSON] , will you trust me ?",anger
"Goddamn it , do something .",anger
Goddamn it !,anger
Goddamn law is ruining the country .,anger
"Goddamn , is that bitch on the rag or what ?",anger
"Good . Get up there , help [PERSON] with the pig get your car and you're out of here . Get ready .",anger
Grab this oar .,anger
"[PERSON] , I'm thinking of the baby !",anger
"Grow , cuz .",anger
"Ha ha ha ! This is it , [LOCATION] ! The event you've all been waiting for .",anger
Had to do all this myself ...,anger
Halt negotiations immediately .,anger
"[PERSON] turns against me , And I should lighten up ?",anger
"[PERSON] , why do you keep on making trouble for us ?",anger
[PERSON] !,anger|fear|joy|surprise
"[PERSON] , I'm not an idiot and I don't appreciate being treated like one .",anger
"[PERSON] , there's no way the DA handles a case like this himself just because I work for you .",anger
Has any of my client's DNA actually been found on the victim .,anger
"Has anyone considered trying , Open sesame  ?",anger
"Hastings , it did not seem to him strange which [PERSON] was suggesting what had the mother been poisoned by accident ?",anger
"Have a think , Barley .",anger
Have enough respect for me not to lie .,anger
"Have they moved the embassy , or are you hijacking me ?",anger
Have you seen any of these documents ?,anger
"Have you thought for a moment about anybody else but yourself , and your obsession with letters of the alphabet arranged in a hyphenated name ?",anger
He ain't gonna get my hide .,anger
He ain't used to livin' like this .,anger
He asked you not to get those records ?,anger
He blows it .,anger|fear
He brought in his own detective to replace [PERSON] .,anger|fear
He can't be there !,anger
He could go anytime . - Move . Move !,anger
He don't know the streets .,anger
He forgot ?,anger
"He might win a few fights , but a Rocky Balboa he'll never be .",anger|disgust
He missed the turn .,anger
He never turned up at all .,anger
"He refuses an offer to merge with the New York Trust , the only thing that'll put this bank on safe ground .",anger
"He says that [LOCATION] will uphold it in every court ... but I will drag you through every court , don't forget that .",anger
"He should , he's got a lot to be thankful for !",anger
He thinks he knows me .,anger
He took her out buggy - riding in the late afternoon without a chaperon ... and then he refused to marry her !,anger
"He wants you downtown , like , yesterday .",anger
He was completely misquoted .,anger
"He wasn't a boy , he was seventeen .",anger
He won't eat any steak .,anger
He won't open the safe .,anger
He wouldn't tell us a goddamn thing .,anger
He'd kill you if he heard you .,anger|fear
"He'd punch on my mother , too .",anger|disgust|fear
He'll get you into more trouble .,anger|fear
He'll leave and take the little brat with him .,anger
He'll never leave [LOCATION] . Then let him stay .,anger
He'll never see another if he doesn't learn about [PERSON]'s artillery .,anger
He'll take orders all right .,anger
He's a prick .,anger|disgust
"He's a thief , he stole something from me !",anger
"He's a tortured , bitterly neurotic man who's finishing life on his own terms .",anger
He's about to be boiled in oil .,anger|disgust|fear
He's an idiot .,anger
He's being evasive again .,anger
He's got another woman !,anger
"He's lying , mom .",anger|disgust
He's no use to no one !,anger
"He's not even in yet . Well , you tell him not to file anything .",anger
"He's of no use to no one , including himself .",anger|disgust
"He's selling drugs around upstairs , and he's got the rest of them locked up down here without any rights .",anger
He's such a little man .,anger
He's sure gonna bear down on me .,anger
He's taken it again !,anger
He's with them .,anger
[PERSON] can kiss my sweet ass !,anger
[PERSON]'s already been up my ass so far I won't be able to sit down for a week .,anger|disgust
"Hell , I guess so . You guess so . Well , that's beautiful .",anger
"Hell , we could bring in the whole god damn New York Knicks just to make sure your trash hits the basket ! How's that ?",anger
Hell !,anger
"Hello . - Never , ever pick up the phone .",anger|fear
Helping me . This isn't helpful .,anger
Her goddamn sister tripped and fell in the tub and she went to help .,anger
Her husband has a beer one night ... Doesn't even comment on the glass .,anger|disgust
Hey Prospect !,anger
"Hey , Beef , if [PERSON] says the van was empty , the van was empty .",anger
"Hey , clown !",anger|disgust
"Hey , come on , [PERSON] .",anger
"Hey , Crystal , I want to show you this . Now , what's gonna happen here ...",anger
"Hey , fuck off !",anger
"Hey , fuck you , man !",anger
"Hey , put the phone down !",anger
"Hey , quit moving in there !",anger
"Hey , since when have you ever ?",anger
"Hey , trust me with your life but not your money or your wife . You're an asshole !",anger|disgust
"Hey , wait a minute !",anger
"Hey , wait your turn .",anger
"Hey , wait !",anger
"Hey , what the fuck ?",anger|surprise
"Hey , what the hell are you going to Frenchy movies for , anyway ?",anger|disgust|surprise
"Hey , you can't talk to me like that .",anger
"Hey , you can not reject me .",anger
"Hey , you know there was a guy in the game that accused me of juicing the deck ?",anger|surprise
"Hey , you shut up !",anger
"Hey , you two with the mileage upgrades , sit down .",anger
Hey ! You're nothing but a little girly devil .,anger|disgust
Hey . What the hell was that ?,anger|disgust|surprise
His foolish involvement with Lady forgotten [PERSON] ...,anger|disgust
His Majesty is very demanding .,anger|surprise
Hit him in the head .,anger
Hit him !,anger
"Hit me back , you coward .",anger
Hit the one in the middle .,anger
"Hold it , not yet !",anger
Hold it .,anger
"Honestly , [PERSON] . What is the matter with you tonight ?",anger
"Honestly , sometimes I don't understand you at all .",anger
"Honey , I'm trying to read .",anger
"Honey , please don't stand like that .",anger
"Honey , we don't like nothing soft .",anger
"House of Abercrombie and [PERSON] , publishers , drunk or sober .",anger|disgust
"How about that whole fucking city , if you don't do what I say ?",anger
How about this . How about you call me never .,anger|disgust
How about what the hell you're doing in there to begin with ?,anger
How are you guys ?,anger
How can he see pink ? It's a black and white picture .,anger|surprise
How can you say such a thing ?,anger
How come they're happier than us ?,anger|disgust
How come you just didn't have a baby ?,anger|surprise
How could they with you here ?,anger|disgust
"How dare you , sir !",anger
How did this get started ?,anger
"How did you not disclose this , [PERSON] ?",anger
How do you expect to enjoy your honeymoon if you can't relax ?,anger
How do you know I won't trick you and turn you in to the hands of the police ?,anger
How do you plan to pass if you're too busy stealing cars And shooting black people ?,anger|disgust
How long has she been gone ? ! How long ?,anger|fear
How long will you be able to keep the litigation going on your own resources ?,anger
How many times do I have to tell you ? You don't know what you're dealing with .,anger
How many times have I told you to keep away from my desk ?,anger
How many times must I to tell you ?,anger
How may times do I have to tell you ?,anger
How much further into the rectory are you going to push it ?,anger
How much longer do we have to wait ?,anger|disgust
"How much simpler it would be , for so many of us , if [PERSON] had not found it necessary to look for a new face .",anger
How stupid of me !,anger
How the fuck did you let it get that far ?,anger
How the hell did you know I didn't have the king or the ace ?,anger|surprise
How the hell do you know where we are ?,anger|surprise
How would you like the holy hell kicked out of you ?,anger
How you going to stop me ?,anger
How you helped steal an election .,anger|disgust
"However many questions you ask , you never expect an answer .",anger
"Hu , our hourses ' hoofs - are rigid They won't move !",anger
Hush that yowling .,anger
Hustled her off in a chopper .,anger
I absolutely do not wan na hear about it .,anger
I ain't a boy !,anger
"I ain't giving you shit . I said I'd play you even , I play you even .",anger
I ain't gonna be a nobody .,anger
I ain't gonna call her any more .,anger
I ain't making no money watching you boys sleep .,anger
I ain't talking about that crap !,anger
I also have a memory .,anger
"I am broke , desperate and very pissed .",anger
"I am glad that Senator [PERSON] is calm , because every once in a while I'm ready to do a [PERSON] on these guys .",anger
I am not unauthorised .,anger
"I am speaking strictly , [PERSON] .",anger
"I am the medical examiner and the chief pathologist in the city , and they've cut me out .",anger
I am through being a go - between for you and your dream girl .,anger
I am very confident [LOCATION] is lying about an American being on board .,anger
"I am warning about you , [PERSON] ,",anger
I am what I look like !,anger|sadness
I asked you a question .,anger
I asked you never to speak to me again .,anger
I beg your pardon ? I leave tomorrow morning for [LOCATION] .,anger
I believe that is unconstitutional for them to refuse to give the information to the President of the [LOCATION] .,anger|fear
I called him a liar .,anger
I can have you arrested !,anger
I can raise my voice in my own home .,anger
I can smoke you out of there easy .,anger
I can take care of myself !,anger
I can tell when someone lies to me .,anger|disgust
I can't afford a fuckin' dream house !,anger
I can't believe anything you tell me now .,anger
I can't believe it !,anger|surprise
"I can't believe you did this -- A $ , suit on my credit card .",anger
"I can't do that , [PERSON] .",anger|sadness
I can't get it out of my head that [PERSON] was responsible for the camping thing .,anger|sadness|surprise
I can't get this blasted thing started .,anger
"I can't have children , [PERSON] !",anger|sadness
I can't have that .,anger|disgust
I can't let that happen again .,anger|disgust|sadness
I can't seem to keep you two out of the hospital lately .,anger|sadness|surprise
I can't stand it here any longer .,anger
I can't stand this spic shit .,anger|disgust
I can't tell you that !,anger
I can't .,anger|sadness|surprise
I can not believe I am forced to defend myself once again for the actions of a criminal .,anger|fear|surprise
I cast thee back to hell !,anger
I cast thee back to hell . To hell !,anger
I change cars like other guys change their fuckin' shoes !,anger
I chew up you fucking wise guys and spit out [GAY SLUR] !,anger|disgust
I command it !,anger
I command thy putrid spirit Be banished from this child's soul .,anger
I could have finally gotten my yoga certification ... It wouldn't have been .,anger|sadness
I could have you shot .,anger
I decided to come down here and have it out with both of them .,anger
I demand a court - martial for murder !,anger
I demand that you free the Childlike Empress !,anger|disgust
I demand you stop this car !,anger|fear
I demand you stop this charade ! You ... Demand ?,anger|surprise
I did not ask your advice .,anger
I did not permit you to come in here .,anger
"I didn't ask you , [PERSON] .",anger
I didn't ask you .,anger
I didn't give orders for a halt .,anger
I didn't have time to ask .,anger
I didn't hear no bell !,anger
I didn't hurt anyone !,anger|fear|sadness
I didn't like him anyway .,anger
I didn't ride out here to pick blueberries .,anger
I didn't say come in .,anger
I didn't say that .,anger
"I do declare , it looks like my head's gonna split open with all this singing and yelling and hallelujah - ing .",anger
I do just tell in my mind .,anger
"I do not care or the wrath of God , nor of the whole earth .",anger|disgust
I do not know !,anger
I do not like Mr. [PERSON] .,anger
I do not peek .,anger
I do not think you quite realise my position .,anger
I don't aim to have that threesome prowling ' my property no longer .,anger
Is this the kind of person that you are ?,disgust|sadness|surprise
"Is too much heat almost , it is not ?",disgust
"It ain't fitting ' , it just ain't fitting ' .",disgust
"It can look like [PERSON]'s knickers for all I care , just as long as I get off this stinking boat !",disgust
It can't be so hard to die .,disgust
It can not sit down in wet cushions .,disgust
It depends on what you're looking for .,disgust
"It has happened to me without my wanting , almost without my knowing .",disgust
"It is a crime that happens against children in every neighborhood , in every city and state in the country .",anger|disgust|fear
"It is a lot of crap , sir .",disgust
It is absurd !,disgust
It is almost frightening how much in love with you she is .,disgust|surprise
"It is [PERSON] , the High Priest , who is filthy in his ways .",disgust
It is my prison .,disgust
It is of no concern to me,disgust
It is time for the Torlato - Favrinis to get off the world .,anger|disgust
It is to you and you that my name means nothing .,disgust|sadness|surprise
It looks ridiculous with that coat he's got on .,disgust
"It made a thief of [PERSON] , a pig out of [PERSON] and a fool of you .",disgust
It made her sick .,disgust|sadness
It make me sick .,disgust
It means you become their slave hours a day seven days a week .,anger|disgust
It must have been that damned woman screaming .,disgust
"It seems that we are forced to admit that our suspicions are wrong , despite her confession .",anger|disgust
"It seems , [PERSON] , that my subjects are becoming a pain in the arse .",disgust
It took me a week to find this crap .,anger|disgust|surprise
It was hideous .,disgust
It wouldn't take that long if we had the right kind of government .,disgust
"It's a bit like Monopoly , only more people get hurt .",disgust
It's a dead man .,disgust
It's a disease .,disgust
It's a pity some of you fellows haven't anything better to do .,disgust
It's a shame to waste all that prime beef on a guy serving three to five in prison .,disgust
"It's a shame , isn't it ?",disgust|sadness
It's all bullshit .,disgust
It's all for show .,disgust
It's all my fault .,disgust|sadness
It's all that's left of him now . Just a box of bits and pieces .,disgust
"It's an incredibly profitable , as horrifying as it is to say , business .",disgust|surprise
It's an insult .,disgust
It's an old saying by an old crow .,disgust
It's because of you people that I can not get outside !,disgust
"It's blackmail , pure and simple .",disgust
It's cold .,disgust|sadness
It's crazy .,disgust
It's disgusting .,disgust
It's disrespectful .,disgust
It's freedom for a woman to spread her legs like that on a magazine ?,disgust
It's good you no understand my mother . It's liar .,anger|disgust|sadness
It's hard to be strict with a man who loses money so pleasantly .,disgust
It's impolite to stare .,disgust
"It's just all too much right now . You know , I just ...",anger|disgust
It's like being in jail .,disgust
"It's like having a beast ... wild within me ,",disgust|fear
"It's like working in a filling station , watching the cars go by .",disgust|sadness
"It's me , you fool .",anger|disgust|joy
It's no use anyway .,disgust|sadness
It's not going to go that far .,disgust
It's not like they'll miss it .,disgust
It's not right to leave it in there .,disgust|fear|sadness
It's not that easy to kill someone and get away with it .,disgust
It's over .,disgust|fear|sadness
"It's people who should be blamed for the filth , not the river .",disgust
It's pretty awful .,anger|disgust
It's such a ridiculous ...,disgust
It's superficial .,disgust
"It's terribly expensive here , [PERSON] .",disgust
It's the saga of a man with very little charm and even less courage .,disgust
"It's the son of a bitch who painted this car , that's who . Yeah , that's what a real criminal is .",disgust
It's time you rebels learned you can't take the law into your own hands .,disgust
It's time you woke up to your responsibilities .,disgust
It's too bad .,disgust|sadness
"It's ugly , old and musty .",disgust
It's useless .,disgust
It's wasted on this bunch of Swiss bankers .,disgust
It's your fault .,disgust
[PERSON] planted something up in his office to frame me .,disgust
Jeanne ... Majesty .,anger|disgust|fear
[PERSON]'s too strange and I'm too fat .,disgust
Jerk . Two years away from retirement .,disgust
"Jesus christ , man .",disgust|surprise
[PERSON] god - damn holy reverent shit !,disgust
"[PERSON] , I wondered who ate these damn things .",disgust|surprise
"[PERSON] , they weren't taking any chances !",disgust|sadness|surprise
[PERSON] ! You thick - headed chunk of fish - bait !,anger|disgust
"Judge , may we approach ?",disgust
"June , your dog just upchucked .",disgust
Junior's gonna be a convict before he's in third grade !,disgust|fear
Just a man with a poor taste in beers .,disgust
Just another white guy waiting for the train .,disgust
Just because he's got a big ranch and a fancy pool and a lovely house doesn't mean he's a nice guy .,disgust
"Just because it is big and white and a yacht , is it not still dirt ?",anger|disgust|surprise
"Just cable your agent collect , if you've still got an agent .",disgust
Just find him .,disgust
Just get going .,anger|disgust
Just get it over with .,anger|disgust
Just grow up and go to sleep .,disgust
Just look at this crowd .,disgust
Just look at what they've done .,disgust
"Just shut up about her , all right ?",anger|disgust
"Just this once , [PERSON] , why don't you empty your own ashtrays ?",anger|disgust
"Just wait till he's looking down your throat , that's all .",disgust|fear
"Just what we don't need around here , some scrawny , milk - drinking ...",disgust
[PERSON] was never supposed to talk to him .,anger|disgust|sadness
Keep joshing like that And you're never going to college like your sister here .,disgust
Keep [PERSON] away from anything that smacks of politics .,disgust
"[PERSON] , I'm gonna be sick . I'm sorry .",disgust|sadness
Kind of reckless of you .,disgust
"Kirk , [PERSON] has made a chump out of you .",anger|disgust
"[LOCATION] is up for grabs , the spoils of our once fine city going to the ruthless scum who can spread the most carnage and blood in our streets .",anger|disgust
"Ladies and gentlemen , these photos depict horrors ...",disgust|fear
"Lads , they're drunk .",disgust
"Later , you fucker !",anger|disgust
[PERSON] is stupid .,disgust
Let me handle your husband's career and you can live like human beings again .,disgust
Let's face it .,disgust
Let's hurry up and bury this bastard . I'm fucking knackered .,anger|disgust|fear
Let's kill him now .,anger|disgust
Let's talk about something else .,disgust
Liar !,disgust
"Life , every now and then , behaves as if it had seen too many bad movies .",disgust|sadness
"Like a velvet glove cast in iron , and like the gas chamber , [PERSON] , a real fun gal .",anger|disgust
Like an old boot .,disgust
Like disposing of their wives ?,disgust
Like I'd ever tell you .,disgust
Like staying here all night uninvited .,disgust
"Look around , dummy . You see any wires ?",disgust
Look at his crooked smile .,disgust
Look at that shit .,disgust
Look at us . You feel cursed because you were born with it .,disgust
Look how stupid you're acting .,disgust
Look who's here .,disgust|surprise
"Look , Doctor , this ain't [LOCATION] or [LOCATION] or wherever you come from .",disgust
"Look , he doesn't work here anymore , so ...",disgust
"Look , I don't mind if you have a new dog but you can't let him run aroud scaring half the neighbourhood .",disgust
"Look , I'm accused of doing something I didn't do .",anger|disgust
"Look , lon , what you did to me with this woman .",disgust
"Look , we don't need him .",disgust
"Look , what you've done .",disgust
Looks like a fucking choirboy .,anger|disgust
Looks like a goddamn freak show out there .,disgust
"Looks like you're gonna owe us some money , fat boy .",disgust
"Lots of votes taken , but nothing has happened .",anger|disgust|sadness
"Lousy bank robber , too .",disgust
Lousy bitch .,anger|disgust
Lousy freaks !,anger|disgust
Lousy .,disgust
Lunatics !,disgust
Makes rude gestures at people doing their socialist duties .,disgust
"Man , just look at him .",disgust|sadness
"Man , what are you , some kind of frog - watcher ?",disgust
[PERSON]'s no one's friend .,anger|disgust|surprise
Marry a girl your own age .,disgust
Max . See that guy out there with the wog ?,anger|disgust
Maybe a little noisier .,disgust
Maybe going on the wagon makes a man dull .,disgust
"Maybe I wanted to see your face naked , no guard up , how you really felt hoping I would be wrong about something that I knew my entire life .",disgust|sadness
"Maybe she even killed my partner , [PERSON] .",anger|disgust
"Maybe you can hear this . The next time you cross me , you're gonna turn up missing .",disgust
Maybe you should have thought of that before you sent her to rob my client .,anger|disgust
"Men will believe anything , the more preposterous the better .",disgust
"[PERSON] , I don't mind you being stupid , but this is crazy .",disgust
Might as well be a hundred .,disgust|fear
"Might wash some of the starch out of you , or rust .",disgust
"[PERSON] , I'm gonna kill you , you murdering son of a bitch !",disgust
"MIT was after me , wanted me to rule the world for them .",anger|disgust
Mom said sleeping with you was like sleeping with a salad with bad dressing !,disgust
Monster ! He's hiding my [PERSON] !,disgust|fear
Monsters devouring human flesh .,anger|disgust|fear|sadness
"[LOCATION] to [LOCATION] , hauling shit for assholes .",disgust
"More importantly , what the hell am I doing here ?",anger|disgust
More money for the Pentagon when it's own auditors admit the military can not account for % of what it already spends .,anger|disgust|fear
Most guys couldn't even handle you .,disgust
Most people think they're beautiful dresses on beautiful women .,disgust
"Mother , I'll have to skip your party tonight .",disgust|sadness
Motherfucker .,anger|disgust
"Mr [PERSON] , you've fallen in with thieves .",anger|disgust
"Mr [PERSON] , you've really chapped my ass and I've had just about enough .",disgust
"Mr [PERSON] , it's contempt of court to refuse to answer questions .",anger|disgust
Mr. Land ...,anger|disgust
"Mr. [PERSON] , I really appreciate all the work you do for him , but you and I know that my bloc is growing .",disgust
"Much later , [PERSON] !",disgust
"Murder is very , very real .",disgust|sadness
Murdering unarmed men ?,disgust
Must be losing it .,disgust
Must be the Jamaicans .,disgust
"Must I remind you that you are the fugitive from justice , and not I ?",disgust
Must you flirt ?,disgust
My brother seems to have forgotten his courtliness .,disgust
My champagne is not properly cooled .,disgust
"My ex-wife is now in [LOCATION] , in my ex-home with my ex-dog .",disgust|sadness
My God .,anger|disgust|fear|joy|sadness|surprise
"My job is to see that big , strong men like you ... get on these buses without getting lost .",disgust
My life is none of your business .,anger|disgust
"My mental facilities are twice what yours are , you pea brain .",anger|disgust
Naturally .,anger|disgust|joy
"Never has deposited it . Like I say , he's a nut .",disgust
Never mind that rubbish .,disgust
Never mind .,anger|disgust
Never return to [LOCATION] .,disgust
"Next time you try that , I'll forget that you're a woman .",disgust
"Nice tits , sure , But a face I wouldn't want to Wipe my feet on .",disgust
"[PERSON] , [PERSON] , [PERSON] .",disgust
"No case ? Your client put a faulty train on those tracks , people died , and they knew it could happen the whole time .",disgust
No doubt the fellow is an impostor .,disgust
No further questions .,disgust
"No man , woman or beast will ever desire you again .",disgust
No matter how many you kill here you still won't save the kingdom The emperor is surrounded by sycophants and has no idea of the suffering of his people,anger|disgust|sadness
No morality ?,disgust
No more soap opera .,disgust
No need to mock the grave .,disgust
No need to shove !,disgust
No way in hell .,anger|disgust
"No , don't do it .",disgust|fear
"No , get away from her you fucking old bitch !",anger|disgust
"No , he has other things to do than spend his money on stupid things",disgust
"No , I don't like it .",disgust|sadness|surprise
"No , my colleagues and I didn't find Captain [PERSON] a perfect officer .",disgust
"No , no , I will not go crawling back to that woman",disgust
"No , no , no . lt's Saturday night , man .",disgust|sadness
"No , no , no . Shit .",anger|disgust
"No , no . - No interference from us , right ?",disgust
"No , not today .",anger|disgust
"No , not tonight .",disgust
"No , [PERSON] likes vulgar women .",disgust
I'm not sure how to operate that thing .,fear
"I'm not surprised . Me , too .",anger|fear|sadness
I'm peeing my pants .,disgust|fear|sadness
I'm scared .,fear
I'm shaky .,fear|sadness
I'm shocked .,fear|surprise
I'm so afraid for you .,fear
"I'm so scared my bones are clicking , like dice on a [PERSON] crap table .",fear
"I'm telling you , sir , you've got to put a stop to him now .",fear
I'm the one that left you that note today . That's so strange .,fear
"I'm trapped , [LOCATION] .",fear
I'm trapped .,fear
I'm wondering too because this really wasn't part of the plan .,fear|surprise
"I'm worried about the future , and what people will think .",fear
I'm . . I no m. . mean to .,fear
"I've been doing some checking on you , Mr. [PERSON] .",fear|surprise
I've been robbed .,fear
"I've got every man on it , but without FBI or locals , we're carrying a handicap .",fear
I've got to get out before he gets back !,fear
I've just been bitten by a snake .,fear
I've just heard a startling piece of news .,fear
I've no other place to go .,fear
I've only got hours .,fear
I've put the gun down .,fear
"I've , uh , really enjoyed this little chat .",fear
If anyone looks like they know you ...,fear
"If [PERSON] sees a phone company subpoena , now , she'll bust a gut .",fear
"If he found out , he'd insist upon doing it himself if he had the money , which I doubt .",fear
"If he starts convincing those senators , you might as well blow your brains out !",fear
"If I give them any trouble , they cut me .",fear
"If I go , you'll ruin me .",fear
"If I let go , I'll fall !",fear
"If I miss that meeting , I'll lose about half next year's sales commissions .",fear
If I take the Fifth and refuse to testify before the grand jury ... It could destroy my reputation .,fear
"If I'm not on guard every moment , you steal across the border into reality .",fear
"If it was in all states , not good .",fear
"If [PERSON]'s found dead , that'll make for more questions and deeper probes .",fear
"If one of them followed you , there's got to be more of them around .",fear
"If she succeeds , the consequences will be disastrous .",fear
"If the strychnine was not in the coffee and we know that it was not in the cocoa , where it was ?",fear
"If they find out you're FBI , we have a problem .",fear
"If they track you down , it wouldn't be our doing .",fear
If things don't work out ...,fear
"If we close , our stock won't be worth a nickel .",fear
"If we didn't have a price on our heads , we'd get out of this hole .",fear
"If we do this , we're in trouble .",fear
"If we don't get that money , how's [PERSON] gonna go to seattle ?",fear
"If we keep our stern to the wind , we'll roll over .",fear
"If we let him live , could he forgive us ?",fear
"If we lose , get out of town quick .",fear
"If we quit , some Federal judge take away your money .",fear
"If we screw up graduation , we'll have to take basics all over again .",fear
"If we yield to blackmail from this man , we'll become a laughing stock !",fear
"If you bleed , you'll get an infection .",fear
"If you do that you'll get nothing , except maybe the police after you .",fear
"If you don't find [PERSON]'s killer , we are both history .",fear
If you don't hurry ...,fear
"If you know where she is , I beg you to tell me now before it's too late .",fear
"If you print anything now , I'll be exposed .",fear
"If you tell anyone who is not in this room about this project , this bullet has your name on it , and it will find you .",anger|fear
"If you want him to die , shoot now .",anger|fear
"If you're guides there , I'll kill your family .",anger|fear
"If you're standing where [PERSON] was , you're gonna drown .",fear
Imagine being forced to build that in the condition they must be in .,fear
In hours every hit man in [LOCATION] will be here . I seriously doubt that .,fear
"In a shootout , five members of one Colombian drug gang were ambushed by their bloody rivals , the Jamaican Voodoo Posse , who escaped without a trace - again making total fools of ...",anger|fear|sadness
"In the dream , the destroyer's destroyed .",fear
"In the meantime , I'll be dead .",fear
[LOCATION]'s been fatal to every commander who risked his fortune there .,fear
Is anybody hurt ?,fear
Is anyone down there ?,fear
Is he all right ?,fear
Is he gonna be okay ?,fear|sadness
Is it bleeding ?,fear
Is it worth the risk of a scandal ?,fear
"Is it , perhaps , that this cause is too hopeless ?",fear
Is [PERSON] really dead ?,fear|sadness
Is Mommy going to be all right ?,fear
Is something wrong ?,fear
Is there no a door of another side ?,fear
"[PERSON] . [PERSON] , are you all right ?",fear
"Isn't it possible that some sort of external intelligence , some discarnate entity , has crossed into our plane of existence ?",fear
Isn't [PERSON]'s death enough ?,fear
Isn't that rather exposing the First Lady to some risk ?,fear
Isn't that terrible !,fear
It ain't safe to go that way ...,fear
It can only blow up in our faces .,fear
"It can't be a coincidence it lays out this way , [PERSON] .",fear
It concerns me !,fear
It could break us financially .,fear|sadness
It could get you in trouble .,fear
It could have been a dead end .,fear
It could still come back at any time,fear
"It couldn't have been me , sir .",fear
It doesn't fear my incantations !,fear
It felt like an earthquake .,fear
It hurts !,anger|fear|surprise
It is he .,fear
It is infernal !,anger|fear|surprise
It is the monster !,fear
It kills many brave men .,fear
It looks like a life sentence .,fear
It makes it increasingly less likely that we're alone .,fear
It may bring you serious trouble .,fear
It may endanger the very peace and stability of [LOCATION] .,fear
"It means , um ... if you say anything about this , - your ass is grass . - Okay .",anger|fear
It might get infected .,fear
It must be serious .,fear
It put the rope to the neck !,anger|fear
It puts him in the area within one hour of the first killing .,fear
It sounds frightening .,fear
It sounds to me like you have an agenda .,fear
It tried to kill my Raymond !,fear
It was a nightmare .,fear
It was an accident .,fear
It was an avalanche .,fear
It was horrible there .,fear
It was just ... something happened that ... hasn't happened in like years .,fear|sadness|surprise
It was really hard .,fear|surprise
"It wasn't her fault , honest it wasn't .",fear
It will be difficult for me . Suppose ...,fear
It will get me in much trouble .,fear|sadness
It will make them sick .,fear
It ... it's gonna be okay .,fear
It'll get cold .,fear
It'll only get you in trouble .,fear
"It'll probably kill me , too .",fear
It's a big mistake .,fear
It's a cruel disease .,fear
It's a damn nightmare .,fear
It's a matter of life and death !,anger|fear
It's a matter of life and death .,fear
It's a monster !,fear
"It's a passion that continues to grow , ... The more the King is drowning .",fear
It's a shark !,fear
It's a train robbery .,fear
It's a trap .,fear
It's a wonder we make a profit at all .,fear
It's all been like a crazy nightmare .,fear
"It's all coming apart , Al.",fear|sadness
"It's all right , don't shoot !",fear
It's already on the : news .,fear
"It's awfully quaint , isn't it ?",fear
It's bad there .,fear
It's black smoke .,fear
It's dangerous jouncing Mrs. [PERSON] over open country .,fear
It's dangerous .,fear
It's difficult holding her .,fear
It's going to be a disaster .,fear|sadness
It's gonna be a massacre .,fear
It's her !,fear|joy|surprise
It's horrible .,fear
It's just that ... the breeding is no longer working .,fear
"It's just when you say these things are closing in on me , it's like a nightmare .",fear
It's just -- it's hard sometimes .,fear|sadness
It's kind of the hardest part of all these 'cause he doesn't -- He don't know why we're here .,fear
It's like that time in [LOCATION] when he made me walk ... stripped down to only my long - handles and my hat .,fear
"It's like they're after me , right ?",fear
It's looking for us .,fear
It's not an easy thing to do .,fear|sadness
It's not enough .,fear|sadness
"It's not going to be a problem , is it , [PERSON] ?",fear
It's not going to be easy .,fear
It's not like that .,fear
"It's not mine , man .",fear
It's not right . I'm gonna go check it out .,fear
It's not safe .,fear
"It's not what you think . I - I - I would never ... Please , [PERSON] .",fear|sadness
It's serious trouble . So many dead and wounded .,fear|sadness
It's something I couldn't discuss with anyone .,fear
It's three years since my last confession .,fear
It's ticking like a bomb .,fear
"It's too dangerous , it's utterly unpredictable .",fear
It's too late to start anything now .,fear
"It's too late , isn't it ?",fear
It's too late .,fear
It's too risky .,fear
It's too young for a heart attack .,fear
It's urgent !,fear
It's you .,fear
"It's your gun , sir ?",fear
"[PERSON] , I warn you .",fear
[PERSON] could be killed .,fear|surprise
Japs !,fear
Jeanne !,fear|surprise
[PERSON] ! Murderer !,fear|surprise
Jesus Christ .,fear|surprise
"[PERSON] , sic him !",fear
Judgement of murder !,anger|fear
"[PERSON] , I don't know what I'll do when you go .",fear
"[PERSON] was here last night , trying to kill me .",fear
Just in case .,fear
Just look at her . Look at the size of her .,fear|surprise
Just look at me . I can't get through that jungle .,fear
Just please help us .,fear|sadness
"Just promise me you'll see a doctor as soon as you get there , okay ?",fear
"Keep it down , you'll wake the munchkins !",fear
"Keep your head down , hotshot !",anger|fear
Keep your voice down .,anger|fear
Kelly's dead ?,fear|sadness|surprise
I'm saved !,joy
I'm so glad to see you .,joy
I'm so glad we could talk .,joy
I'm so glad we stayed !,joy
I'm so glad you've come home safely .,joy
I'm so happy for you .,joy
I'm so happy to see you .,joy
I'm so relieved .,joy
"I'm strong , snappy , loving .",joy
I'm sure glad we've run into you .,joy
I'm sure I can do it .,joy
I'm sure that in all [LOCATION] there's no empathicalist as charming as you .,joy
I'm sure that's thanks to you as well .,joy
I'm sure you'll be glad to know that law and order has come to [LOCATION] .,joy
I'm thinking about my own ass .,joy
I'm very fond of my wife and kid .,joy
"I'm very happy to know you , sir .",joy
"I'm very pleased to meet you , sister [PERSON] .",joy
I've a great program to try out .,joy
I've always been in love with you .,joy
I've been building a reputation for years .,joy
"I've been building a reputation for 25 , years .",joy
I've been sleeping with women .,joy
I've escaped !,joy
I've forgotten how good a bad woman feels .,joy
I've got cookies !,joy
I've got some good wine .,joy
I've got some sandwiches in my pack .,joy
"I've had a lot of fun , [PERSON] , I saw some shows , went to nightclubs .",joy
I've never been happier in my life .,joy
I've never felt more alive in my whole life .,joy
I've never seen anything in my life as beautiful as you are .,joy
"If he likes running his fingers through my hair , well , why not ?",joy
"If he made it , so can I !",joy
"If I see you in the stands , it make me feel better .",joy
"If it's so beautiful down there , why ...",joy
"If there was a bum within miles , I was completely attracted to him .",disgust|joy|sadness
"If you did your cheekbones better , you could look like [PERSON] .",joy
"If you didn't try new things , there'd be no progress .",joy|surprise
"If your mother were alive , she'd be so happy .",joy
In appreciation of your great success in the fields of love and finance I wish to congratulate you on behalf of the members of the Fifth Avenue Anti-Stuffed Shirt and Flying Trapeze Club .,joy
"In fact , I admire the style of you .",joy
"In fact , I'm just about to haul nuggies .",joy
In my dreams I saw a light over [LOCATION] and I knew there was hope .,joy
"In my mind's eyes I see three circles joined in priceless , graceful harmony .",joy
"In other words , it doesn't hurt a bit .",joy
"In the final analysis , all we're trying to do is create a happy world .",joy
"In the garden of a convent in [LOCATION] , there's a beautiful statue .",joy
"In the summertime , at sunset , the whole beach looks incredible .",joy
"In this business , one should joke a little .",joy
Is her lover . He comes over .,joy|surprise
"Is it not fortunate , for instance , that I own the newspapers in my country ?",joy
Is it ... and look who's there !,joy|surprise
Is that a fine - lookin' woman or what ?,joy
Is this a beautiful castle ?,joy
Isabelle !,joy
[PERSON] . [PERSON] ! It's finished .,joy|surprise
Isn't it divine ?,joy
Isn't it marvellous ?,joy
Isn't it wonderful ?,joy
Isn't she gorgeous ?,joy
Isn't she pretty ?,joy
Isn't technology wonderful ?,joy
Isn't that amazing ?,joy
Isn't that an intriguing challenge ?,joy
Isn't that extraordinary ?,joy
Isn't that her dancing with that nice - looking young fellow over there ?,joy
Isn't that pretty ?,joy
"Isn't that wonderful , father ?",joy
Isn't that wonderful ?,joy
Isn't this fun ?,joy
Isn't this just fabulous ?,joy
I'll never get this . We're doomed !,fear|sadness
I'll never have a girl like that,sadness
I'll never see you again .,sadness
I'll start weeping with self - pity any minute .,sadness
I'm a sex trafficking survivor .,joy|sadness
I'm a sick man .,sadness
"I'm a three - time loser , [PERSON] .",sadness
I'm afraid I can not accept your evaluation of Cdr . Owynn .,sadness
I'm afraid I'm not a very good host .,sadness
I'm afraid I've disappointed you .,sadness
I'm afraid it's all my fault .,sadness
I'm afraid Scraps will have to be shot .,sadness
"I'm afraid the press has been alerted to your mother's presence here ... - ... and her arrest . - Oh , great .",disgust|sadness
I'm afraid we lost our patient .,sadness
"I'm afraid we must go , dear .",sadness
I'm an old man who will live until I die .,sadness
"I'm awfully sorry , darling .",sadness
I'm awfully sorry .,sadness
"I'm awfully unhappy , Mom .",sadness
I'm broke .,sadness
I'm cold,sadness
I'm cold .,sadness
I'm distraught to hear that .,sadness
I'm falling ...,sadness
"I'm flying under false colours , Miss [PERSON] .",disgust|sadness
I'm getting numb all over .,fear|sadness|surprise
I'm going home . I - I'm not well .,fear|sadness
I'm going now to the church for confession .,fear|sadness
I'm going to have to leave the country if I ever want a breath of air .,sadness
I'm going to jump .,sadness
I'm gonna kill myself .,sadness
I'm grounded .,sadness
I'm hungry .,sadness
I'm hurt and ...,sadness
I'm in bad shape .,sadness
I'm in rehab ?,fear|sadness|surprise
I'm involved with someone else .,sadness
I'm just an old farm boy .,sadness
I'm just as old as I look .,sadness
I'm just not up to my usual self .,sadness
I'm just so scared .,fear|sadness
I'm just starting to feel like ... Pretty alone .,sadness
I'm just tired .,anger|disgust|sadness
I'm just ... so frustrated .,anger|disgust|sadness
"I'm leaving you , my dear .",sadness
I'm leaving .,sadness
I'm not at my best over the phone .,sadness
I'm not doing it alone .,fear|sadness|surprise
I'm not feeling well . This won't take long .,sadness
"I'm not investigating her for working for you , I'm investigating her for felony fraud .",sadness
I'm not lying .,anger|sadness
I'm not playing at being provost marshal . And I never heard of luck that didn't run out .,anger|sadness
I'm not ready to retire yet .,sadness
I'm not really . It'll be a long time before I can even be with another dog .,sadness
I'm not sure how much good all this talking's doing .,sadness
I'm not usually this fragile .,sadness
I'm not very good at that .,sadness
I'm obsolescing like this old straw - bottomed cruiser of ours .,sadness
I'm out of my mind ?,sadness
I'm really not sure .,sadness|surprise
"I'm really sorry , Mr. [PERSON] .",sadness
I'm really sorry .,sadness
I'm sentimental about old people .,sadness
I'm sick and tired of this delay .,sadness
I'm sick .,sadness
I'm so ashamed .,sadness
I'm so clumsy . I'm sorry .,disgust|sadness
"I'm so pissed at you ! I'm really pissed , OK ?",anger|disgust|sadness
"I'm so sorry , grandma . No one wanted to tell you , but you're dying .",sadness
I'm so sorry .,sadness
I'm sorry about the shoes .,sadness
I'm sorry about this .,sadness
I'm sorry about your father .,sadness
I'm sorry for you .,sadness
"I'm sorry I can't wait here with you , but ...",sadness
I'm sorry I don't have one for you .,sadness
I'm sorry I snapped at you .,sadness
I'm sorry if I spoiled a print .,sadness
I'm sorry that I could not divulge the truth to you of all men .,sadness
I'm sorry they don't like me .,sadness
"I'm sorry this had to happen , [PERSON] .",sadness
I'm sorry to disturb you .,sadness
I'm sorry to have bothered you .,sadness
I'm sorry to hear about your little loss .,sadness
"I'm sorry to hear that , Lady Fingers .",sadness
"I'm sorry to hear that , Mr. [PERSON] .",sadness
I'm sorry to hear that .,sadness
I'm sorry we got here too late to see you dance .,disgust|sadness
"I'm sorry , gentlemen ...",sadness
"I'm sorry , Grandfather . I've got to get some air .",disgust|sadness
"I'm sorry , [PERSON] .",disgust|sadness
"I'm sorry , I didn't mean to , you know ...",sadness
"I'm sorry , I didn't think .",sadness
"I'm sorry , I have a bill ...",sadness
"I'm sorry , I'm sorry .",sadness
"I'm sorry , maybe you don't want any company .",sadness
"I'm sorry , Rock .",sadness
"I'm sorry , sir .",sadness
"I'm sorry , the coffee's gone .",sadness
"I'm sorry , there's nothing I can do . You'll have to kill your dog .",sadness
I'm sorry . I'm just frustrated .,disgust|sadness
I'm sorry . I'm sorry .,sadness
I'm sure you don't mean that .,sadness
I'm talking too much .,sadness
"I'm telling you , I thought I was the best .",sadness
I'm terribly sorry .,sadness
I'm the last installment and that troubles me .,sadness
I'm tired of being only three inches high .,sadness
I'm too old to be traded in .,sadness
I'm too tired .,sadness
I'm trying to clean up the party . Our party . And I end up speaking out of turn .,sadness
"I'm trying , you know it really upsets me .",sadness
I'm unhappy .,sadness
"I'm very sorry about that , Miss.[LOCATION] . .",sadness
"I'm very upset , [PERSON] .",anger|sadness
I'm ... I'm sorry .,sadness
I've been aboard the [PERSON] too long .,disgust|sadness
I've been crying all morning because I thought I'd never see you again .,sadness
I've been having weather problems .,sadness
I've been in all night .,sadness
"I've been sick , [PERSON] .",sadness
"I've been stuck here for 20 , years .",sadness
I've been taking these pills for my cold and they knock me out .,sadness
"I've been trying to find you , but ...",sadness
"I've even ... Maybe you won't admit it , but you love me . - [PERSON] .",sadness
"I've got a headache , [PERSON] .",sadness
I've got a scar .,sadness
"I've got bad news for you , GJ .",sadness
"I've got to go to [LOCATION] , first plane .",sadness
I've had a very trying evening .,sadness
I've had the flu .,sadness
I've lied and used people all my life because I thought everybody did .,sadness
"I've lost , pounds on the horses .",sadness
I've missed so much !,sadness
"I've never been dumped before , that ... didn't feel awesome .",sadness
I've never before known anyone who was really brave .,sadness
I've never had anyone make me feel as cheap as you did today .,anger|disgust|sadness
I've never tried to kill myself successfully .,sadness
I've slaved in that man's factory for years and years .,sadness
"If [PERSON] found out , it would kill her .",sadness
If humans forget about us nobody will think of fun things for Junior to do .,sadness|surprise
If I could only close my eyes for a few hours .,sadness
"If I spoke , you barely answered .",sadness
If I told you what we've been through ...,sadness
If I'd only figured it out before maybe we wouldn't have been trapped down here .,sadness
"If men and nations had this goodness that I speak of , I would be willing to share all this ... My records , everything .",sadness
If only I'd done a better job .,sadness
"If that's what the grown - ups have done with this world , we have to start those boys ' camps and see what the kids can do .",sadness
If there were more time ...,sadness
If we could be like this forever it would be great,sadness
"If we had known , we would have greeted you with flowers .",sadness
"If you die , your type will be extinct",sadness
"If you don't eat and sleep , you have to expect accidents like that .",sadness
"If you would've had four fours , you would've won .",sadness
"Imagine , an important part of my life wasted between whistles .",sadness
"In fact , we're so bad that we're disbanding .",sadness
In jail for years and they suddenly found it was another chap .,sadness
"In the end , we would be masters of a wrecked and hungry planet .",sadness
"In the last century , the islanders were starving .",sadness
In your world if The Neverending Story is fading no child will ever know about Junior .,sadness
Is it all gone ?,sadness
Is it that you think it'll be better for ... for all of us if you go away ?,sadness
"Is not no one , who could take care of him ?",sadness
Is that it ?,sadness|surprise
Is there no justice in the world ?,anger|disgust|sadness|surprise
Isn't that what's wrong with the world today ?,sadness
"It adds a few miles to our trip , but somehow I've become a little sentimental .",sadness
It affects her every day .,sadness
"It ain't all that easy , son ....",sadness
It breaks my heart .,sadness
It could work if the government would spend more money .,sadness
It didn't feel to me like you were interested in talking just now .,sadness
It does matter .,sadness
It doesn't happen often these days .,sadness
It doesn't have to be like this .,sadness
It doesn't make sense .,sadness
"It doomed me forever to middle management , and that's the truth .",anger|sadness
It drags at your heart till ... you can't do anything but look back .,sadness
It ended very badly .,sadness
It forces me to beg as a beggar .,sadness
It gives me a terrible pain .,sadness
"It hasn't been all that pleasant for you , has it Mr. [PERSON] ?",sadness
"It hasn't been easy , has it ?",sadness
It hurts a little .,sadness
It hurts me when people laugh at you .,sadness
"It hurts , but he doesn't show it .",sadness
"It hurts , hurts , hurts .",sadness
It is not a pivotal project in your career .,sadness
It is not the one .,sadness
It is probable that the last dose is fatal .,sadness
"It is too expensive to maintain , [PERSON] !",sadness|surprise
It isn't like it used to be .,sadness
It isn't that . It's what [PERSON] said .,sadness|surprise
It made me Mink about all of us being together again and how we used to be .,sadness
It makes me sad .,sadness
It makes my heart sad .,sadness
"It must be a mistake , he was clever ...",sadness|surprise
It must be difficult to let go of something so beautiful .,sadness|surprise
It seems I try to do the impossible .,sadness
It seems there's no formal contract between you and [LOCATION] .,sadness
It sometimes never goes away . How you talk .,sadness
It takes away the pain .,sadness
It was awful !,sadness
It was blocking him from coming out .,sadness
It was certainly a heart attack !,sadness|surprise
It's all here .,surprise
It's an investment ?,surprise
"It's as if ordinary human beings , living ordinary lives , had suddenly vanished from the [LOCATION] , and the world was suddenly full of butterflies shaped like people .",surprise
It's back !,surprise
It's been over a week you've been gone .,surprise
"It's beyond me how the more money a corporation loses , the more it makes , because of the carryovers with the write - offs .",surprise
"It's funny , she didn't mention a husband .",surprise
It's getting real bright out here .,surprise
It's hard to believe about [PERSON] .,surprise
"It's hard to believe that you haven't had sex for 200 , years .",surprise
"It's hard to believe , isn't it ?",surprise
It's impossible !,surprise
It's impossible . [PERSON] ...,sadness|surprise
"It's impossible . Now time is up , [LOCATION]'s doing it's audit .",anger|sadness|surprise
It's incredible stupidity ...,anger|sadness|surprise
It's just beginner's luck .,anger|sadness|surprise
It's just me .,surprise
"It's like they're running an errand , and they happen to spot the one they love across the street running a different errand .",surprise
It's more than my job's worth !,anger|surprise
"It's not all a lie , [PERSON] .",anger|sadness|surprise
It's somehow able to bend light .,surprise
It's the first time he's told me the truth !,surprise
It's unbelievable .,surprise
It's working .,joy|surprise
"[PERSON] , aren't you going to tell him about the jewelry ?",surprise
"[PERSON] , what happened ?",surprise
"[PERSON] fucking christ . - $ ? - Yes , sir .",anger|surprise
"[PERSON] , this is a fairly young guy .",surprise
Jesus !,surprise
Jesus ... - Christ on a crutch .,surprise
"[PERSON] , are we leaving ?",surprise
[PERSON] ... ?,surprise
Joséphine ?,surprise
"Judge , it's our theory that Mr. [PERSON] is being framed in this case .",surprise
"Judges need to be educated , the public needs to be educated , the Department of Justice needs to be educated on exactly what's going on here .",sadness|surprise
Junior when are you going to learn the difference between a rock and a nose ?,anger|surprise
Just one ?,surprise
Just what is this relationship between you and our friend ?,surprise
"Just when I think you're dead , you always come back .",surprise
Ka - rumph ! We were smashed to port .,anger|surprise
[PERSON] didn't even look at me .,surprise
knots through the harbour ?,surprise
"[PERSON] , he shouldn't be up here .",anger|surprise
"l pumped your stomach . Oh , God .",fear|surprise
"Lacy , watch out !",fear|surprise
"Leader , party just got bigger .",surprise
"Leon , why are you so good to us ?",surprise
Let me give you this watch .,joy|surprise
Let me have secrets .,surprise
Let me in ! Let me in !,surprise
Let's just time [PERSON] as he comes charging to the rescue ! - What's going on here ?,surprise
Let's not get carried away here .,surprise
"Let's put this on your wrist . What is that ? Ok , this is a digital heart monitor .",fear|surprise
"Lieutenant , what the hell is that thing ?",anger|surprise
Like [PERSON] lost control ?,surprise
"Like one time , I was with this guy and he came into my bedroom and he was naked , except he still had his socks on .",surprise
Like what ?,surprise
"Like your shoes , it's a miracle she lasted as long as she did .",surprise
"Listen to this , there were some hard drives in the copy store that belonged to Sandstorm's fixer .",surprise
"Listen , today is my birthday and the girls give me a party .",surprise
Look at all that underwear .,surprise
Look at all these happy families .,surprise
Look at your eyes !,surprise
Look how big it is !,surprise
Look how I've changed !,joy|surprise
Look out below !,surprise
Look what just came in .,surprise
"Look , a fist !",surprise
"Look , I won !",joy|surprise
"Look , it's [PERSON] !",surprise
"Look , look , this would be the greatest discovery in the history of science .",surprise
"Look , money !",surprise
"Look , you can't dwell on what you hoped was gonna happen with [PERSON] .",sadness|surprise
Look !,joy|surprise
Look . Look ! Look !,surprise
"Looks a lot like your house , doesn't it ?",surprise
"Looks like he's in great shape , don't he ?",surprise
Looks like I got an abdominal and a thigh . - Dress it . Quickly .,anger|surprise
Looks like we got a slumber party on the third floor .,surprise
Looks like we're going that way .,surprise
Lord [PERSON] ! Lord [PERSON] ! Lord [PERSON] !,surprise
"[PERSON] , don't you have your own secretary ?",surprise
lt was [PERSON] . - How do you - l tailed him .,surprise
"Lucito , huh ?",surprise
Mac ...,surprise
Madame is canceling the engagement ?,surprise
"Madame , if you don't think about food , what do you think about ?",surprise
Magic ?,surprise
"Man , he is a lot bigger .",surprise
Many of you aren't wearing battle gear .,sadness|surprise
"[PERSON] , nice to meet you .",joy|surprise
"[PERSON] -[PERSON] , how do you do ?",surprise
Mark : There's a big wind coming !,surprise
[PERSON] has disappeared .,anger|fear|sadness|surprise
Maryk showed me a log he had written on [PERSON]'s behaviour .,surprise
"[PERSON] , you must be mistaken .",surprise
Maybe he'd better start carrying his own matches . Oh ?,surprise
Maybe I expected him to be Daddy and he wasn't .,surprise
Maybe it's me and [PERSON] .,surprise
Maybe that's where they're keeping the kids .,surprise
Maybe they're buddies after all .,surprise
Maybe you sleep together once in a while .,surprise
Me not work ?,surprise
"[PERSON] , you're so ... weird !",surprise
Miss what ?,surprise
Miss [PERSON] is going with you ?,surprise
"[PERSON] , my man .",joy|surprise
More than two ?,surprise
More ! - More ?,surprise
Mother of God . [PERSON] ' dog ? - You said pig .,anger|surprise
Mr who ?,surprise
Mr. [PERSON] ? It's been so long . I almost didn't recognize you .,surprise
Mr. [PERSON] ? You all right ?,surprise
Mr. [PERSON]'s changed with the times .,surprise
"Mr. [PERSON] , do you think really that I could be a star ?",surprise
Mr. [PERSON] knows perfectly well the witness is unable to answer that question .,sadness|surprise
"Mr. [PERSON] , it seems that [PERSON]'s mother was murdered by [PERSON]'s father .",surprise
Mr. [PERSON] wants to know how come he don't know you .,joy|surprise
"Mrs [PERSON] , do you know what you just ordered ?",surprise
Ms. [PERSON] ... everybody has a secret face .,surprise
"Ms. [PERSON] , this is an outrageous situation .",surprise
Must have been watching out that window for hours .,surprise
My club ? Really ?,joy|surprise
My God !,surprise
"My goodness , you have such an attractive little garden here .",surprise
My life is a surprise .,surprise
My new car !,sadness|surprise
"My prince , did I hear you right ?",surprise
My scarf . Where's my -- ?,surprise
"My uncle is dead , I swear .",surprise
"My word , are there important people downstairs ?",surprise
"My , and you did your spring house - cleaning all in one day .",surprise
Nearly creamed us both .,fear|surprise
Never saw a man yet could hold his liquor like a bottle .,surprise
"Never tasted better . There's a fork on your left , Mr. Land ...",joy|surprise
"Never , in any crisis of your life , have I known you to have a handkerchief .",surprise
"Next thing you know , boom .",surprise
Nice entrance .,surprise
[PERSON] killed [PERSON] ?,fear|surprise
"[PERSON] , that was your new partner .",sadness|surprise
[PERSON] ! What the -- ?,anger|surprise
Ning !,joy|surprise
"Ninotchka , when we first went to my apartment ... did I have the slightest idea that you were connected with this deal ?",surprise
No diapers ?,surprise
No DNA found at the scene .,surprise
No luck ?,sadness|surprise
No one's ever gotten away with a stunt like this before .,surprise
"No , [PERSON] !",surprise
"No , Dad , we adopted .",sadness|surprise
"No , for [PERSON] and [PERSON] .",sadness|surprise
"No , I don't even want to do that .",anger|sadness|surprise
"No , I don't guess it is .",surprise
"No , it's just ... I read in this thing that's what I'm supposed to do .",fear|surprise
"No , no , no , I don't mean that .",surprise
"No , no , they don't .",anger|surprise
"No , not perhaps  .",sadness|surprise
"No , not , [PERSON] .",sadness|surprise
"No , nothing .",sadness|surprise
"No , please , no !",surprise
"No , those were rumours .",sadness|surprise
"No , you wouldn't .",surprise
No ! Are you crazy ?,anger|disgust|surprise
No ! No !,anger|fear|surprise
No ! What do the nuns do anyway ?,surprise
"No ! You know what you're full of , [PERSON] ? Sin !",sadness|surprise
No . ls someone looking for me ?,surprise
No . Not the rangers . What'll I do ?,fear|surprise
No . This is [PERSON] .,surprise
"No . Well , I'll tell you what .",sadness|surprise
No ...,surprise
Nobody knows anything about what's happening here .,surprise
Nobody's going to come looking for him ?,anger|fear|sadness|surprise
[PERSON] equals [PERSON] .  This is [PERSON]'s handwriting .,surprise
"Noise , what's that noise ?",surprise
None of this was [PERSON]'s fault .,surprise
Not an idiot ?,surprise
"Not bad for an old - timer , huh ? I'll say .",surprise
Not even a perhaps or a maybe ?,sadness|surprise
"Not exactly funny , it's just that you're so different from your son .",surprise
Not exactly .,sadness|surprise
Not [PERSON] ?,surprise
Not the way it is .,fear|surprise
Not until you've finished .,sadness|surprise
"Not very hard , then .",surprise
"Not very lucky , is he ?",surprise
Now he was going to pry it open .,surprise
Now isn't that jolly ?,joy|surprise
Now let him win it back !,surprise
Now neither one of you are making sense .,surprise
Now that hurts . Because this was my intention from the very beginning .,sadness|surprise
Now that you mention it ...,surprise
Now what makes you think I hate her ?,surprise
Now what's all this ?,surprise
Now you want to give him another ?,surprise
"Now , don't tell me Shooter's your oldest and best friend .",disgust|surprise
"Now , that ... that would be unexpected .",surprise
"Now , that's original .",surprise
I don't believe it !,anger
I don't believe you !,anger
"I don't believe you . - You can't accuse me , sir .",anger|fear
I don't care about [PERSON] !,anger
I don't care because he sure as hell knew after .,anger|disgust|sadness
I don't care if it's important or not .,anger
I don't care if we got it !,anger
I don't care if you fire me this exact fucking moment .,anger
I don't care what it costs !,anger
"I don't care what you found , boy !",anger
I don't claim to be some kind of brilliant psychologist .,anger
I don't feel like answering any more questions .,anger
I don't give a damn .,anger
I don't give a shit if he knows who killed him or not .,anger|fear
I don't got ta pay you for that .,anger
I don't know what a Snap Dog is .,anger
I don't know what I'd ...,anger|sadness|surprise
"I don't know what you think you're doing here , but you better get out of my office before you find yourself under arrest .",anger|disgust|surprise
I don't know what you're talking about .,anger|fear|surprise
I don't know why he gets so worked up over unimportant things .,anger
I don't know you get to ask that .,anger|disgust
I don't like being pushed around .,anger
I don't like reporters .,anger
I don't like the way you are looking at me .,anger
I don't like this house .,anger
I don't like your faces .,anger
I don't like your tone .,anger
I don't need a doctor . I need a promoter .,anger
I don't need entertaining .,anger
"I don't need marked cards to beat you , pal .",anger
I don't need you monitoring my intake .,anger
I don't owe you jack shit .,anger
I don't see how you have the gall to face me !,anger
I don't see why my son shouldn't be getting his own allowance .,anger
I don't think so and I don't care and I don't have the time .,anger
I don't think so .,anger
I don't think we want to talk any more .,anger
I don't think you hear very well . I am not testifying at this trial .,anger|fear
I don't trust them any more .,anger|sadness
I don't understand it and I don't like it .,anger
I don't understand why I was transferred to you .,anger|sadness
I don't wan na have a stinkin' fight again .,anger
"I don't want any connection to this precinct . If you do it , don't do it here .",anger|fear
"I don't want any lesson , Shooter .",anger
I don't want any luck .,anger
I don't want him hollering out any windows either .,anger
I don't want it .,anger|disgust
I don't want my picture taken .,anger
I don't want the money if this is how you have to earn it !,anger
"I don't want to complain , but there's an institution called dinner .",anger
I don't want to hear another word .,anger
I don't want to hear it .,anger
I don't want to hear this !,anger|disgust|sadness|surprise
I don't want to part with it even in death,anger|disgust
I don't want to start rehashing everything .,anger
I don't want to talk to him . I'll call him Monday .,anger
I don't want to .,anger|sadness
I don't want you on here right now .,anger|disgust
I don't want you saying nothing about the Kid and nobody else in my damn county .,anger
I don't want you smoking in the car tomorrow .,anger
I don't want your tomatoes !,anger
"I du n no what that cleaner's doing , but tell him to cut it out .",anger
"I gave you , so you owe me bucks . Okay ?",anger
I get twice the work done around here . - You know why ?,anger|sadness|surprise
I give up !,anger|disgust|sadness
I got a goddamn campaign to win .,anger
"I got enough to put you away for a long vacation . So like it or not , as of now you're working for me , understand ?",anger|disgust
I got my eye on you .,anger
I got my rights !,anger
"I got my shotgun full of 16 , thin dimes .",anger
I got troubles of my own .,anger
"I got ta hang up now because I got ta go kill everybody , okay ?",anger|disgust
I had trouble getting back to the sub .,anger|surprise
I hardly think you're in a position to judge me .,anger
I hate getting upset .,anger
I hate him so fucking much .,anger
I hate jumping out of a perfectly good airplane .,anger
I hate labels !,anger
I hate the British !,anger
I hate them .,anger
I hate these things .,anger|disgust
I hate this frigging place .,anger
I hate this place .,anger|disgust|fear
I hate this place . I hate this place .,anger
I hate this river .,anger
I hate this whole thing .,anger
"I hate to stand here and try your patience , but either I'm dead right or I'm crazy !",anger
I hate when you do that .,anger
I hate you all .,anger
"I hate you , [PERSON] !",anger
I hate you !,anger
I hate you .,anger
I have a politician who's unable to make a decision .,anger
I have no fucking idea why they towed it .,anger
I have no intention of drowning with you .,anger
I have rights .,anger
I have the satisfaction that all her pictures have been stinkers since I stopped writing them .,anger|disgust
I have to come all this way to tell you this ?,anger
I have to take a bus .,anger
I haven't done anything morally wrong .,anger|joy
I hope he dies of pneumonia . - Did you see that shit ?,anger
"I hope so , sir . - You hope so ?",anger
I hope you get in trouble some day !,anger
I hope you like clowns .,anger|surprise
I hope you lose .,anger|disgust
I hope you're not implying that the caucus shouldn't have a voice in international affairs .,anger|disgust
I just did that to torment you .,anger
I just got out of a drug clinic and you manipulate me ?,anger|disgust|sadness
"I just said , I love you .",anger
I just want to get it done .,anger
I just want you to leave me alone .,anger|disgust|sadness
I killed a man I hated today .,anger
"I knew someone would get killed , but nobody listened .",anger|fear|sadness
"I know everything , [PERSON] .",anger|disgust
I know exactly the situation I'm in .,anger
I know her far better than you do .,anger
"I know how to listen , if that's what you mean .",anger
I know how you talk about me .,anger
I know something about the law ... and there's gonna be a law against you !,anger
"I know that when there's something wrong , you tell me . But there's something going on that you won't let me understand .",anger|fear
"I know you don't mean any harm , but you are in everyone's way .",anger
I know you ... you murdering son of a bitch .,anger|disgust
I left orders not to be disturbed here .,anger
I live in a fucking bed - sit .,anger|disgust|sadness
I live only for revenge .,anger
"I mean % of the [LOCATION] population have seen these objects , but you create an environment where the subject is so pilloried and ridiculed , that no respectable scientist or doctor would want to be identified with it .",anger|disgust|fear
I mean the commissioner and the mayor decided not to set a precedent inviting every maniac in this city to kidnap someone .,anger
"I mean , [PERSON] would always stick a matchbook under one leg to remind me that I'd measured wrong , but she never got rid of it .",anger|joy
"I mean , isn't that enough ?",anger|disgust
"I mean , it was rather unprofessional on her part .",anger|disgust
"I mean , jeez ...",anger|surprise
"I mean , this is the Supreme Court .",anger
"I mean , we're talking about one day of work . A day in which I was tied to a cactus and assaulted by snakes .",anger
"I mean , you and I , right now , this weekend , we're here at this camp selling ourselves .",anger
"I might have expected your thanks for what I've done this day ... but very well , let it be so .",anger
I must be working out some screwed - up karma .,anger
I must break you .,anger|sadness
I must find a place to get out of this downpour !,anger
I need them yesterday .,anger
I need to know .,anger
I need to talk to her .,anger
"I never promised to be no hero , did I ?",anger
I never should've left .,anger|disgust|sadness
I never signed any contract !,anger
I never want to see one in Whitehall again !,anger
I object to you coming here .,anger
I object .,anger
I order all ghosts to be expelled !,anger
I ought to run him out of the house .,anger
I protest against the way in which this question was put !,anger
"I pulled that [LOCATION] heist , not Scratch [PERSON] .",anger
I put my ass on the line for nothing !,anger
I really don't care if you're the law or whatever the fuck you are .,anger
I refuse to answer that question .,anger|sadness|surprise
"I refuse to answer , sir .",anger
I refuse to sign it .,anger
I require an answer .,anger
I said he's retired !,anger
I said hold your goddamn fire !,anger
"I said it , damn you .",anger
I said no !,anger
I said part of me  .,anger
I said pay him !,anger
"I said we're closed , [PERSON] .",anger
"I said you're smart , but I'm not a fan , OK ?",anger
"I said , Are you fucking crazy ?",anger|disgust|surprise
I said ... Burn in hell !,anger
I saw those guys coming towards [PERSON]'s house just before we got out .,anger|fear
"I say I can not play a scene , and you say , Play it .",anger
I shall live and he shall die .,anger
I shall not translate .,anger|sadness|surprise
"I shall prove the contrary by retiring to my customary retreat , unassisted .",anger
I shot him .,anger
I should hate to interrupt my present work .,anger
I should have fired him when we fired [PERSON] .,anger|disgust|sadness
I should have taken the bus .,anger
I should've killed him when I had the chance down in [LOCATION] .,anger
I slaved for you for over ten years without even a raise or a promotion .,anger|sadness
I spend all day bleaching the smell away ... Then you come home and I have to start all over again .,anger
I strongly suggest you don't mess with G - Fresh anymore !,anger
I sure hate to lose her for some reason or other .,anger
I sure wouldn't do math unless I had to .,anger
"I swear to God , if I have to cut up another body for a potion .",anger
I swear . I don't know where you get it from . But you !,anger
I take it for granted that a person of an innocent state of mind ... Would rule himself out as a suspect ... And save a busy detective from wasting time .,anger
I tell you somethin' .,anger
I think I'll wait a moment with [PERSON] if you don't mind .,anger
I think I'm going to make tomorrow their last day on this planet .,anger|joy
I think it sucks . - What sucks .,anger
I think it's best . If I don't see you guys anymore .,anger
I think somebody's been daubing these cards .,anger|fear
I think we have had enough ... Unsupported accusations for one case ... Dr. [PERSON] .,anger
I think you'd better go away .,anger
I think you're all being unfair .,anger
I think you're stupid .,anger|disgust
I thought we had an understanding .,anger|sadness
I thought you said that they transferred him .,anger|surprise
I thought you were dead . I thought I was on my own . You come prancing in here with your fancy I.D.,anger
I told him not to expect me to pull the [PERSON] into shape overnight .,anger
I told you I didn't want any calls .,anger
"I told you I'd get those pearls tonight , didn't I ?",anger
I told you I'd handle him .,anger
I told you it was hot .,anger
I told you never to ask me how I feel .,anger
I told you not to come into the lobby .,anger
I told you not to count it .,anger
I told you not to pick up the phone .,anger
I told you that swords are too dangerous !,anger|disgust|sadness
"I told you to come left , and fast .",anger
I told you to fasten your seat belt .,anger
I told you to keep away from that radio .,anger
I told you to not let them out of your sight !,anger
"I told you , he didn't even know I was going to do it .",anger
I told you . I never met the hag .,anger|disgust
"I try to instil them a notion of order and method , and they always disappear for the bar !",anger
I unfortunately have to say that [PERSON]'s legal strategy has been very effective .,anger|fear
"I used to drive a tank when I was in the army , but look at me now !",anger
I want every one of them out of here .,anger
"I want it to be clear and known that my daughter , [PERSON] , was raped .",anger|disgust
I want my $ 200 !,anger
I want my money . I want to get out of here .,anger|fear
I want my passport back .,anger
"I want one hero , not two mutineers .",anger
"I want the truth now , no flannel .",anger
I want the whole morning edition a blast to push him off the floor .,anger
I want them to pay for it .,anger
I want those two guys banished from her life .,anger
I want to get away from you cops and wops and junkies .,anger|disgust
I want to get something out of life .,anger
"I want to go home , now . I'll talk to [PERSON] .",anger|disgust
I want to kill you .,anger
I want to see a warrant .,anger
I want you to get a hold of yourself .,anger
I wanted to hurt a pimp . That's what I wanted to do .,anger|disgust|sadness
"I warn you , colonel if I am to die , others will die before me .",anger
I warned you !,anger|disgust|fear|sadness
I was at home with my baby mother !,anger
I was bored to death .,anger
I was gonna have to stab up that lanky prick for trying to take my package anyway .,anger|disgust
I was in no mood to thank my purchaser .,anger
I was in that room !,anger
I was just taking a rest after battling some ghosts and you say I'm blocking your way,anger
I was just trying to tidy up .,anger
I was not jealous .,anger
I was so close .,anger
I was thinking that everyone that played a part in the damage to my child should be held responsible .,anger
"I was told : , and it's already been an hour .",anger
I was very angry with him .,anger
"I was , up to the minute I saw this test .",anger
I wasn't anywhere near here !,anger
I will follow the Senator's example and refuse to remain in this chamber as long as that man holds the floor !,anger
I will have no dealings with the Grand Duchess nor her representative .,anger
I will kill you !,anger|sadness
"I will make war on the world over , without mercy !",anger
I will not be held accountable to [PERSON] for my actions ... or for those of my people .,anger
I will not be one mind with you !,anger
I will not do it .,anger|disgust|joy
I will not ever sit on those eggs !,anger|disgust
"I will not go back where I came from , because I do not like it there .",anger
I will not have an officer from my battalion working as a coolie .,anger
I will not return to prison .,anger
"I will , if you don't stop nagging me .",anger
I wish I was .,anger|sadness
I wish they'd both go out .,anger
I won the damn title and they think I'm a bum !,anger
I won't be made a fool of .,anger
I won't have this conversation carried on by the children .,anger
I won't let it happen .,anger
I won't let [PERSON] live like this .,anger
I won't take it !,anger
I won't tell it anymore .,anger|sadness
I won't vote on it until I get my questions answered .,anger
I would call ... revenge .,anger
I would like to protest the counsel's twisting of words .,anger|disgust
I would not like to have my mother with me .,anger
I wouldn't be stupid enough to bring it home .,anger
"I wouldn't give two cents for all your fancy rules if behind them they didn't have plain , ordinary everyday kindness .",anger
I wouldn't laugh if I were you .,anger
I wouldn't want anybody to think I wasn't hospitable .,anger
"I - I know , I know .",anger
I'd give every horse I own to get a chance at that fella .,anger
"I'd have a ship of me own , And you wouldn't have to be starving ' along On a professor's pay .",anger
I'd [PERSON] to have seen his face when he found his account frozen .,anger
I'd rather die .,anger|disgust|sadness
I'll argue with him about it later .,anger
"I'll ask the questions , you just nod or shake your head .",anger
I'll brain that guy .,anger
"I'll do a better job . You're so out of it , you'd botch that up .",anger|sadness
I'll fire you . I'll leave you on the goddamn tarmac .,anger|disgust
I'll fucking kill it !,anger
"I'll fucking kill you , man ! - Hey !",anger
"I'll get a lock on my door and keep your ass out of here , [PERSON] .",anger
I'll get even with you . I'll get even with you .,anger
I'll give her your message with my whole army .,anger
I'll give you a minute and seconds .,anger
I'll have something to say about that .,anger
I'll hit him !,anger
I'll keep her off the screen . I'll destroy her . No .,anger
I'll kill him and his bloody beast .,anger
I'll kill him !,anger
I'll kill you bitches !,anger
I'll kill you .,anger
I'll make friends and enemies to please myself .,anger
I'll make it right with you .,anger
I'll make [LOCATION] look like a little place where the monks live .,anger|disgust
I'll not go !,anger
I'll put an end to it .,anger
"I'll put you back on the team , but you must promise not to drown out the other children .",anger
I'll see no one but [PERSON] as leader .,anger
I'll stay here and shoot him if he comes back .,anger
"I'll still be alive , when you're all dead !",anger
"I'll stop the car and push you out , and you'll walk the last mile home .",anger
I'll take control away from him .,anger
I'll take you back and dump you .,anger
I'll tear it out of the calendar .,anger
I'll tear you apart !,anger
I'll tell my mother !,anger
"I'll tell you , two out of three of those judges do not use the internet .",anger
I'll use my magic to banish them !,anger
"I'm a nice guy up to a certain point , but don't get me sore .",anger
I'm against it .,anger
I'm against whatever you're planning .,anger
I'm almost done .,anger
"I'm also perfectly willing and able to cancel this entire production right now , and pay you off and write you off .",anger
"I'm always hiding from him , but he finds me .",anger
"I'm an American citizen , buddy !",anger
I'm as good as [PERSON] ever was and I'm tired of being called a damn robot !,anger
I'm blowing this place .,anger
I'm busy as the devil !,anger
I'm clearing out of that office everything I own .,anger
I'm doing very well on my own .,anger
"I'm drunker than you are , so it'll be a fair fight .",anger
I'm getting darned sick of the way she's acting .,anger
I'm getting tired of this .,anger
I'm going to destroy all of you evil monks,anger
"I'm going to have to leave this place real soon , thanks to you .",anger
"I'm going to [LOCATION] with a million bucks taped to my butt unless you keep screwing around , in which case , we'll all go to jail .",anger|disgust|fear
I'm gonna fuck you up .,anger
I'm gonna get anybody who had anything to do with it .,anger
I'm gonna kill them .,anger
I'm gonna kill you .,anger
I'm gonna leave you alone for a little while .,anger|disgust
I'm gonna leave .,anger
I'm gonna love squeezing you out .,anger
I'm gonna save your ass .,anger|joy
I'm gonna see it if I have to go blind trying .,anger
I'm gonna speak to your ma !,anger
I'm gonna straighten you out once and for all !,anger
I'm handing it to you .,anger
I'm merely reflecting on your extraordinary good fortune .,anger
I'm not a bimbo you can tie up and do what you want with !,anger|surprise
I'm not afraid of you .,anger
I'm not afraid of your threats .,anger
I'm not asking permission !,anger
"I'm not asking you , I'm telling you . You're in danger .",anger|fear
I'm not available .,anger|disgust
I'm not blind .,anger
I'm not coming in there !,anger
"I'm not concerned to hear your reasons , man .",anger
I'm not deciding for you .,anger
I'm not denying anything .,anger
"I'm not getting paid to be undercover , so I work at this garage all day .",anger
"I'm not going back to work now , thank you very much .",anger
I'm not going down there to get a tan .,anger
I'm not gonna fire you .,anger|disgust
I'm not gonna sit here and be accused of things without any evidence !,anger
I'm not hearing this .,anger
I'm not hiding from anybody or anything !,anger
I'm not interested in anything you have to say .,anger
I'm not interested in what you think .,anger
I'm not interested in your opinion .,anger
I'm not leaving this house today !,anger
I'm not raising my voice !,anger
I'm not required to do your public relations .,anger
"I'm not stupid , Mr. [PERSON] .",anger
"I'm not stupid , OK ?",anger|disgust
I'm not taking the heat for all this .,anger
I'm not talking about him .,anger
I'm not testifying .,anger
I'm not that high .,anger
I'm not trying to amuse you .,anger
"I'm quitting the game , [PERSON] .",anger
"I'm renting a fucking bed - sit , Al.",anger
I'm rich enough .,anger
I'm saying you've been marking these cards .,anger
"I'm sorry , are we here to have a sarcastic back and forth , or would you like to exchange useful information ?",anger
"I'm sorry , gentlemen , but the order is final .",anger
I'm supposed to be your partner here .,anger
I'm talking about you .,anger
"I'm telling you , she won't marry me !",anger
I'm the first to go .,anger
"I'm the wrong guy to say that to , huh ?",anger
I'm tired of being pawed .,anger
I'm trying to find some peace with this and you're not helping .,anger
I'm waiting .,anger
I'm warning you .,anger
I'm warning you ...,anger
"I'm your man . Come anywhere near my old lady , I'll cut your balls off , asshole .",anger|disgust
I've already seen a doctor .,anger
"I've been dancing my ass off , my feet are killing me , these shoes are too small .",anger
I've been in the theatre . I'm actually a theatre director .,anger
I've been waiting days for that slow boat of yours to come in !,anger
I've called you dozens of times .,anger
"I've got a piece to speak and blow hot or cold , I'm gonna speak it !",anger
I've got my own life to worry about .,anger
I've got to get up .,anger
I've had it up to here .,anger
I've had just about enough of you two .,anger|disgust
I've never liked him .,anger
I've never told you how to live it and never interfered .,anger
"I've saved you guys from big junk collars , traced lost stuff , fingered stools .",anger|surprise
I've seen better fights on a light show !,anger|disgust
I've told you that a dozen times .,anger
Idle money is no good to industry .,anger
If by the third count you and your officers are not on the way to work I will give the order to fire .,anger
"If he breaks the law and it crosses this desk , he pays for it .",anger
"If he pulls a gag about the run , we'll murder the guy .",anger
"If he refuses , you got ta insult him !",anger
"If I analyze military strategy , they say I'm planning a rebellion",anger
"If I call you up in the middle of the night , tell you to come over and screw my old lady while I watch , what are you gonna do ?",anger|disgust
If I can watch TV .,anger
"If I don't get a room , you and your hotel are fourth on my list to be sued !",anger
If I had a Luger ...,anger
If I thought I needed an assistant to do my job ... meaning what ?,anger
"If I thought you were the slightest bit interested , I would .",anger
"If I wanted to come in , no lock could keep me out .",anger
"If it were our plane , it'd be crashing .",anger
"If it would have helped , I'd have yelled it in the streets .",anger
"If not , get the fuck off my car !",anger
If that horse would run tomorrow,anger
"If that's humor , don't bother .",anger
"If the rights of the individual are not respected by the group , the group can not exist .",anger
"If they let me settle this now , between me and [PERSON] they're never going to see or hear from me again .",anger
"If we are to be defeated , then we prefer to be defeated ... as human beings , not as barbarians .",anger
"If we let those bastards get dug in now , we'll have to level the building !",anger
If you ask you're going to get an absolute no .,anger
"If you continue to annoy me about this girl ... who is no responsibility of mine , I'll have you arrested .",anger
"If you don't get married , I'll fire the both of you .",anger
"If you don't give me my $ 200 , I'm going to tell a policeman how you got it and he'll make you give it to me , 'cause it's mine .",anger
"If you don't mind , you owe me two more for tiring out my cattle .",anger
"If you don't tell the truth , I can't help you .",anger
"If you don't , somebody else will .",anger|surprise
"If you ever had a sense of humor . When you finish testifying ,",anger
"If you hadn't promised so faithfully , I wouldn't have planned the whole thing .",anger
"If you have any last words , say them now .",anger
"If you have something to say , say it and get out .",anger
If you lay a hand on her ...,anger
"If you officers know what's good for you , tell them to stop .",anger|disgust
If you soltáis ... I will kill you .,anger
"If you stay ten years , you may learn to tell an aircraft from a seagull .",anger|disgust
If you think I'm the kind to mess with anybody comes along ...,anger
"If you wan na end this , let's end it now .",anger
If you want Mr. [PERSON] to leave this house alive you must convince him you're healthy and happy .,anger
If you want to catch that boat you better stop talking .,anger
"If you want to cite law , then obey it yourself .",anger|disgust
"If you want to get into that cellar , you get in there now or forget it !",anger
"If you were a man , I'd break your neck for that .",anger
"If you won't give it to me , I'll shoot .",anger
"If you'd walked when I said , I wouldn't have been there .",anger
"If you're saying what I'm thinking you're saying , you better not say it because I don't wan na hear it .",anger
"In other words , these guys got to get out of their ivory towers .",anger
"In spite of glasnost , my friend's novel can not yet be published ... in the [LOCATION] .",anger
"In that case , why don't you go to that last table ... sit down , shut up , and don't move ?",anger
"In the old days when we nicked someone no one got hurt , and no one lost anything very much .",anger
In this order we're not allowed personal possessions . Nor are we .,anger
Is it possible to bring you back to reality for one moment ?,anger
Is it that you don't trust me ? No !,anger
Is it unfair ?,anger
Is she crazy or what ?,anger|disgust|surprise
"Is that right , Shooter ?",anger
Is that why you hate them so much ?,anger
Is this record correct or not ?,anger
Is this stupid thing What you're most concerned about this morning ?,anger
Isn't it hideously plain to the naked eye I'm in love with you ?,anger
Issues ? Bullshit .,anger
It ain't worth it .,anger
It can't be that difficult .,anger
"It doesn't make sense that you can sit and you can hear the testimony or , you can see all of the evidence and you can not feel a certain amount of responsibility to make things right .",anger
It don't do nothing for me .,anger
"It is not my [PERSON] , [PERSON] .",anger
It is not your place to judge .,anger
It is out of the question .,anger
It is useless to ask .,anger
"It isn't , and you're gonna erase it !",anger
It means I haven't forgotten whose court I'm on .,anger
It pretends this man is in danger when no one cares about him one bit .,anger
"It upsets me that you suspect him , even for a second .",anger
It was disapproved of by the Party .,anger
It was mainly the beer I had with dinner mixed with the pain medicine I still take for when you shot me in the ass .,anger
"It was no self - defense , [PERSON] took him out .",anger|sadness|surprise
"It was self - defence , for [PERSON]'s sake !",anger
It was them that fucked up .,anger
It wasn't up to my mother .,anger|sadness
It wasn't worth it .,anger
"It will be refused , the Lady Tadminster it can open the party in the first day , and you .",anger
It would be a start if you'd let [PERSON] go .,anger
It'll make you cry .,anger
It's a background check .,anger
It's a crime against the people who sent me here !,anger
It's a crime against the people who sent me here ! We are on an official mission ... and we have no right to change the orders of our superiors .,anger
It's a question of principle .,anger
It's a very busy time right now .,anger
It's about time .,anger
It's against Navy regulations .,anger
It's all that ghost's fault,anger
It's all your fault .,anger
It's an expression .,anger
It's because he's relentless .,anger
It's [PERSON] .,anger
"It's fine , we're leaving ,",anger
It's fucking embarrassing .,anger
It's gonna cost him more than that .,anger
"It's him I'm asking , [PERSON] , not you . See ?",anger
It's impossible to make a real dent . But it is possible to hurt individual assholes who fuck it up for everyone .,anger
It's just not that cute anymore .,anger
It's just the beginning .,anger|joy
"It's my mission , for six months ... Shut it !",anger
It's my party and I'll cry if I want to,anger
"It's not a matter I want to discuss , I tell you .",anger
It's not like you let me do anything anyway .,anger|sadness
It's not mine . Do you still claim you have an identical scarf ?,anger
"It's not negotiable , [PERSON] .",anger
It's not [LOCATION] .,anger
It's not so simple . What the hell isn't so simple ?,anger
It's not that you fuck around a lot . It's that you lie about it .,anger
It's Oextry I want to see squirm .,anger
It's on the map as being here .,anger
"It's out of the question , Mr. [PERSON] .",anger
It's probably bullshit .,anger
"It's still my hat , you know .",anger
"It's the blood , bone and sinew of this democracy that great men handed down to the human race !",anger
It's wonderful to feel her throat crush under your arm .,anger
"It's your decision , but if you make it you'll be no good to yourself or anybody else .",anger
It's your responsibility to be here for us !,anger
[PERSON] and [PERSON] . They make the mafia look like Brownies .,anger
"[PERSON] , what's going on ?",anger
"[PERSON] , didn't you go and bat for me ? It was the owner's call .",anger
Jesus .,anger
"[PERSON] , I can't subpoena those records without a legitimate client .",anger
Judge [PERSON] .,anger
Just get out of here .,anger
Just get out .,anger
Just kiss my ass from now on .,anger
Just leave him alone !,anger
"Just let my man shoot here , okay ? Just take it easy . $ on this .",anger
Just like she killed you .,anger|sadness
"Just put me through on the phone , [PERSON] . Goddamn it !",anger
Just put on your coat .,anger
"Just some water , dude .",anger
Just stay out of this .,anger
Just take your meat and get out .,anger
Kaili ...,anger
"[PERSON]'s people were ready to go , but the FSB replaced the crew .",anger
"[PERSON] , that was meant for us .",anger
Keep it .,anger
Keep the line straight !,anger
"Keep the noise down , you stupid git !",anger
Keep to your seat .,anger
Keep your men here !,anger
Keep your mouth shut !,anger
Keep your own tips .,anger
Keep your voice down !,anger
Kill him !,anger
"Kill that cat , Kid .",anger|fear
Kiss my ass .,anger
Knock it off !,anger
Knock it off . Will you knock it off ? !,anger
"[PERSON] päätti ottaa teidät [PERSON] tilalle ? , Why didn't you tell me ?",anger
"l can't stand this shit . - Hey , [PERSON] , please .",anger
l hate not having eyebrows .,anger
l hate this part .,anger
"l swear on the Virgin , nobody knows !",anger|fear
l want to see her .,anger
l 'm done .,anger
l 'm sorry if the question offends you .,anger
"Ladies , please , can you please quiet down ?",anger
"Ladies , stay down .",anger
"[PERSON] ? No , we are a gang without money .",anger
Lay off .,anger
Leave her alone .,anger
Leave it !,anger
Leave me alone !,anger
Leave me alone .,anger
Leave that paintbrush here !,anger
Leave us the hell alone !,anger
Leave your celery .,anger
Left !,anger
Let 'em have it !,anger
Let go of my rifle .,anger
"Let go , you asshole !",anger
"Let go ! Hey , get off of me .",anger
"Let him back in , [PERSON] , now .",anger
Let him speak !,anger
"Let me at him , five minutes .",anger
Let me be the judge of that .,anger
Let me decide what to do with it .,anger
Let me finish . Of course nobody will buy it if they know it's rat .,anger
Let me go !,anger|fear
Let me go ! You can't do this !,anger|fear
Let me in !,anger|fear
Let me out of this glory hole !,anger
Let me talk to you . - Break it up . Move along .,anger|sadness
Let that be a lesson to ya .,anger
Let us out !,anger|fear
Let's change the subject .,anger
Let's finish with pretending .,anger
Let's get hold of this [PERSON] before the others do .,anger
Let's put him on the payroll .,anger
"Let's try it again . Oh , come on .",anger
[PERSON] hang it up .,anger
"Lieutenant , do you have any idea how [PERSON] knows these details ?",anger
Lighten ship and drop all ballasts . Get below !,anger|fear
"Lighten up , Chief .",anger
Like hell it isn't .,anger
"Like I said , good for you . But you're not going to do it with me .",anger
"Like I said , they'll call you if they need you .",anger
Lil ' [PERSON] hate you !,anger
Listen to me and keep still .,anger
Listen to me !,anger
Listen to me . [PERSON] is out there right now busting his ass to fix everything .,anger
"Listen , [PERSON] , or [PERSON] , whichever one you are ...",anger
"Listen , I've had just about enough of your comedy , clown .",anger
"Listen , my folks is important people in [LOCATION] .",anger
"Listen , you son of a bitch .",anger
Little punk is lying .,anger
"Look at it again , professor .",anger
Look at me !,anger
Look at what you've done .,anger
"Look , don't blame us because the warship shelled you .",anger
"Look , friend , I already told you , you don't know me .",anger
"Look , I ain't got no more to say to you , OK ?",anger
"Look , I ain't no snitch , but the reason me and [PERSON] don't speak no more is because I told him he went too far with that .",anger|fear
"Look , I got ta go .",anger
"Look , I was never at [PERSON]'s house .",anger
"Look , I'm trying to find a number of [PERSON] , in King's Cross .",anger
"Look , if I'd have been careful piloting that reconnaissance plane during the war , you wouldn't have had the chance to take the pictures that won you a medal , and a good job , and fame and money .",anger
"Look , if you don't want me in your Army , kick me out ... but get off my back .",anger
"Look , the tone of this is so unprofessional .",anger
"Look . I've been kicking ass and taking names , trying to save your fucking hide .",anger
"Look ... I don't know who you people are , but I saved the child's life , didn't I ?",anger
Louder !,anger
"[PERSON] , what the fuck took you so long ?",anger
Ma damn foot's caught in the door !,anger
Mainly because I had to wrestle that son of a bitch all the way from [LOCATION] .,anger
"Make a move , jockey , and I'll splash you across the sheets .",anger
"Make peace , you idiot .",anger
"Mark , I was the one who had the worm . Thank you .",anger
"[PERSON] , don't press it this time .",anger
"May it please the court , I submit that my entire line of defense ... is based on the proposition that persons of the female sex ... should be dealt with before the law as equals of persons of the male sex .",anger
Maybe a kick in his skull would do him some good .,anger
"Maybe I do , maybe I don't , but you might get yourself arrested on federal charges if you don't stop what you're doing .",anger
"Maybe if I stuck him in a giant anthill , that would loosen his tongue and then ...",anger
Maybe this goddamn bastard of an election will get itself resolved .,anger
"Maybe you guys could like you know , get a house and buy some diamonds and a horse . I don't know .",anger
Maybe you should have let Mother make her own choice .,anger
"Meaning what , that I have no money ? - l don't know .",anger|fear
Meaning what ?,anger
"Men flirt with girls like that , but they don't marry them .",anger
"Mess around with it , and it's going to kill you .",anger
Might hit him on the head with one .,anger
"[PERSON] , give me a break , will you ?",anger
Mind if we ask who the hell you are ?,anger
"Mind keeping that door closed , please ?",anger
"Mind out , cuz .",anger
"Mind your own business , would you ?",anger
Mind your own business .,anger
"Miss [PERSON] , listen .",anger
"Miss , you can be quite sure that I shall report this to the proper authorities .",anger
"Mitä nyt ? , [PERSON] , please .",anger
"Mom's making me go to college at home . Listen , I can't really hear you .",anger
Mommy shoulda ' taught you to knock .,anger
[PERSON] is two minutes late .,anger
More fun and games ?,anger
More !,anger
Motherfuckers !,anger
Move and I'll slit your throat !,anger
Move in time to the music once in a while !,anger
"Move it , boy !",anger
"Move it , man , move it !",anger
Move it !,anger
"Move , I tell you .",anger
Move !,anger
"Mr. [PERSON] , are you opposing me ?",anger
Mr. [PERSON] ... put the ball away and sit down !,anger
"Mrs. aglet , I apologize , But I guess I've always felt That these stories of demonic possession",anger|fear
My argument with [PERSON] had nothing to do with any sudden realization .,anger
My boss'll have your job !,anger
My client was wrongly accused .,anger
My clothes !,anger
My father hates him . My wife hates him .,anger|sadness
"My favorite uncle , uncle [PERSON] , swore to me that he would buy me that bicycle .",anger
"My God , why now ?",anger
My grandfather wouldn't have anything to do with him .,anger
"My heart is weak , and I'm too old .",anger|fear
"My lawyer will get all this information , along with a doctor's report about my stomach and her ankle .",anger
My nightmares is more like it .,anger
My officers will not do manual labour .,anger
My responsibility ?,anger
My seat belt's too tight .,anger
My unreliable helmsman failed to warn me about that .,anger|sadness
My wife doesn't have to answer those questions .,anger
Myself . When I am in possession of my faculties and [PERSON] is not .,anger|fear
"Nah , I just stick to weed now .",anger
"[PERSON] , please !",anger|sadness
"Naughty , Pumpkin !",anger
"Negative , you'll have to turn back .",anger
"Neighbors like each other , speak to each other , care if anybody lives or dies .",anger
Never talk about [PERSON] .,anger
Never you mind .,anger|sadness
Next time remind me to bring some aspirin .,anger
"Next time , I'll wipe 'em on you .",anger
"Nice going , asshole !",anger
[PERSON] is not gonna let you go unless you tell him where she is .,anger
"[PERSON] , look at me !",anger
[PERSON] . - It's [PERSON] .,anger
"Nitrogen guns , safeties off .",anger
No deal !,anger
"No flags , nothing like that .",anger
No good asking you !,anger
"No man is gonna make a liar out of me , sir .",anger
No more fucking tapes :,anger
"No more of such talk , do you hear ?",anger
No more out of Mr. fucking [PERSON] .,anger
No more questions .,anger
"No one picked on you , [PERSON] .",anger
No one wants to fly with you .,anger
"No pension plan , no insurance .",anger|sadness
No she didn't . - Did you kill her ?,anger|sadness
No thanks .,anger
No time to argue .,anger
No use leaving all those repeating rifles lying out there to rust .,anger
No way [PERSON] is going to talk me into cutting celery again .,anger
No you can bring that back .,anger
"No , forget it .",anger|sadness
"No , I don't need time ...",anger|sadness
"No , I don't want no drink .",anger
"No , I know how to make lemonade .",anger
"No , I told you I don't wan na do that anymore .",anger
"No , I'm not ready !",anger
"No , I'm serious .",anger
"No , it's not .",anger
"No , jocelin , listen to me , I -- - no , it's just --",anger|sadness
"No , listen .",anger
"No , no parties for me .",anger|sadness
"No , no pictures .",anger|fear
"No , no thanks .",anger
"No , no , no , no , no , I want to know what the hell is happening to me !",anger|fear
"No , no , no , no , no .",anger|fear|sadness
"No , no ! - Let's go . - It's supposed to be here !",anger|fear
"No , no .",anger
"No , now not !",anger
"No , she's calling your home .",anger
"No , stop it .",anger
"No , thank you . No , thanks .",anger
"No , that's not it , give me that chain .",anger
"No , these are mine , I gave you money .",anger
"No , this is my daughter's night . Really . Come on .",anger
"No , we can't be disturbed .",anger
"No , we're not done but you are .",anger
"No , you don't know what it is .",anger
"No , you mustn't !",anger
"No , you're fucking lying .",anger
"No , you're not listening to me !",anger|sadness
"No , Your Majesty !",anger|fear
No ! There's no place like home .,anger
No ?,anger
"No . - [PERSON] , you're not finished .",anger
"No . And I'm sure you understand that , sister [PERSON] of the Annunciation .",anger
No . Decide already !,anger
No . Not this time .,anger
Nobody can call me the things he did .,anger
Nobody cares .,anger|disgust
"Nobody gives a shit , believe me !",anger
Nobody goes no place here without I say so .,anger
Nobody has any reasons I don't know about .,anger
Nobody leaves unless I say so .,anger
Nobody messes with the Healys !,anger
Nobody move . This is a bust .,anger
Nobody's gonna make me do that !,anger
Nobody's gonna ruin the union !,anger
"Nobody's on it because she's a junkie , and everything she said to me is in the Lucas Goodwin manifesto , which has been picked apart by every message board and conspiracy theorist on the Internet .",anger|disgust
None of our business .,anger
None of this departmental - loyalty crap .,anger
Not a fucking dent !,anger
Not another word from anyone .,anger
Not another word !,anger
Not even the pleasure of seeing you free ... Can make up for this ... This disgrace to the cause of justice .,anger|disgust|sadness
"Not for a little while , no , ma'am .",anger|disgust
Not going to do it .,anger
Not good .,anger|fear
Not in this condition .,anger
"Not like this . I mean , fuck him .",anger
"Not my book , anyway .",anger
"Not necessarily , this country plays tricks with the eyes .",anger|sadness
"Not your boychick , yeah ?",anger|joy
Not your father . [PERSON] .,anger
Nothin' man . Whatever .,anger|disgust
Nothing ever really dies in the House .,anger
Nothing we didn't expect .,anger|disgust
Nothing .,anger|sadness
"Now come on , you've been drinking .",anger
Now come on !,anger
Now get out of here .,anger
Now get out there and cook !,anger
Now get the smile off your face .,anger
"Now get . It's all right , [PERSON] .",anger
"Now he's living in , his wife just bought half of [LOCATION] [LOCATION] and I'm sitting here pulling my putz .",anger|disgust
Now I want that fucking Texador .,anger|joy
Now knock it off !,anger
Now listen to me . This pig has cheated me out of $ million in cash .,anger
Now look at him .,anger
Now no political arguments .,anger
"Now that particular statement really pissed me off , because I don't think Congress did any such thing .",anger|disgust
Now try winning a game for a change !,anger
Now what put that into your mind ?,anger
Now where the hell am I ?,anger|fear
Now you listen very carefully .,anger
Now you're going to fuckin' die .,anger|disgust
"Now you're sticking your arse in the air five times a day , that makes shit different between me and you ?",anger|disgust
Now you've had it !,anger
"Now , by my watch , does not mean in the morning , but : .",anger|disgust
"Now , I happen to know of a prick that's responsible for the whole fucking operation and that son of bitch is hurting out there , and I'm fucking liking it .",anger|disgust|joy
"Now , if Case doesn't kill us , the Triads will .",anger
"Now , if you'll pardon me , I'm busy .",anger
"Now , keep your mouth shut until you can say something suitable .",anger|disgust
"Now , let's get back to our examination . Shall we ?",anger
"Now , listen , don't you go around being attractive to anybody but me .",anger
"Now , that doesn't go in there .",anger
"Now , the police are gonna want me to let some of you go as a sign of good faith .",anger|disgust|sadness
"Now , this will get him !",anger
"Now , those were your exact instructions , [PERSON] , so don't punish Oscar for it .",anger
"Now , you listen to me .",anger
"Now , you stay put and listen to me .",anger
"Now , you - you don't understand , [PERSON] .",anger
"Now , your gallant Maj. [PERSON] is selling me a phony . So he deserves whatever he gets .",anger|disgust
NOW !,anger
Now ! - Let me go !,anger|fear
Objection overruled .,anger
OCP cut our salaries percent and canceled our pensions . Now they refuse to even talk to us .,anger
"Of all directions , why should I have chosen one leading to that parade ground of vulgarity which lies between Nice and [LOCATION] ?",anger
Of course I wouldn't .,anger
"Of course I'm talking about Delta , you twerp !",anger
Of course they're armed and dangerous .,anger
"Oh God , what a mess .",anger
Oh I bet you do ... and then minutes later every cop in the state'd be after us .,anger
"Oh tots , I'll keep that in mind .",anger|surprise
Oh yeah ? You wan na tell me why ?,anger
Oh yeah . I had been knocked out in the pub after a shotgun to the head .,anger|surprise
"Oh , Christ . Don't patronize me .",anger|disgust
"Oh , come on . Do me the honor .",anger
"Oh , fuck him .",anger
"Oh , he didn't do it for you , [PERSON] .",anger|sadness
"Oh , he's the one who instigated this calamity !",anger|surprise
"Oh , hell !",anger|disgust|fear|surprise
"Oh , I think not .",anger|surprise
"Oh , it's your fault she's gone June ,",anger|disgust|sadness
"Oh , know how to count !",anger|surprise
"Oh , no . That won't do .",anger|disgust
"Oh , now , look what you've done !",anger
"Oh , now , Mammy , be reasonable .",anger
"Oh , please send her in .",anger|surprise
"Oh , shut up !",anger
"Oh , that bullshit again ?",anger|disgust
"Oh , this idiot ?",anger|disgust
"Oh , you're just exactly the same .",anger
Oh ... innocence can be hell .,anger
"Ok , kids , dinner's almost ready ! Turn off the TV !",anger
"OK , let your network know they can expect a letter from my lawyers .",anger
OK . All right . You win .,anger
"Okay , I need you to calm down , okay ?",anger|fear
"Okay , I'm sorry , all right ?",anger|fear|sadness|surprise
"Okay , look , the last thing we knew , she was getting on that helicopter .",anger|surprise
"Okay , we'll do it , but I want to hear [PERSON]'s voice , and I mean now .",anger
"Old man , give me the keys !",anger
"Old man , my last name isn't Chow !",anger
On board the flagship I told him the log didn't justify such action . - - And that we'd be charged with mutiny .,anger|disgust
"On the Polhemus thing , what the fuck is happening to the fingerprints report ?",anger
Once you're out of here never come back !,anger|disgust|fear
One can't expect bloody Yanks to understand .,anger|disgust
One more shot and I'll cut you in two .,anger
"One more to go , chicken .",anger
One more word and I'll cut you down !,anger
One of my biggest disappointments over the last years is those who lack the courage of their convictions .,anger|disgust|sadness|surprise
"One of the theories we have is that Backpage is , in fact , in a conspiracy with the pimps , that the posting rules are not designed to prevent or to stop human sex trafficking , but in fact , are designed to be a guide to pimps to allow them to design an ad which helps them evade law enforcement .",anger|disgust
"One of these days , when I get my boat built I'm gonna drift out of this damn territory .",anger
"One step closer , and I'll snap her pretty neck .",anger
One thing I don't want is to start this endless discussion all over again .,anger
Only to be met by this fresh and superior attitude of yours .,anger|disgust
Only when the weapons were used at [LOCATION] and [LOCATION] did the government disclose what they were .,anger|disgust|sadness
"Open the door , asshole !",anger
"Open the goddamn door , [PERSON] !",anger
Open the windows !,anger
Or did you think to find me grown gray completely ?,anger
or jeopardized our sources and methods .,anger|disgust|sadness
"Ornery as a mule , just like [PERSON] . - l heard that !",anger|surprise
Otherwise I'm gonna fuck you up good !,anger
Ouch ! That was the antigravity backdrop .,anger|disgust|sadness|surprise
Our agenda  ?,anger|disgust|surprise
Out of my court before I order your arrest !,anger
Out of the question .,anger
Out of the way !,anger|surprise
Out ! Get out !,anger|disgust|fear
Out .,anger
Outrageous !,anger
Outside the French whore !,anger|disgust
Over my dead body .,anger
Ow ! Don't run in the hallways !,anger|surprise
Pa's no killer !,anger|fear|sadness|surprise
Pablo !,anger
Paige ...,anger|disgust|sadness
[PERSON] accuses [PERSON] of introducing a boys camp bill for his own profit !,anger
[LOCATION] has always been able to crack your neck .,anger
Particularly child trafficking .,anger|disgust|sadness
Pay attention to me .,anger
"[PERSON] , fuck off !",anger
People always do what you tell them to do ?,anger
People with money like uniforms .,anger|disgust
"Perhaps I have become , as you put it , obsessed by our name and our past , and the absence of our future , and by our paintings .",anger|fear|sadness
Perhaps you are not aware that the bridge is now under my personal command .,anger
"[PERSON] , if you don't invite me , I'm coming anyway .",anger
Please don't say that .,anger
"Please sit down , sober up .",anger|disgust
Please stop it .,anger
"Please , [PERSON] , ple ... - You have to love me ,",anger
"Please , don't let him do it !",anger|sadness
"Please , one at a time .",anger
"Please , stop doing things .",anger|fear|sadness
[PERSON] was bad news .,anger|disgust
Poor little rich boy .,anger|disgust
Press down on her !,anger
"Presumably you haven't done much betting , since you've only been wrong once in your life . Twice .",anger
"Probably not , hon , but somebody else's folks will be ... all that sand to brush off .",anger
Probably not .,anger|disgust
Pull those drapes !,anger
Pull yourself together and I'll let you go .,anger
Pull yourself up .,anger
Put him in my custody right now !,anger
Put it down,anger
"Put my fucking car back on the track , will ya ?",anger
Put the gun away .,anger
Put the man in the cauldron immediately,anger
Put them back .,anger
Put them down and turn your back .,anger
"Put this on , and for the love of God ,",anger|disgust|fear
Put up your hands !,anger
Put your heads down . Put your fucking heads down !,anger|fear
Put your swords down !,anger
[PERSON] is not on trial .,anger
"Quiet , please !",anger
Quiet !,anger
[PERSON] knew he was taking bribes ?,anger|disgust|surprise
Really . - Am I no longer allowed to give gifts ?,anger|sadness|surprise
"Red boy . You know that's a white man thing , innit ?",anger|disgust|sadness|surprise
Relax ? I have never been more relaxed in my life !,anger
Relax .,anger|fear|joy
"Reluctantly , I may add .",anger
Remember that in the years ahead when you're directing cigarette butts on television !,anger
Respond .,anger
"Right away , [PERSON] ? No .",anger
Right now !,anger
Right . And the living room nose and the kitchen forehead and den ears .,anger
"RJ and [PERSON] could move there , and he could be the mayor of [LOCATION] . Stop .",anger|disgust
"Rocky , no !",anger|fear
"[PERSON] , you're losing your family !",anger|fear|sadness
"[PERSON] was that he had a co-conspirator who laundered the money for him , but no one could figure out who it was .",anger
Run away now or I'll kick you .,anger
"Running around in that eye paint ain't gonna get you nowhere , boy .",anger|sadness|surprise
"Running away ? - Don't look for trouble , [PERSON] .",anger
Ruuuuuth !,anger
"Satan , stop !",anger
Satan's spirit flew right out of my TV set And into my soul .,anger|fear|sadness
"Say it , then , and get out !",anger
Say nothing .,anger
Say what ?,anger|fear|surprise
"Say , don't annoy me .",anger
Says who ?,anger|surprise
Scatter and keep your mouths closed .,anger
Scram the son of a bitch .,anger
Screw the captain .,anger
"See , Congress is no different than the rest of the country .",anger|disgust
"See , she didn't even have probable cause .",anger
See ? I might as well be in a Mother [PERSON] .,anger
Seize fire to the Castle !,anger
Send your cops home then .,anger
Sephardic .,anger
[PERSON] is no friend .,anger|disgust
"Seriously , must you keep your bicycle in the hall , Father [PERSON] ?",anger
Shall I go ?,anger|sadness
Shame on the people who put us in here !,anger|fear
"[PERSON] , I know you're playing with that stupid video station , What did I say about that ?",anger|disgust
She always ruins everything .,anger|sadness
She busted out in a Vegas faro game .,anger
She doesn't care .,anger|disgust|sadness
She had been very abused .,anger|disgust|sadness
She hates me .,anger
She lied !,anger|disgust
She nearly tried to kill me !,anger|disgust
She never cared about me !,anger
She ought to be melted down for razor blades .,anger|disgust
She said I stabbed that son of a bitch plenty of times .,anger
She said that I put on airs . That I use big words like gesture  and  devastate .,anger|disgust|sadness
She wasn't even there .,anger
She will ! You're listening to a sick girl !,anger|disgust|fear
"She won't , and you'll be unhappy .",anger|disgust
She'll never make another picture .,anger|sadness
She's always in the bathroom !,anger
She's in the bathroom .,anger
She's my child too .,anger
"She's not going to , so what difference does it make ?",anger|disgust
She's not really thinking ...,anger|disgust
She's on her way . - Fine .,anger
"She's with me now , whitebread .",anger|disgust
Shit food !,anger|disgust
Shit !,anger|disgust|fear|surprise
Shit ! [PERSON]'s got a streamer !,anger
Shit .,anger|sadness|surprise
Shoot and you'll hang for murder .,anger
Shoot him !,anger
Shouldn't we be going ?,anger
Shut it down !,anger|fear
Shut that door !,anger
"Shut the fucking blinds , will you ?",anger
Shut up and get your ass here !,anger
Shut up and put your hat on !,anger
Shut up or you're dead !,anger
"Shut up , [PERSON] !",anger
"Shut up , [PERSON] . If you repent , hand that stolen money over to me .",anger|disgust
"Shut up , [PERSON] .",anger
"Shut up , you fuckhead !",anger
Shut up !,anger
Shut up ! - I want out of here .,anger
Shut up ! And take those dresses off !,anger
Shut up .,anger|disgust
"Shut your mouth , Brother [PERSON] .",anger
Shut your mouth !,anger|disgust
Sign this .,anger
"Silence , [PERSON] !",anger
Silly old man looking after that young thing .,anger|disgust
Since when am I Baby ?,anger
Since -- what ?,anger
"Sir [PERSON] wants his money , fast !",anger|fear
"Sir , you have beaten my wife , and she has gone off with another man .",anger
Sit back .,anger
"Sit down , we were worried about you .",anger
Sit down !,anger
Sit down .,anger
Sit ... down .,anger|disgust|fear
Six months ?,anger
Skinny popped him .,anger|sadness
"Slow down , we lost [PERSON] !",anger|fear
Smack him in the face !,anger
Snap out of it ! He took my [PERSON] !,anger
"So are you , but I admit it openly .",anger
So do not listen to anything,anger
So do you want eggs or not ?,anger
So far you haven't given us any information,anger
"So far , I hate it .",anger
So he has migraine headaches and he rolls steel balls . So what ?,anger|disgust
So leave us alone and anybody who wants it gets it .,anger
So make them pay .,anger
So many people are not interested in changing the laws in regards to the internet .,anger|sadness
So that you could tell me this ?,anger|surprise
So the basic problem is that I'm still around ?,anger
So they took your offer as an insult .,anger|surprise
"So this is what it's gonna be , huh ?",anger
So what do you want from me ? Huh ?,anger
So what ?,anger|surprise
So what's your problem ?,anger
So you'd better be a good little girl and eat your porridge .,anger
"So , don't try any funny business .",anger
"So , don't try to impress me with numbers .",anger|disgust
"So , fuck it . I figure I've got to straighten him out a little bit .",anger
"So , I'm gonna call her back , and you are going to apologize .",anger
"So , if we destroy the camera , they'll have no choice but to come in and film you themselves .",anger|fear
"So , if you folla us again , I chop your arms off , OK ?",anger
"So , now it's time to pay the fiddler !",anger|fear
"So , should we still listen to what Elder says ?",anger|disgust
"So , the ring ? - No .",anger
"So , you're just going to let this woman blackmail you without a fight ?",anger|disgust
So ... what in the hell takes you to [LOCATION] every five minutes ?,anger
Some creep got into her place and strangled her .,anger
"Some loser gets a crush on you , you could throw him in the river , tie him to a piano and he'd come back faster than a dog with a bone .",anger|disgust
Some people never learn .,anger
Some poor son of a bitch on a public - indecency charge ... Paid off a PA to have his case dismissed .,anger
Some things you just don't tell anybody .,anger|disgust|fear|sadness
Somebody moved it .,anger
"Somebody ! Open the fridge , damn it !",anger
Son of a bitch !,anger|disgust
Son of a bitch .,anger|disgust
"Son of dork , son of dork !",anger
Soon they'll make admirals out of captains with guts .,anger
Soon you'll even forget that your last name is Chow,anger
"Sorry , I'm just trying to make polite conversation .",anger
"Sorry , we're not about to try this case on the courthouse steps .",anger
Speak up or I'll shoot .,anger
Spoil what ?,anger|fear|surprise
st Louisiana Cavalry .,anger
"Stall their deliveries , push them off the streets !",anger
"Stand back , Inspector , or I'll shoot you .",anger
Stand back .,anger
Stand by to torpedo !,anger
Stand here and argue .,anger
"Standard opening . And now , you are being deliberately stupid .",anger|disgust
Stay away from me !,anger|disgust|fear
Stay back !,anger|fear
Stay out of it .,anger
Stay out of sight .,anger
Stay there and don't move !,anger
Stay where you are !,anger
Stay with my mother ?,anger|disgust
"[PERSON] , make them pipe down .",anger
"[PERSON] , turn me in if you want to . But this is over the line .",anger
Still working on my dissertation at my age . It's ridiculous .,anger
Still you should have asked before taking it,anger
Stole my Tintoretto . and my [PERSON] . And it has taken all [PERSON]'s bronze [LOCATION] the Countess .,anger
Stop arguing !,anger
"Stop calling me , please .",anger|disgust|fear|sadness
Stop fidgeting .,anger
Stop it !,anger
"Stop it ! You even helped carry the chest out , you liar .",anger|disgust
Stop mumbling .,anger
Stop putting on that gear !,anger|surprise
Stop the presses !,anger|fear|surprise
Stop whining and eat your  shikseh  .,anger
Stop yelling .,anger
"Stop , you !",anger
Stop ! Who goes there ?,anger
Stop .,anger
Stop . I've been told . We're gonna look into it .,anger
Stripped of all that it's no wonder they become suicidal .,anger|disgust|sadness
Such personal questions are not appropriate .,anger|disgust
Such spirit ! Catch me if you can !,anger
Sucker .,anger
Supposing I don't tell you ?,anger
Sure as hell is . He called us from there five minutes ago .,anger|fear
Sure we're friends .,anger
"Surprise , surprise .",anger|disgust
"Sweet musical [PERSON] , that's your friend ?",anger
"Take him away , and the others , too !",anger
Take him to the stockade !,anger
Take him !,anger|disgust
Take it off !,anger|disgust|fear
Take my head to the emperor Maybe it will move him,anger
Take off that collar !,anger
Take that sentence back !,anger
Take the son of a bitch !,anger
Take your flight .,anger
Take your hands off me !,anger
Take your hands off !,anger
[PERSON] ? What kind of a name is that ?,anger
Tell everybody to go home .,anger
Tell her we're waiting .,anger
Tell him he's too tough for me .,anger
Tell him it's none of his business .,anger
"Tell me the truth , son !",anger
Tell me what you gave to him !,anger|disgust|joy|surprise
Tell the boys anyone caught arguing with a depositor will be fired .,anger
Tell them to get the hell out of there .,anger
Tell them to hurry it up .,anger
Tell them to open the door !,anger
"Terror tactics , man .",anger|fear
Thanks for nothing .,anger|disgust
That ain't [LOCATION] .,anger
That charlatan ! That hypocrite !,anger|disgust
That decorator is harder to get an appointment with than the mayor .,anger
That does it .,anger
That doesn't make him yours .,anger|disgust
That don't do us any good .,anger
"That extension was a power of attorney , [PERSON] !",anger
That is a menace .,anger
That is bullshit .,anger|disgust
That is hardly for you to decide .,anger
That is not true .,anger
That is ridiculous .,anger|disgust
That is the most ridiculous thing I ever heard in my life .,anger
That isn't enough .,anger|sadness
That low - life was in here last night .,anger|disgust
That people would go and do that !,anger|disgust
"That right , mister ?",anger
That son of a bitch is getting away with it .,anger|surprise
"That telegram from [LOCATION] , why should you bother about it ?",anger
That the best you can do ?,anger|disgust
That thing is a killer !,anger
That to marry [PERSON] would be the most senselessly cruel and destructive thing you will ever have done ?,anger|fear|surprise
That was our only way of finding out what was going on !,anger|sadness
That wheel is enough to drive anybody crazy .,anger
"That will be enough , [PERSON] .",anger
That woman as the equal of man is entitled to equality before the law .,anger
That ... that horse we ride those pick six guys bought back ?,anger
"That'll be all , steward .",anger
That'll teach you to go around saying things about people .,anger
"That's a shame , isn't it ?",anger|sadness
That's all you can do . You're right . You're absolutely right .,anger
That's cutting 'em down to size !,anger
"That's done it , he's gone .",anger
That's enough of that .,anger
That's enough .,anger
That's him .,anger
That's how it looks in my report unless you've got something to change it .,anger
That's how much you bother me .,anger
That's it !,anger
"That's kinda sick , huh ?",anger|disgust
That's not for you to say .,anger
That's not gonna happen !,anger
That's not gonna happen .,anger|disgust
That's not true .,anger|fear
That's ridiculous .,anger|disgust
That's something you'll never hear from me as long as you live .,anger
That's the trouble with you .,anger
That's too much gun for a man to have just for shooting rabbits .,anger
"That's twice you've let me down , kid .",anger
That's unacceptable .,anger|disgust
That's what foxes me .,anger
That's what I pay you for .,anger|joy
"That's what you're always talking about , helping other people out !",anger
"That's what you're living with , a couple of real boy scouts !",anger
That's what's the matter with you .,anger
That's where we must attack .,anger
That's why you're getting older and she's getting younger !,anger
The absence of a plan is ridiculous .,anger
The aliens won't let it happen !,anger
"The answer is no , unless you want your boy killed .",anger
The assassination is the latest act of terrorism by [PERSON] following the bombing of a drug treatment clinic that left five dead .,anger|disgust|fear|sadness
The bastard [PERSON] betrayed us,anger|disgust|fear
The Beauty queen [PERSON] ?,anger|disgust
The bitch !,anger
The blood's rushing to my head .,anger|fear
The boy won't give me the eagle .,anger|surprise
The choices I made .,anger
The circuit is overloaded . It's your bloody exercise machine . It's not my stair stepper .,anger
The cops found [PERSON]'s trust .,anger|fear
The damn insurance company won't cover you without a screen . I see .,anger|disgust
The day before she did that terrible thing to me .,anger|surprise
The devil with him !,anger
"The dog's mine to kill , an eye for an eye .",anger
"The door swings both ways , my ass .",anger
The epidermal what ? No !,anger|fear
The fairy tale again .,anger
"The Feds are at the lake house , man .",anger
"The firm's having withdrawal pains at the bank , if it's any of your bloody business .",anger
"The first time I ask you to do one thing for me , like rob a train ...",anger|sadness
The fleet didn't order us to manoeuvre at discretion .,anger|disgust
The girl escaped ... the other one and my son are looking for her .,anger|fear|sadness
"The girl is my concern , not yours .",anger
"The idiot had his TV turned up , and I didn't --",anger|disgust
The masses love to worship their idols,anger
The men aren't gonna be happy about what you've been doing .,anger
The mess boys ate the strawberries .,anger
"The military that uses the war machines and justifies them , and then the intelligence community that is not really an intelligence community , it's a covert operations community , armed with military weapons and nuclear weapons , and that they're trying to push the boundaries now",anger|fear
The monster is here ! Abracadabra !,anger
"The most valuable asset against Sandstorm that we've got , and instead of turning him to our side , we're actually pushing him away .",anger
"The Navy can't do without me here , the island might sink !",anger|fear
The only ones who see a UFO on TV programs are the rednecks .,anger|disgust
The only thing you'll get from me is this .,anger
The point is of no return ... and you've reached it !,anger
"The point is , you give the guy money , he jumps into bed .",anger
The psycho - vigilante killer continues his daily diet for murder .,anger|fear|surprise
The question is what are you doing here ?,anger
The red blood lust ! What else could it be ?,anger|fear
The things we have to do in these heathen countries . There must be an easier way to set a trap !,anger|disgust
"The trouble is , a lot of highly paid favourite sons are in danger of having their rice bowls broken and going hungry , all on account of these goddamn notebooks .",anger|fear
The way you say that sounds so ... rote .,anger|disgust|sadness
"The whole account balance bullshit , Regional knows someone's been stealing And I told them it was you .",anger|disgust
The word is bitch .,anger|disgust
The World ls Going Up In Flames  ),anger|sadness
The worst would be a relief .,anger|sadness
"Their mandate , repeat , their mandate , is to lie , deny , and deceive .",anger|disgust|surprise
Their screams ... you never forget something like that .,anger|disgust|fear|sadness
"Their style , but where the hell did they go ?",anger
Then don't say it .,anger
Then give me your home number .,anger
Then he divorced my mother to be with another woman . And he took his money with him .,anger
Then I got pretty tired of you and your pianos .,anger
Then I'll take her when you're dead !,anger
"Then if you ain't my pa , I want my $ 200 !",anger
Then stop calling me .,anger|disgust
"Then there's the third murder , and we can't find any connection between this one and the first two .",anger|sadness
"Then they'll say , Let's invite that [PERSON] family over for dinner .",anger|fear
Then we can't let him get away again .,anger
Then why do you show me no respect ?,anger
Then why don't you obey ?,anger
Then why put up such a front ?,anger
Then why the hell are we here ?,anger|disgust
"Then why you stand here , breaking my balls ?",anger
Then you did it alone !,anger
Then you don't approve .,anger
Then you'll have to have permission .,anger
"Then , instruct [PERSON] to stay put with your younger brother .",anger
"Then , unless you want to spend the next 20 , years of your life in prison , you will do exactly what I tell you , when I tell you .",anger
"Then , you know you've got a shitty witness .",anger|disgust
There are a hundred other places that really need the water !,anger
There are definitely people who feel like it's your fault .,anger
There are no more stops between here and [LOCATION] .,anger
There can be no quarreling here .,anger
There could have been better answers to some of the questions .,anger|sadness|surprise
There I disagree with you .,anger
There is an American on board .,anger|surprise
There is no evidence .,anger
"There is to be no retreat , not so much as one millimeter .",anger
"There may be subs out there , maybe not .",anger|surprise
There must be somewhere in [LOCATION] where one can find sanctuary to think .,anger|disgust
There will be no liberty for three months .,anger|fear
There will be no more movies for days .,anger
There won't be trouble from the dead .,anger
There'll be a slight delay .,anger
There'll be no more talk of the captain being crazy .,anger|disgust
There's a face beneath this face . - No !,anger|fear
There's a lot of things she could ask me but she won't say one darn word .,anger
There's a lot too much going on .,anger|sadness
There's just this one hammer .,anger
There's no bloody exits .,anger
"There's no cause for temper , child .",anger
"There's no change in it , is there ?",anger|surprise
There's no fucking handle !,anger
There's no more running .,anger|joy
There's no need for that .,anger
"There's no need for you to try and scare us , Mr. [PERSON] .",anger
There's no question . I'm not going with you .,anger
"There's not enough bleach to burn the stench of you away , [PERSON] .",anger|disgust
There's nothing I can do about squabbles in the imperial court,anger
There's nothing more commercial than a long - shot comeback of a down - on - his - luck underdog .,anger|disgust
"There's your answer , professor .",anger
These darn things are heavy !,anger|surprise
"These young turks , hell . Their efficiency system is just a cover .",anger|disgust
They ain't going to expedite it for me .,anger
They all coldcocked me .,anger|sadness
They aren't moving .,anger
They been bothering me .,anger
"They breed like rabbits , don't do any work and expect Welfare to put them on [LOCATION] .",anger|disgust
They can go to hell !,anger
They can't get us in Hole in the Wall .,anger|fear
They can't keep the department out of it .,anger
They changed it .,anger|sadness
They climbed down the damn chimney .,anger|disgust
"They contacted me to feel me out , and to tell me what wonderful people they were , and how their founders were really cool guys from [LOCATION] , and what did I know about that .",anger|disgust
They described a decades long conspiracy to cover up extraterrestrial visitation to [LOCATION] .,anger
"They didn't shut me up , you did .",anger
They got ta know [PERSON]'s gonna pull out their livers .,anger|disgust|sadness
They have every right to invade ours .,anger
They have the opposing counsel's secretary poking around in their goddamn file room .,anger
They made me mad .,anger
They notified me .,anger|surprise
They put all this nonsense into his brain .,anger
They refuse .,anger
They refused to even participate .,anger|sadness
They saw something they weren't supposed to see .,anger|sadness
They say he's got a brain .,anger|disgust
They took her .,anger|fear
They took the one with the collar ?,anger|fear|sadness|surprise
They transform ex-civilians into men without minds .,anger
They want names . I give them names .,anger
They were a little stupid .,anger
"They were sailors , same as me ... Slaughtered by that monster You're tryin' to make friends with .",anger|disgust
They won't care about one girl when thousands die every day .,anger
They'll beg us to let them in .,anger
They'll never believe us .,anger|fear|sadness
They'll never survive without their mother . Well .,anger|disgust
They'll rip off your head and shit down your neck !,anger|fear
"They're coming to get you , [PERSON] .",anger
They're from the guy who pumped my stomach . Bullshit .,anger
They're gonna need a fucking wrecking ball to take me out of here .,anger
They're not putting up the money .,anger
They're out there .,anger|fear
They're retarded .,anger|disgust
They're saying they're not responsible for what people put on their website .,anger
"They're shit , [PERSON] .",anger
"They've been running right by me all day , Kid .",anger
Things like that are none of our business .,anger
Things'll be different when [PERSON] gets back .,anger
Think God punishes the King to have a French whore .,anger|disgust
Think he gives a damn about me if the watch backfires ?,anger|disgust|sadness
Think I'm a fool ?,anger
Think I'm an idiot ?,anger|surprise
Thirty years a Sheriff and all I've had to contend with are vicious animals .,anger|sadness
Thirty years in this fucking office .,anger
This ain't no poor farm .,anger
"This ain't your personal little war , you know .",anger
This blood is mine ! Do you understand ? The blood is mine !,anger|fear
This bloody sod accused me of stealing me mate's grub .,anger
"This can't go on , it's ridiculous .",anger
This company of adults made the decision to post these pictures without even taking the time to find out if they were children .,anger|disgust
This is a bullshit case .,anger
This is a fucking nightmare .,anger|sadness
This is a private conversation .,anger
This is [LOCATION] . Speak English .,anger|disgust
"This is between ... me and him , and no one else .",anger
This is bullshit !,anger
"This is idiotic , [PERSON] .",anger|disgust
"This is long , man .",anger|disgust
This is murder .,anger
This is my life we're dealing with .,anger|fear
This is my show . I'm calling the shots .,anger
This is no time for jokes .,anger
This is no time to play in the snow .,anger|sadness
This is not a drill .,anger
This is not civilized !,anger
This is only going to make it worse for you .,anger
"This is our compartment , not your compartment . I would like you to leave .",anger|disgust
This is plain stubbornness and you know it .,anger
This is ridiculous .,anger|disgust
This is rusted tight .,anger
This is so goddamn boring !,anger
This is war !,anger
This is your one chance to get the answers .,anger
This is your problem .,anger
This line of questioning doesn't seem particularly relevant .,anger
This office does not condone any racial epithets .,anger
This one is getting too popular .,anger|disgust|surprise
This prick's been cheating the whole game .,anger|disgust
This thing isn't here for decoration .,anger
This time it is you who does not understand . I know [PERSON] better than you do .,anger
This train can't wait .,anger
This truck was coming right at me .,anger
Those wicked detectives ...,anger|disgust
Three's hardly an army .,anger|disgust
Threw him right out the window .,anger
Throw him in the car .,anger
Till I had to put a stop to that myself !,anger|disgust
To forget one day your only obsession :,anger|disgust
"To have an ugly incident occur while we're on this train with no method of escape that is not in our self - interest , either .",anger|fear
To hell ! I cast thee back to hell !,anger
Today's just taking shit down .,anger
Told you not to call me that .,anger
"[PERSON] , don't try it .",anger
"[PERSON] , why did you bring him here ?",anger|fear|surprise
Too long .,anger|disgust
Touch me and I'll sue .,anger|disgust
Tough shit !,anger
"Tried to save a girl , kind of queered his mind too .",anger
Trying to kill me . Is that it ?,anger
"Turk , don't make fun of me .",anger
Turn 'em off !,anger
Turn all of that administrative bullshit to Mac .,anger
Turn around !,anger
Turn back the clock ?,anger
"Turn left , you son of a bitch !",anger
Turn me loose and get out .,anger
Turn off that goddamned alarm !,anger
Turn that trash off !,anger|disgust
Turn the fucking water off !,anger
Turned out that my father and his business partner were involved in a Ponzi scheme .,anger|disgust
TV and press only . You'll have to step back .,anger
Two against one ?,anger|fear
"Two years an apprentice , and still the nails go in crooked .",anger
Typical !,anger
"Uh , not very long .",anger
"Uh , off message throughout .",anger|surprise
"Under the circumstances , I have to advise [PERSON] not to respond . Clearly , he would like to .",anger
Understand ? What ?,anger|surprise
Unless you're afraid of getting burnt .,anger
Unsatisfactory .,anger|disgust
Until along comes a coward with a bomb .,anger
Until it took a hit in the head .,anger|fear
Up yours !,anger|disgust
Up ! Shut up !,anger
Use my car . Great .,anger|joy
Very nice .,anger|joy
"[PERSON] , you fucking worm !",anger|disgust
"[PERSON] , we're late . We have an appointment downtown .",anger
Voters smell an exhausted man who's lost sight of all the important issues .,anger|sadness
Wait a minute !,anger|surprise
Wait a minute .,anger
Wait till I ask Dad if this is any way to run an airline .,anger
Wait till somebody gets killed ?,anger|disgust|fear|sadness|surprise
Wait ! Wait right here !,anger|fear
"Warden , if you don't stop , I'll have to ask you to leave .",anger
Was it you ?,anger|surprise
Was that you ?,anger|surprise
Was the city trying to strike a deal with the drug lords ?,anger|fear|surprise
Wasting my occult talents !,anger
"Watch out , you idiot !",anger|surprise
Watch that enthusiasm . This is the [PERSON] .,anger
"Watch your ass , [PERSON] boy .",anger
We ain't forgetting who you are !,anger
We ain't never been friends .,anger
We already know that,anger
We already know the rest .,anger
We already searched your apartment thoroughly .,anger
We also escaped with the million pounds of somebody else's money .,anger
We always done this before .,anger
"We are looters , we are not murderers .",anger
We are not gonna pay you nothing .,anger
We are on an official mission ... and we have no right to change the orders of our superiors .,anger
"We aren't planning to build a toy , [PERSON] .",anger
We can do better than that .,anger
"We can't cover for him , [PERSON] .",anger|sadness
We can't feed the Russian people on your intentions .,anger
We can't have that .,anger|sadness
We didn't win because [PERSON] has video of [PERSON] in their offices .,anger
We don't have to give you a cent .,anger
We don't like him .,anger
We don't like [PERSON] .,anger
We don't need any rush - hour Rambos there .,anger
We don't need you here !,anger
"We don't need your sort of consolation , Father [PERSON] .",anger|disgust
We don't tolerate nudity in any shape or form .,anger|disgust
"We don't want advantages , and we don't want prejudices .",anger
We don't want none of his gratitude !,anger
We don't want speeches .,anger
We expected you to come in here with a plan .,anger
We give no quarter to those that are disloyal .,anger
We got 'em again !,anger
We got nothing to talk about .,anger
We got ta do something !,anger|fear|surprise
We got ta let him out !,anger|fear
"We have a democratic process , where all these sort of sensitive issues will be handled legally , we do not .",anger
"We have a shop rule here , no liquor on the premises .",anger
We have diddly - shit .,anger|sadness
We have to keep on what we've been doing and break him .,anger
We haven't anything to discuss with you .,anger
"We kill the rebels , we kill the rebellion .",anger
"We liked the same guy , but I liked him more , Would you back off ?",anger
We need to talk .,anger
"We needed to see what you were capable of , [PERSON] , and I've a family to protect .",anger
We object to that .,anger
"We ran those prints through the federal computer . Turns out they belong to one [PERSON] . She's arrested for disorderly conduct in , in [LOCATION] , some kind of antinuke bullshit .",anger|fear
We should get rid of anybody that doesn't put the company first .,anger
We should get rid of the kid and buy a new cat !,anger|joy
We thought anybody can understand this .,anger
We were a team .,anger
"We were answering ad after ad , after ad , and we were finding that every case , every one was , in fact , someone who was prostituting themselves , someone who was being trafficked .",anger|disgust
"We were deserving the money , anyway .",anger
We were robbed !,anger|fear|sadness
"We weren't even there very long , and I had to buy all those darn dresses .",anger
We will sue your asses .,anger
"We , the hunted , will now hunt !",anger
We .  Who the hell are  we  ?,anger
We'd just started boarding when this happened .,anger|fear
We'll arrest him .,anger
We'll blow it open .,anger
We'll catch 'em sooner or later .,anger
We'll get him out of town .,anger
We'll give him the biggest gunfight ever .,anger
We'll have him watched from now until the day he sails .,anger
We'll search out their weaknesses .,anger
We'll show them you're not afraid .,anger
We'll terrorise the whole state .,anger
We're at an impasse .,anger
We're fools to tolerate it .,anger
We're going around in circles .,anger
"We're going to ... - , get out of there !",anger|fear
We're gonna end you ...  And all this ...,anger
We're gonna leave you . Do what you have to do .,anger
We're kickin' the shit outta everybody .,anger
"We're not going to plant anything , if that's what you're worried about .",anger|surprise
We're not on the same side .,anger
We're running out of time .,anger
We're seven minutes behind schedule .,anger
We're the only ones who can afford to be honest .,anger
We've been ambushed by the very forces That you wish to trade with .,anger|disgust
We've been through this !,anger
We've heard all this before !,anger
Wear 'em on your collar .,anger
Well I am making breakfast here ? What are you doing ?,anger
"Well , actually ...",anger|surprise
"Well , Dad , here's a hint .",anger
"Well , don't be so mysterious .",anger
"Well , don't bring his troubles to me .",anger
"Well , for god's sake , it's my account .",anger
"Well , for starters , you can give me an update .",anger
"Well , he really got his monster , didn't he ?",anger|joy
"Well , he'd better be if he's gonna remain anything at all .",anger
"Well , how do you think that I make ends meet with your father Gallivanting off to [LOCATION] ?",anger
"Well , how else was I supposed to get [PERSON] to come home ?",anger
"Well , I ain't scared .",anger
"Well , I can't understand that .",anger
"Well , I don't give a damn about the reason .",anger
"Well , I don't want it .",anger
"Well , I don't . And I don't need this .",anger
"Well , I never said that .",anger
"Well , I no longer wish to buy your company and take it apart . I don't want anyone else to either .",anger
"Well , I'm no loser .",anger
"Well , I'm not people .",anger|disgust
"Well , I've been trying to reach him all day .",anger
"Well , if the [PERSON] tries anything like that with me ...",anger
"Well , if there's been a mistake , it's yours .",anger|sadness
"Well , make up a time . You know , a time like you know .",anger
"Well , nobody asked you to .",anger
"Well , now where are you going ?",anger
"Well , people are entitled to leave cars outside if they want to .",anger
"Well , really , you must do something about that memory of yours .",anger
"Well , run out and get him !",anger
"Well , screw the British .",anger|disgust
"Well , somebody's gonna have to start trusting somebody .",anger
"Well , someone needs to stay here with [PERSON] and Bud just in case .",anger|fear
"Well , stop it !",anger
"Well , tell Mrs. [PERSON] to get to the bottom of it somehow .",anger
"Well , that broke that up .",anger|fear
"Well , that depends upon your point of view , professor . What do you mean by that ?",anger|disgust
"Well , that was a personal matter .",anger
"Well , too much TV is bad for my ears .",anger|disgust|sadness
"Well , we won't stand for it .",anger
"Well , we're there for the oil . Let's not pretend .",anger|disgust
"Well , well ! If it isn't our model prisoner , looking so pretty today in his little bow tie !",anger|disgust
"Well , what do I care .",anger|sadness
"Well , what's there to talk about ?",anger
"Well , why didn't I know about that ?",anger
"Well , you did [PERSON] , you stuck it up there ,",anger|disgust
"Well , you know what I think ? I think you wouldn't be here if she did nothing wrong .",anger|sadness
"Well , you never even asked me why I was going .",anger
"Well , you're very polite .",anger
"Well ? Where have you been ? Don't tell me you tried to call me back , because I know you did not .",anger|disgust|sadness
Well . I didn't ask if it would fit . I asked how much it was .,anger
Were you in them riots ?,anger
Weren't you reprimanding a seaman for having his shirt - tail out . - - While the ship turned degrees ?,anger|disgust
"Weren't you , in fact , intimate with the lady ?",anger|sadness
"Whaddya trying ' to do , make it a short day ?",anger
What a jerk .,anger
What a wuss !,anger|disgust|surprise
What about ten commendations for valour and the best felony arrest record in the history of this department ?,anger
"What am I supposed to do , sound like a hick just to make her happy ?",anger|disgust
What am I supposed to do ? Go to a halfway house for wayward SAG members ?,anger
"What am I , a fuckin' stranger ?",anger
"What am I , a pit stop ?",anger
What an idiot .,anger
What are they fighting about ?,anger
What are you accusing me of ?,anger
What are you all gaping at ?,anger
What are you calling me [PERSON] for ?,anger
"What are you doing ? You can't come here . - Listen , [PERSON] .",anger
What are you driving at ?,anger
What are you jerking me around for ?,anger
What are you looking at me like that for ?,anger
What are you saying ? Read the fine print .,anger
What are you smilin' at ?,anger
What are you staring at ?,anger
What are you talking about ? She doesn't have a twin sister .,anger|surprise
"What are you thinking , Lieutenant , that I'm a coward ?",anger
What are you trying to say ?,anger
"What are you , my mother ?",anger|fear
What baby ?,anger|surprise
What could possibly be the matter ?,anger
What crap !,anger
"What did I tell you , [PERSON] ?",anger
What did I tell you ?,anger
"What did this boy do that frogface didn't do ? [PERSON] , I want to talk to you .",anger
What do I care about your philosophy of the soldier ?,anger
What do I have to do ? Grow up .,anger
What do you call it ?,anger
What do you care ?,anger
What do you hope to accomplish ?,anger
What do you know about this ?,anger
What do you mean you didn't see ?,anger|disgust
"What do you mean , I'm not the type ?",anger
"What do you mean , no ? You callin' me a liar ?",anger
"What do you mean , you can't ?",anger
"What do you mean , you're downstairs , you idiot ?",anger
"What do you think I am , stupid ?",anger|disgust
What do you want here ?,anger
"What do you want , Cat ?",anger
What does it matter ?,anger
What does Molto have to do with this ?,anger
What else could I do ?,anger
What for ?,anger
What good is that gonna do if the people who run this government don't have access to the programs ?,anger
"What I mean is , if you were gonna tell everybody I'm a hooker , - why didn't you let me wear my clothes ?",anger|disgust
"What I see is what I see ... We'll do what we can , Mr. [PERSON] .",anger
"What I'm saying is this aggression in [LOCATION] , by powers unknown , is a direct result of the uncertainty that our presidential situation has wrought .",anger|disgust
What in the name of god is [PERSON] park doing in my office ?,anger|disgust
"What is important about that action is that it was a number of Fortune companies telling that business , that they believe there is illegal conduct happening and they weren't gonna support it .",anger|disgust
What is it to you if I leave ?,anger
What is it you want ?,anger
What is the matter with you ?,anger
What is this ? My son needs his rest .,anger|surprise
What is with you ? What goes with you ?,anger|disgust
What is wrong with you ? Come on !,anger|disgust|surprise
What kind of a deal is this ?,anger
What kind of evil spirit are you !,anger|disgust
"What money , asshole ?",anger|disgust
What more do you want ?,anger
What must it be before you're satisfied with it ?,anger
What other reason could there be ?,anger
What the devil have you been up to ?,anger
What the fuck are they doing in there ?,anger|surprise
What the fuck are you doing in my office ?,anger|fear|surprise
What the fuck are you doing with those ?,anger
What the fuck are you on about ?,anger
What the fuck are you trying to do ?,anger
"What the fuck did you do , man ?",anger|surprise
What the fuck is this ?,anger
What the fuck man ?,anger
What the fuck you doing ?,anger|fear
What the fuck you talkin' about ?,anger
What the fuck ?,anger
What the fuck ? !,anger|surprise
What the fuck ... !,anger
What the hell am I living around here for ?,anger|disgust|sadness
What the hell are we doing here ?,anger
What the hell are we doing out here ?,anger|fear|surprise
What the hell are we supposed to do with these ?,anger
What the hell are you doing ?,anger
What the hell are you doing ? - [PERSON] !,anger|surprise
What the hell are you talking about ? We had drinks last night .,anger|surprise
What the hell are you trying to do to me ?,anger
What the hell do you think that I do ?,anger
What the hell do you want ?,anger
What the hell does that mean ?,anger|disgust
What the hell for ?,anger|surprise
What the hell happened in there ?,anger|surprise
"What the hell is going on here , [PERSON] ?",anger|surprise
What the hell is going on here ?,anger|surprise
What the hell is that ?,anger|disgust|surprise
What the hell is the matter with you ?,anger|disgust
"What the hell is this , [PERSON] ?",anger|surprise
What the hell is this ?,anger
What the hell you doing ?,anger
What the hell ?,anger|surprise
What the hell's going on here ?,anger|surprise
What the hell's going on out there ?,anger
What the hels going on ?,anger
What then ?,anger|fear|surprise
What they do with the tapes is their own business .,anger
What was I supposed to think when you didn't come home ?,anger|fear
What you did to me all those years ago .,anger|disgust
"What you got on me , Kid ?",anger
What you have done ?,anger|sadness
What you're dealing with is over your head .,anger
"What , are you guys blind or something ?",anger
What ? [PERSON] has an exemplary record with the bureau .,anger
What ? Get off my coat !,anger|disgust|fear
What ? That I'm your little puppet ?,anger|sadness
What'd you mean ? Kissing that bitch ?,anger
What'd you wan na write that for ?,anger
"What's biting you , [PERSON] ?",anger
What's going on ? We need to talk . That's all .,anger|disgust
What's got into you ?,anger|surprise
What's he got to do with this thing ?,anger
"What's it to you if I brought a woman , a man or a fuckin' Muscovy duck ?",anger
What's it to you ?,anger
What's keeping you ?,anger
What's killing the children ?,anger|fear|sadness
"What's more to the point , that money was next year's budget for the Drug Rehabilitation Clinic .",anger|sadness
What's that got to do with a train ?,anger|surprise
What's that got to do with us ?,anger
What's the deal here ? You used to work here or something ?,anger
What's the matter with you two ?,anger|disgust|fear
"What's the matter with you , [PERSON] ?",anger
What's the matter with you ?,anger
What's this bullshit ?,anger
What's your interest in this ?,anger
"Whatever I lost , I lost a long time ago , and I don't plan on losing more .",anger|sadness
Whatever .,anger|disgust
When a threatening power lands in our capital we don't meet them with tea and cookies .,anger
When are you gonna fight a real fighter ?,anger
"When did you get a chance to do this , kid ?",anger|surprise
"When I gave these files to her , they were in nice order .",anger|surprise
"When I got back , we were short two blokes ' rations .",anger|surprise
"When I was in the corps , I was olive drab , or camouflage , or dress blues or whatever was the fucking uniform of the day .",anger
"When Mr [PERSON]'s feet hurt , he drives the whole house crazy .",anger
"When that monster makes a run for it tonight , you'll be in deep trouble",anger
"When the boat seemed a safe distance from the shore , I took a spike , and drove it again and again through the planking of the hull .",anger
When were you going to give the money to the community ?,anger
Where are you going ?,anger|surprise
Where do you think I've been ?,anger
Where exactly do you live ? Nowhere .,anger
Where in the hell is justice ?,anger|disgust
Where the fuck is he ? [PERSON] !,anger|fear|surprise
Where the hell are they ?,anger
Where the hell do you think you're going ?,anger
Where the hell is Special Weapons ?,anger
Where the hell where you all night ?,anger
Where's [PERSON] ? Who cares ?,anger|disgust
"Where's the bullets for this gun , man ?",anger|surprise
"Where's the chief , ? Do not get smart with me !",anger
Where's the money ?,anger
Whether I call you [PERSON] -[PERSON] or Windy there's no need to be bashful,anger
Whether or not you're handicapped .,anger
Which hedgehog ?,anger
which makes twice today .,anger
While you try to steal my money the union accepts an offer from [PERSON] .,anger
"While you two pricks are congratulating yourselves , you better realize maybe you put [PERSON]'s neck in it .",anger|fear
Who are we gonna beat playing like that ?,anger|sadness
Who are you ?,anger|disgust
Who cares where he's going anyway ?,anger
"Who cares , we're getting outta here .",anger
Who dares to ....,anger
Who do you think you are butting in like this ?,anger
"Who do you think you're punishing , huh ?",anger
Who do you think you're talking to . Shut up and go back to work .,anger
Who gave you this idea ?,anger
Who in the hell you looking for ?,anger
Who in the world can do that ?,anger|surprise
Who killed the music ?,anger
Who knows ?,anger
"Who says ? - It's just so , [PERSON] !",anger
Who sent you ? - Fuck you .,anger
Who the hell are you to ask all these questions ?,anger
Who the hell are you working for ?,anger
"Who the hell asked you anyways , huh ? - Shut up !",anger
Who the hell is that ?,anger
Who took the Scotch from my closet ?,anger
Who was it ?,anger
Who you looking at ?,anger
"Who you think you're messing with , you dumb animal ?",anger|disgust
"Who you trying to kid , sister ?",anger
Whoever killed him's gonna pay .,anger
Why are you doing this to yourself ?,anger|disgust|surprise
Why are you laughing ?,anger|surprise
Why are you looking at me ?,anger
Why are you so angry ?,anger
Why aren't you working ?,anger
Why can't this guy stay on the ground ?,anger
Why did you say [PERSON]'s better ?,anger|sadness
Why did you take him then with me ?,anger|sadness|surprise
Why didn't you help me ?,anger
Why didn't you tell me before my wife left ?,anger
Why didn't you tell me before ?,anger
Why didn't you think of that ?,anger|sadness|surprise
Why do men think marriage is the only thing we want ?,anger|disgust|sadness
Why do You have to make everything so bloody difficult ?,anger
Why do you want to kill all my friends ?,anger|disgust|fear|sadness
Why don't you back the hell off of her ?,anger
Why don't you both shut up ?,anger
Why don't you just get out of here .,anger
Why don't you just hit me in the head with a hammer ?,anger|sadness
Why don't you just let us get on with our job ?,anger
Why don't you keep out of this ?,anger
Why don't you kill him .,anger
Why don't you leave me alone when I'm sleeping ?,anger
Why don't you like him ?,anger|disgust|sadness
"Why don't you run on home , or you'll get hurt worse than before , [GAY SLUR] .",anger|disgust
Why don't you shut the fuck up ?,anger
Why don't you shut the hell up ! Crybaby .,anger|disgust
Why don't you shut up and go back where you came from ?,anger
Why don't you sit down and try not to waste my time ?,anger
Why don't you tell the voters what you really plan on doing with this town ?,anger
Why don't you  try it ?,anger
Why even tell me about it ? Because I needed to tell you !,anger
Why I bother to look so good when there's no one here to admire the end product is beyond me . Know what I mean ?,anger|sadness
Why in the hell didn't you blow those things when you had the chance ?,anger
Why is she still walking around ?,anger
Why must I always be the one who puts the cat out .,anger
Why not believe me ?,anger
Why should I answer ?,anger
Why should I give a crap ?,anger
Why should I turn this bank over to anybody else ?,anger
Why the hell did you think that was an appropriate thing to do ?,anger
Why the hell not ?,anger
Why waste it on these stupid pets ?,anger
Why were his fingerprints all over that goddamn glass ?,anger|disgust
Why would a dumb Polack like you think he could outsmart someone like me ?,anger
Why would a rival biker gang crash a bar full of [LOCATION] ?,anger|surprise
Why would anyone recognize me ?,anger|disgust|sadness
Why would she come here at all ?,anger
Why you got ta shout ?,anger
Why you raising ' up a lady's hopes like that ?,anger
"Why , what is the matter with you ?",anger
"Why , you want a road trip ?",anger
Will somebody shut him up ?,anger
Will you get out of here !,anger
Will you get that freaking nut job off my back ?,anger
Will you let go of me !,anger
Will you let me sleep ?,anger
Will you please stop telling me how to run my life for a couple of minutes ?,anger
Will you shut up about the Army ?,anger
Will you shut up ?,anger
"[PERSON] , don't .",anger
"[PERSON] , it's getting late .",anger
"With her , it would be marriage or nothing , and that's out of the question .",anger
With you guys it's always bad timing .,anger|sadness
"With your popularity , you'd be out in no time .",anger
Would you have preferred the Verua kill me ?,anger|sadness|surprise
Would you stop harrassing her ?,anger
Would you stop harrassing her ? But if you'll let me point out that my client's mental state ...,anger|disgust
WTF . What am I supposed to do about the tour guide ?,anger|fear|surprise
"Yeah , but you're fucking doing it .",anger
"Yeah , call the cops .",anger
"Yeah , do you mind ?",anger
"Yeah , I mind .",anger
"Yeah , I think you would be decent , With all that account balance bullshit .",anger|disgust
"Yeah , like what ?",anger|surprise
"Yeah , mind your own business .",anger
"Yeah , screw them .",anger|disgust
"Yeah , we got unfinished business ! Her and me .",anger
"Yeah , well , she's out of town right now .",anger
"Yeah , well , we're going . - Not with you !",anger|surprise
"Yeah , well , who knew ? - God damn .",anger
"Yeah , yeah , I got the horse all picked out to buy the ... we actually reached this turn in the road .",anger
"Yeah , yeah , yeah .",anger
"Yeah , you fucking coward !",anger|disgust
"Yeah , you're just kidding .",anger
Yeah ! Yeah ... Yes !,anger|joy
"Yeah ? The last time you assured me , I lost good men in the [LOCATION] .",anger|disgust|sadness
"Yeah . Well , [PERSON] is the only name we've got .",anger|sadness
"Yes , but he went off without me , didn't he ?",anger|sadness
"Yes , but the soup bowl of coffee it was so completely crushed that there was no possibility of analysing his content .",anger
"Yes , I do . - No , you can't !",anger|disgust
"Yes , I want you must call the My husband's family .",anger|joy
"Yes , I'm talking about honour , not ideology .",anger
"Yes , tell him I'm in the middle of an important phone call .",anger
"Yes , you may think that we're distracted , but don't fool yourself .",anger|disgust
Yes ? What is it ?,anger
"Yes . And a bit more of a smile , please .",anger
Yet you let [PERSON] know you'd drag it in at any opportunity .,anger|disgust
You ain't built for no fucking place like this !,anger
You ain't calling the tune !,anger
You ain't gonna get nobody to come out here .,anger
You ain't gonna take no car .,anger
"You ain't very friendly , are you ?",anger
You always blame me !,anger
You and that damn book .,anger
You are fake news .,anger
"You are from the warship that attacked me , are you not ?",anger
You are in trouble !,anger
You are just one too many !,anger
You are not going !,anger
You are so infuriating .,anger
"You are too outspoken , brother .",anger
"You are wrong , [PERSON] .",anger
"You aren't one of them , are you ?",anger|fear
You asked for second helpings .,anger
You bastard !,anger|disgust
You been busy with these dickheads .,anger
You better be careful .,anger
"You better be home tonight , you [GAY SLUR] .",anger
You better carry that around with you all the time .,anger
"You better start reforming , [PERSON] .",anger
"You better straighten your tie , [PERSON] ! Or poppa'll spank you !",anger|disgust
You better talk to her now .,anger|disgust
You big pussy !,anger|disgust
You bloody liar !,anger
You break the brake .,anger
You bring him !,anger
You British insult easy . Can't catch one of these cruds passing up a buck .,anger
"You call this a tip , you cheap bastard ? !",anger|disgust
You came to tell me you refuse to publish me ?,anger|disgust|fear|sadness
"You can always find somebody to set you up , right ?",anger
"You can beat it out of me , but it won't do you any good .",anger
"You can call it an immigration if you want to , [PERSON] .",anger
You can Do better .,anger|joy
You can give me two dollars extra for making me nervous .,anger
You can hardly expect the jury to believe that a woman in love doesn't attempt to meet her lover .,anger
You can keep 'em !,anger
You can put that away .,anger
You can tell him that for the both of us !,anger
You can tell the [LOCATION] that's just the beginning !,anger
You can't arrest me here .,anger
You can't buy people's souls .,anger|disgust
You can't charge me for directions .,anger
You can't come in .,anger
You can't come to my magic show .,anger|disgust
You can't do that to him .,anger
You can't do this ...,anger
You can't drive and shoot .,anger
You can't even call ? We'll be stashed away .,anger
"You can't go around hurting people like that , Comrade [PERSON] .",anger
You can't go !,anger
You can't guarantee our luggage !,anger
"You can't hide a corpse , [PERSON] .",anger
You can't hold me without a warrant .,anger
You can't hurt him like this .,anger
You can't just run off .,anger|disgust
You can't land here without written permission !,anger
You can't leave me with Ma !,anger|disgust
You can't let radarjockeys push you around . Leave it to me .,anger
You can't order me to do that .,anger
You can't see him because you're not dead yet .,anger
You can't sit . Not till you pay the fare .,anger
"You can't take a bill nobody's heard of and discuss it among 96 , men .",anger
You can't take the car !,anger
You can not kill a man's family and talk about human rights .,anger|disgust
You can not rent a prince .,anger
You certainly are !,anger
You come from somewhere and you're trying to make nothing out of yours .,anger|disgust
You could have alerted us !,anger
You damn fool ! I told you to get off this case !,anger
You damn near broke my arm .,anger|disgust
You damned near got us all killed .,anger
You dare take that tone with me ?,anger
You did . You killed your wife . You killed benham .,anger|disgust
You didn't have to do that .,anger|disgust
You didn't say grace .,anger
"You didn't think I was dead , too , did you ? [PERSON] .",anger|surprise
You dirty rat .,anger|disgust
You do as I say or the pig dies .,anger
"You do it again , and you lose a limb .",anger|fear
You do me an injustice .,anger
"You don't get it , do you ?",anger|disgust
You don't have a boy !,anger
"You don't have to believe it , honey , just act it .",anger
You don't know a damn thing about soldiering .,anger
You don't know him like I do .,anger
You don't know how to train ?,anger|surprise
You don't know me .,anger
You don't park here either .,anger
You don't see what's happening .,anger
You don't think I can smell it ?,anger
You don't understand .,anger|sadness
You don't understand . - I do understand .,anger
"You dress like this , you attract attention to me .",anger|disgust
"you ever make me look stupid , you're dead .",anger
"You ever make me look stupid , you're dead .",anger
You expect us to stand all the way ?,anger
You feel qualified ?,anger|disgust
You fucking double - crossing gringo pig bastard !,anger
You fucking lied to [PERSON] . - l didn't lie to him .,anger
You fucking little douchebag .,anger|disgust
You gave him a plane without checking with Operations ?,anger
"You get in trouble over there , and I'd have a hell of a time gettin' you out .",anger
"You get in your compartment , shut the door and lock it .",anger
You get lost ?,anger|surprise
You get out tomorrow !,anger
"You get your ass over there , Gate .",anger
You give me no choice but to ground you .,anger|fear
You go find it .,anger
You go to the embassy !,anger
You go when I tell you to go .,anger
"You gonna call me a frequent flier , too ? Who called you a frequent flier ? I heard one of the nurses say that about me outside .",anger
You gonna invite us in ?,anger
You gonna knock off a police lieutenant ?,anger
"You got a badge and a gun but you're still a punk so shut up - - [PERSON] , please !",anger
You got a big mouth . At least you can put it to good use on the witness stand .,anger
You got a big nose and you're sticking it too far in my business .,anger
You got me down in this goddamn water .,anger
You got something to say about our plan ?,anger
You got that ?,anger
You got to get me out of this mess !,anger
"You got to kill him , [PERSON] , now !",anger
You got ta be joking . - I neverjoke about money .,anger|surprise
"You got ta get these emotions under control , son .",anger|disgust
"You have a first name , haven't you ?",anger
You have any idea what you're doing to that poor woman ?,anger
You have been making things terribly difficult for Colonel [PERSON] .,anger
You have destroyed our refuge .,anger|sadness
You have no right .,anger
You have no way of knowing the way that I think .,anger
You have one minute .,anger
You have to have enough imagination to visualize the crime .,anger
You haven't bothered to find out ?,anger
You haven't touched a thing .,anger
You hear me ?,anger
You heard what she said .,anger
You hit me again and I'm gonna rip your face off .,anger|disgust
You hurt me . Yes .,anger|disgust|sadness
You idiot .,anger|disgust
You just made it up .,anger
You just wait .,anger
You knew that file didn't have a damn thing to do with my case .,anger
"You knew when I point blank asked you , and you lied to me about it .",anger|disgust|sadness
You know he's got the missiles . I know he's got the missiles .,anger
"You know how long l've been looking for you , you spic fink ?",anger
You know I am obliged to report you to the authorities .,anger
You know I don't understand that shit .,anger
"You know I'm gonna be the president , right ?",anger
You know the rules about smoking .,anger
You know this guy !,anger
You know what I'm asking .,anger
You know what ? It doesn't even matter . Because I'm taking over .,anger|disgust
You know what's gonna happen to you if you don't surrender !,anger
"You know , I'm not responsible for the complications of international law .",anger
"You know , maybe it's better you're not staying here .",anger
"You know , ten Colombians and Scorpios armed to fuck all .",anger|fear
"You know , the four fragile fingers , and the long arm , real short joint .",anger
"You know , we knew you was a punk then , but you're being a punk now .",anger|disgust|surprise
"You know , you can't actually think .",anger
"You know , you could pay me . That's one way to break the ice . Oh , yeah , I'm sorry .",anger
"You know , you remind me more and more of my first husband .",anger|disgust|joy|surprise
"You know , you - you could get hurt . You shouldn't go around robbing people . You could go to jail .",anger|disgust|fear|sadness
"You know , you're expecting too much from that formula of B - 4 , Mr Oxly .",anger
"You know , you're in over your head as it is .",anger
You leave that door open !,anger
You listen to me .,anger
You little bastard .,anger
You little spying ' hyena . Did the professor put you up to this ?,anger|disgust|fear
You look like someone who could use a couple of hours ' sleep .,anger|disgust
You looking for a fight ? You looking for a rush ?,anger
"You made a big mistake , [PERSON] .",anger|disgust|sadness
You made me give up my secrets when I was feeling particularly vulnerable .,anger|sadness
You made the appointment without me .,anger
You made the spell and you can undo it !,anger
You may believe what you like .,anger
You may have overlooked the fact that the use of officers for labour is expressly forbidden by the Geneva Convention .,anger
"You may not suspect it , but I'm still attractive to some .",anger
You mean I can't have me no credit to grow me no crop this year ?,anger
You mean you weren't sure if I was ever coming in again .,anger
"You mean , a little kid kinda boy ?",anger
"You mess with him , we mess with you !",anger
You might as well dump it !,anger
You mind your own business .,anger
"You must never do anything like that again , ever .",anger
You must not do this thing to him .,anger
You mustn't speak to Little Big Man like that .,anger
You naughty boys .,anger|disgust
You need a good pop on the butt like I used to give your mother !,anger
You never said a goddamn word about a tilting hydraulic body .,anger
You never stood a chance .,anger
You ought to be shown up .,anger
"You people can either help me , or stay the hell out of my way .",anger
You place an absurd value On the cheapest of human commodities .,anger|disgust|surprise
"You play , you pay .",anger
You poor son of a bitch .,anger|disgust
"You pretend to raise money for the little league , and the whole community should lighten up ?",anger|disgust
You protest too much .,anger
You proud to have that animal for kin ?,anger|disgust
"You pull one thing , you're out .",anger
You put asses into seats .,anger
"You put my eye out , you bitches !",anger
You put your head in the sand .,anger
You question the judge's integrity ?,anger|surprise
You rat !,anger
You realize your contacting the saucer violated our instructions .,anger
"You really think you know what's best for us , [PERSON] ?",anger
You return to the front of your army .,anger
You run into him on the daisy chain you tell him I want to see him . Comprende ?,anger
You said the party's over .,anger
"You saw that coming , did you ?",anger|surprise
You say you're sorry and we'll let you go .,anger
You saying I got no brains ?,anger
You scared me .,anger|fear|sadness
You see murder ! You see guts !,anger|disgust|fear
You see what he did to Miss [PERSON]'s shirt ?,anger|disgust|sadness
"You see , they ask a lot of dumb questions about what it's like being a black policeman . Shit like that .",anger
You should have killed me when you had the chance .,anger
You should have learned by now !,anger
You should have thought of that before you left the house .,anger
"You should've been there , [PERSON] .",anger|sadness
You shouldn't be in here .,anger
You shouldn't fool with that .,anger
"You shut up , Dude , and listen to me .",anger
You shut up !,anger
You skip meetings I'm supposed to go to .,anger
You son of a bitch !,anger
You son of a bitch .,anger|disgust
You son of a bitch . You amended the charges to intent ?,anger
You stay away from my baby .,anger
You stay out of my way .,anger
You stay out of this !,anger
You stay out of this .,anger
"You stool for him , fuck .",anger|disgust
You stupid cow !,anger|disgust
You stupid lizard ! Get off me !,anger|disgust
You stupid ...,anger|disgust
You tell her .,anger
You think I don't know why you got me down here on this cockamamie case ?,anger|disgust
You think I got this job because I fucked some fat - cat friend of [PERSON]'s .,anger
You think I was born yesterday ?,anger
You think I'm dumb enough to give myself up to the T - men ?,anger
You think it's a good idea to hand me an ax right now ?,anger
You think of me as sort of a cross between your wife and your mother .,anger
"You think that's gonna fix it , huh ?",anger
You think top gun up there will be able to tell if somebody's following us ?,anger|fear|surprise
You think you're my boss ?,anger|disgust|surprise
You think you're the only guy in this paw that wants out ?,anger
"You thought you done good , she'll get us all killed .",anger|disgust
You threatened her if she told me .,anger
You told [PERSON] ?,anger
"You too , buster , no sense in us all goin' noble .",anger
"You took away my czar , my country , my people .",anger
You took her from my house last night !,anger
You took him !,anger|sadness|surprise
"You took money from me when I was playing , when I was winning .",anger
You took the bread out of half the mouths of [LOCATION] .,anger|disgust|fear
You touch [PERSON] again and I'll kill you .,anger
You understand ?,anger|surprise
You wait till you see what I do to him !,anger
"You wan na fire me , fire me .",anger
"You wan na help me make dinner ? - Uh , no !",anger
You wan na help me ? - I'm driving .,anger
"You wan na stay out of prison , right ?",anger
You wan na teach me how to handle my own daughter ?,anger
You want a baby - sitter ?,anger|surprise
"You want me to think that you don't want me to go down there , but the subtle truth is you really don't want me to go down there .",anger
"You want to come into this house , you ring the damn bell !",anger
You want to give her another shot at him ?,anger
You want to hurt me ? You already did .,anger|disgust|sadness
You want to kill yourself ... fine with me .,anger|sadness
"You want to know what a real criminal is , [PERSON] ?",anger
You were supposed to come Tuesday .,anger|sadness|surprise
You were too rough the last time !,anger
You were unavailable for consultation .,anger
You wicked boy .,anger
You will live to regret this day .,anger|disgust
You will order your officers to work .,anger
You won't be needing this anymore and I think your boyfriend's had his gut full of races !,anger
You won't cheat [PERSON] out of publicly ordering you out of her house .,anger
"You won't get away with this , Trixie .",anger
You won't get my approval on this .,anger|disgust
You won't take my check . I'll say .,anger
"You youngsters , be quiet .",anger
You !,anger|disgust
You ...,anger
You ... bitch !,anger
You ... shut up !,anger
You'd better hurry over there .,anger
You'd better listen to what he said .,anger
"You'd better tell your friends , too .",anger
"You'd want your mommy too , if you had to say all this . - Cut !",anger
You'll be told after you sail .,anger
You'll go too far .,anger|fear|sadness
You'll just have time to change .,anger
You'll make no calls .,anger
You'll never be sorry .,anger|sadness
You'll never deceive the people again !,anger
You'll never get me to give this up !,anger
You'll never take my child out of this house .,anger
You'll not take her while I live !,anger
You'll regret this !,anger
You'll sell the furniture ?,anger|surprise
You'll stay here without food or water until you talk .,anger
You'll stump to [LOCATION] with the rest of us .,anger
"You're a fool , you're bagged - out with sauce .",anger|disgust
You're a fool .,anger|disgust
You're a fucking dead man !,anger
"You're a hard man to kill , Admiral .",anger
You're a liar !,anger
You're a liar .,anger|disgust
You're always taking me out to the summerhouse !,anger
You're annoying me .,anger
"You're as bad as your sister , coming home from work at all hours and colours .",anger|disgust
"You're dead , you sons of bitches .",anger
You're driving me crazy .,anger
You're forcing us to take action against you .,anger
You're giving premature value judgments .,anger
You're goddamn right you got the wrong room .,anger
You're going down,anger
You're going into the arena alone .,anger
You're going to be one unless you do exactly as I say .,anger
You're gonna die .,anger|disgust
You're gonna get my babies killed !,anger|disgust|fear
You're gonna leave your team ?,anger|sadness|surprise
You're gonna regret this !,anger
You're hanging your ass out a good long way on this one .,anger|disgust
"You're here to repent your sins , is it ?",anger
You're imagining things .,anger
You're in no condition to discuss it .,anger
"You're jealous that I have [PERSON] , and you've come to take it from me .",anger|fear|sadness
"You're just like Grandma , always judging me .",anger
You're just some fucking pussy . Fucking pussy !,anger
You're just spoiled . You've thrown everything away .,anger|disgust
You're kidding me .,anger|disgust|surprise
You're kinda that type yourself .,anger
"You're late , maricón .",anger|joy
You're late .,anger
You're making me look bad .,anger|sadness
You're making no sense here .,anger
You're men !,anger|disgust|fear|surprise
You're murderers !,anger|disgust
You're not even real ghosts !,anger|disgust|surprise
"You're not getting anywhere , are you ?",anger
"You're not going anywhere , scuzzball !",anger
You're not gonna see the sunset over there .,anger|disgust
"You're not just a crook , but a murderer .",anger|disgust
You're not making any sense .,anger|disgust
You're not making my job any easier .,anger
You're not robbing this train .,anger|fear
You're not telling me anything I don't know .,anger
You're not telling me everything .,anger
You're nothing but a mad scientist !,anger|disgust
You're only acting .,anger
You're out of your mind . - The prosecutor will explain everything when you see him .,anger
"You're outnumbered and outdone , [PERSON] . And you have only one wish left . So use what's left of your brain and wish to go home .",anger
You're over .,anger
"You're real dumb , huh ?",anger
You're really wasteful !,anger
You're ruining it !,anger
You're sorry ?,anger|disgust
You're starting to piss me off .,anger
You're staying here till the real law comes .,anger
You're the kind of person that gets innocent bystanders killed .,anger|disgust|fear
You're the serious one .,anger
You're too young to smoke !,anger
You're wasting your time .,anger
"You're wasting yourself on this kid , then hanging us up for nothing .",anger
You're wet !,anger|surprise
You've been exploding frogs again .,anger|disgust
You've caused enough trouble .,anger
You've caused me enough trouble already .,anger
You've cost me millions and millions of francs .,anger|disgust|sadness
You've done damage enough .,anger
"You've done it again , and I'm responsible .",anger
You've failed .,anger|disgust|sadness
You've gone out of your mind .,anger
You've got ten minutes to clear out .,anger
You've got to be realistic .,anger
You've got to stop !,anger|fear
"You've had it too easy and you don't know it . No , no . I do know it .",anger
You've never shown an ounce of courage .,anger|disgust
You've no right to do it to him .,anger
You've no right to think what you do about me .,anger
You've overlooked several other important details .,anger
You've promised to think about it .,anger|sadness
You've put us all in danger for your love of this woman .,anger
You've ruined the puzzle .,anger
You've taken advantage of my wife .,anger
Young lady .,anger
"Your beloved business manager , [PERSON] the man you stayed with , the one I begged you to leave ....",anger|disgust|sadness
Your blood will thicken .,anger
Your father wears tight underwear ! And I can't stand your mother ! Your father wears tight underwear !,anger
"Your friend's a crook , a liar and a thief .",anger|disgust
"Your Honor , isn't that a question for the jury ?",anger|fear|surprise
Your idea of a chance at him was uncorroborated statements from an informant who was doing hard time and who would sell his own mother to get his sentence reduced .,anger
"Your little playmate's gone , and I suggest we do the same .",anger
Your Ma's in a coffin being eaten by worms .,anger|disgust
Your parents have been calling all day long .,anger
"Your plastic's not gonna help you now , you lousy little fuck .",anger|disgust
Your son is sleeping there .,anger
Your whole story about how [PERSON] got his name on the door is bullshit !,anger|disgust
Your whore .,anger|disgust
"He likes to kick the shit out of white trash like you , boy .",disgust
He looks like a drunk .,disgust
He never spoke .,disgust
He polluted their guts with language that shouldn't be inside of no man !,disgust
"He pumps his face full of Novocaine , and then , with his scalpel begins to slice away his features one by one .",disgust
He ran over [LOCATION] like you'd run over a dog and never bothered to stop his car .,disgust
He said that to scare us .,disgust|fear
He says that he's looking at a giant asshole from [LOCATION] .,disgust
He stole them turnips .,disgust
He swallowed his key .,disgust
"He swears he has no idea where [PERSON] is , but his phone records tell a different story .",disgust
He sweats gasoline that man !,disgust
He that is himself a confessed traitor .,disgust
He thought it was sinful .,disgust
He tries to prove he's a real man and he's not .,disgust
He walks into the house without even knocking .,disgust
He was a loser too .,disgust
"He was my friend , you dumb bitch !",disgust
He was ... fine .,disgust
He wasn't much of a man .,disgust
He would present his incontestable alibi and it would be in safety forever .,disgust
He's a contemptible little pervert who's ...,disgust
He's a gutless wonder .,disgust
He's a male chauvinist .,disgust
"He's a punk , Rocky .",disgust
"He's a sneaky little shit just like you , right ?",disgust
He's as bad as his uncle .,disgust
He's come for the king . - You snake !,disgust
"He's great if you happen to like a tall , blond , Prussian , Nordic , Aryan , Nazi type .",disgust
He's not making a whole lot of sense .,disgust
He's on every channel .,disgust
He's peeing on me .,disgust
He's ready for a fall .,disgust|fear|joy
"He's so damn mean , he can't get along with anybody .",disgust
He's such a liar .,disgust
He's worse than [PERSON] Tex.,disgust
Headless corpses .,disgust
"Hear me , vain and foolish mortal woman .",disgust
Hello again .,disgust
Her cunt .,disgust
"Here's my answer , you dirty ...",disgust
"Hey , ass - wipe , All the emo freaks belong on the bleachers . Go !",disgust
"Hey , [PERSON] , while you're down there trying to figure out the female race ... you might as well take a bath .",disgust
"Hey , don't piss on any firewood !",disgust
"Hey , freak - face , we found your pals .",disgust|joy
Him !,disgust
His skin . Like a bone or a tendon .,disgust
"Hit him with your purse , ya pussy .",disgust
Hmm . - ( imitates monkey gibbering ),disgust
Hold the fishbowl .,disgust
How about paying for something you drop by accident ?,disgust
How about that mess .,disgust
How can such a civilization survive ... which permits their women to put things like that on their heads ?,disgust
How can you ask me that now ? I'm sorry .,disgust
How can you be so inhuman ?,disgust
How can you drink that shit ?,disgust
How can you have the gall to compare the conflict here in [LOCATION] with a glass of cappuccino coffee ?,disgust
"How can you stand there dripping all over their lobby with no heel , no luggage , and say it's my fault we have no room ?",disgust
How did I get mixed up with a bum like him ?,disgust
How did I get such a smart - ass kid ?,disgust
How did you get to be a captain ?,disgust
How do you expect him to pay us ?,disgust
How long do you expect the world to believe those aren't your soldiers ?,disgust
How long do you think we'll have to stay in this hellhole ?,disgust
How many deals do you think get cut in the men's room ?,disgust
How much longer ?,disgust
How much of that junk are we gonna bring up ?,disgust
How stupid .,disgust
How this could become part of the legacy of The Village Voice is depressing to me .,disgust
How you hate the villain .,disgust
How's it feel to have the woman you've wronged cloak your sins ?,disgust
Howdy's got worms .,disgust|sadness
Humans are dumb .,disgust
"Hurry up , suckers , you're dragging !",disgust
I ain't aiming for you to go to [PERSON] ' and gobble like a hog !,disgust
I always said the Union National was a phoney bank .,disgust
I am going to report you to the police .,disgust
I am going to throw up .,disgust
I am not the man you thought I was .,disgust|sadness
I am sick and tired of this contemptible young man !,disgust
I am sure you will find her in the fraternity house .,disgust
I am very busy ... please !,disgust
I believe whoever killed Detective [PERSON] had recently been in a slaughterhouse .,disgust
I bet he has fleas .,disgust
I bet [PERSON] was porking her ... And taking the money to keep her in style .,disgust
"I bet you don't even like girls , do you ?",disgust
I call it to your attention that only one of you has reported here this morning properly dressed .,disgust
I can hardly wait for you to grow up .,disgust
I can see by the way you dress you don't care a hoot how you look .,disgust
"I can steal it , Mr. [PERSON] ?",disgust
I can't believe that you believe that .,disgust
I can't take any more of this .,disgust|fear
I can't tell the boy from a doorpost .,disgust
I can't think of anything more sappy .,disgust
I can not accept you as [PERSON]'s son .,disgust|sadness|surprise
"I certainly don't consciously realise it , and I think that's pretty rotten of you to say that .",disgust
I couId vomit .,disgust|surprise
I could do wonders with your dismembered body .,disgust
I didn't believe in the prophecies .,disgust
I didn't come here for grief counseling . I came for my inheritance .,disgust|sadness
"I didn't like this boy to begin with , but no man that wasn't sincere could stage a fight like this against all odds .",disgust
I do hate you !,disgust
I do hope it won't affect your ego !,disgust
I do not drink with thieves and pirates .,disgust
"I do not know what you are , but you are not a woman .",disgust
I do not like this side of you .,disgust
"I do not think that's important , right ?",disgust
I do not want to hear one more insubordinate word ... from anyone in this platoon .,disgust
I don't approve of people rushing around carrying loaded revolvers .,disgust
"I don't care how you do it , but you find that desert rat .",disgust
I don't care in the least what he does .,disgust
I don't care what she looks like . I don't like the company she keeps .,disgust
I don't care .,disgust
I don't feel very good .,disgust|fear|sadness
I don't get your generation's humour .,disgust|sadness|surprise
I don't know what the bastard expect of me .,disgust
"I don't know what's up , what shit you've been through to put you in that state .",disgust|sadness
"I don't like it , [PERSON] .",disgust
I don't like no one .,disgust
I don't like the way you're treating [PERSON] and Mammy .,disgust
I don't like this .,disgust|fear
I don't like to take mortgages from widows .,disgust
I don't like your type in my streets .,disgust
I don't make deals with peasants !,disgust
I don't need fuckin' forensics to tell me this was some punk stealing luggage !,disgust
"I don't need you to tell me what our priorities are , [PERSON] .",disgust
I don't pay you good money to have you jerk me around .,disgust
"I don't resent your not paying me for the past two months ... but the thought that I should split my bank account with you ... that you should take half of my life's savings ... that is really too much for me , sir .",disgust
"I don't think a lot of us stopped and thought , This could be our sister or our brother .",disgust|sadness
I don't think I want body - to - body contact .,disgust
I don't think she's intelligent either .,disgust
I don't think this bullshit's funny .,disgust
I don't trust her .,disgust
I don't want any of that slop .,disgust
I don't want this no more .,disgust
I don't want to see them .,disgust
I feel all rotten inside .,disgust
I find it really insulting that you assume it has to be a guy .,disgust
I forgot about it .,disgust|sadness
I get seasick . I absolutely hate boats .,disgust
I got a hunch [PERSON] ain't got his mind on his business .,disgust
I got a lousy temper and an awful accent . I sound toffee - nosed .,disgust
I got stupid .,disgust|sadness
I got ta jet . Really ?,disgust
I got ta stop that fool .,disgust
I guess it's not in here . - I guess not .,disgust
I had a dream that it wasn't right .,disgust|sadness
I had got addicted to watching porn .,disgust|sadness
I had to torpedo him .,disgust|sadness
I hardly consider it fortunate to be bought by anyone by the name of [PERSON] .,disgust
I hardly number pirates among my acquaintances .,disgust
I hardly recognize him with his mouth closed .,disgust
I hate bankers .,disgust
I hate public transport .,disgust
I hate that cheap little bastard .,disgust
I hate when you use the word  superfluous  .,disgust
"I hate you , [PERSON] .",disgust
I hated you ...,disgust
"I have asked you here to meet the woman selected to represent the most discriminating publication in the world , Quality .",disgust
I have heard of the arrogant male in capitalistic society .,disgust
I hear she comes real cheap .,disgust
I intend to make a full report of your activities in this camp .,disgust
I just can't keep doing this .,disgust|fear|sadness
I just can't seem to throw anything out .,disgust|sadness
"I just don't fit behind a desk , I I'm not cut out for it , I feel dry - docked .",disgust|sadness
"I just got this crew broke in , so don't go screwing 'em up with your old - fashioned ways .",disgust
I just hate to hear you blaspheme .,disgust
I knew I couldn't trust you .,disgust
I knew you were gonna say that .,disgust
"I know all about you , back from your first fight with Apollo Creed .",disgust
I know all those stories .,disgust
I know exactly where I am .,disgust
I know now that you're a man who employs business methods ... which in [LOCATION] would be punished by death .,disgust
"I know you always say you're not like him . But here you are , scrubbing up for the next surgery instead of fighting for the man that you love .",disgust
"I know you drink on the quiet , and I know how much you drink .",disgust
I know you women got ta pretend to be offended .,disgust
I lied .,disgust|sadness
"I love tits as much as any guy ... . . but why would I pay some hag money for some supernatural chicanery ... . . coupled with sagging , wrinkled boobs ?",disgust
I made a deal with a cop once .,disgust
I made some dumb mistakes ...,disgust|sadness
"I mean , aside from all of this junk .",disgust
"I mean , didn't you feel like A complete piece of gutless , spineless , Primordial slime ?",disgust
"I mean , I know writing speeches is writing ... but it's not what I really wan na do .",disgust
"I might have been a lot of things , but I never was a tramp .",disgust
I need a minute .,disgust
I never saw a more gross neglected duty in my life .,disgust
I only hate you and despise you .,disgust
I regret the things that I done .,disgust|sadness
"I regret your aggressiveness , [PERSON] .",disgust
I served next to your jellied spine for two decades .,disgust
I should feed a strange mouth ?,disgust
I shouldn't be this drunk .,disgust
I still insist he's paranoid .,disgust
I still killed three women .,disgust|sadness
"I suppose like the fathead you are , you told Father all your little hopes and dreams ?",disgust
I sure pity the people that have to breathe in the daytime .,disgust
I swear I didn't know .,disgust|fear|sadness|surprise
I swear that man moves like dead lice were falling off him .,disgust
I think he's right . - I don't want to hear it !,disgust
I think I could turn and live with animals .,disgust
I think Mr [PERSON] is disturbed because he can't take you to the party and dance all over your feet .,disgust
"I thought it read like a cheap , dime - store novel .",disgust
I told him his wife was a dyke .,disgust
I told you no liquor in the office .,disgust
"I treat her like what she is to me , nothing .",disgust
I wan na know whose idea it was to have children .,disgust
"I want her out of here , Doctor .",disgust
"I want them booked on felony charges , destruction of private property , and assault .",disgust
I want you to have a heart attack and die so we never have to do this again .,disgust
I want you to know that I hate your fucking guts .,disgust
I wanted to apologize for the other night And I was wondering if I can have an opportunity To see you again today and -- and just talk .,disgust|sadness
I was a friend of the Human Beings until they stole my wife .,disgust
I was once one of those pitiful wretches you see down there .,disgust|sadness
I was snoring in my bed while they were trying to free [LOCATION] ... from an unclean tyrant .,disgust
I was taking out on her what I should have been giving you !,disgust
I will show you freaky ...,disgust
I wish it were anybody's child but yours !,disgust
I wish you'd tell Marigold to shut her silly old face .,disgust
"I wonder how she likes it now , being ordered about by an ex-chorus girl .",disgust
I work with a junkie ?,disgust|surprise
I wouldn't dream of using such a tool .,disgust|fear
I wouldn't trust you to lick a stamp !,disgust
I'd sink this ship with all hands before I'd serve him .,disgust
I'll be forced to shoot you again .,disgust
I'll be sick ...,disgust
I'll be stuck here doing your work while you run all over the city fighting crime or something .,disgust
I'll blacken this punk so he'll ...,disgust
I'll disinherit him .,disgust
I'll never eat fish again .,disgust
I'll shoot the son of a bitch in the balls !,disgust
I'll swear that into my own grave .,disgust
I'll teach you to make meaningless small talk to everyone ...,disgust
"I'm ashamed of you , [PERSON] .",disgust
I'm ashamed of you .,disgust
I'm ashamed to put a picture of [PERSON] in a room like this .,disgust
I'm behaving like years old .,disgust
I'm getting leery of this guy .,disgust
I'm going to puke,disgust
I'm gonna be sick .,disgust
I'm gonna get that bastard .,disgust
I'm gonna take him back to the orphanage .,disgust
I'm gonna tell .,disgust
I'm gonna vomit .,disgust
I'm headed for hell anyway,disgust
I'm in the shithouse .,disgust
I'm listening to you eat .,disgust
I'm not coming .,disgust
I'm not going to the chair 'cause that ape got trigger - happy !,disgust
I'm not interested in some monkey riding the horse .,disgust
I'm not proud of that .,disgust
I'm not some gun for hire .,disgust
I'm not takin' a shower with him .,disgust
"I'm not the same pathetic , trusting fool that I was a couple of days ago .",disgust
"I'm old enough to be your mother , almost .",disgust
"I'm pleased to meet you , ugly wop son of a bitch .",disgust
I'm really tempted to take you along with me ... but I'm just afraid that I'd awaken some morning ... and find you'd made a necklace with my teeth .,disgust
I'm sick and tired of hearing about him .,disgust
I'm so bored with this face .,disgust
I'm stuck with guys down here that are too dumb to roll rocks down a steep hill .,disgust
I'm such a pain in the ass these days I deserve myself .,disgust
"I'm sure you feel the same about me , so let's stay out of each other's way .",disgust
"I'm telling you , this cocksucker's trouble .",disgust
I'm tired of this baby crap !,disgust
I'm uncomfortable with whatever this is .,disgust
I've always thought a lashing with a whip would benefit you immensely .,disgust
"I've been looking for you all over , hoping you were dead .",disgust
I've been to that scumbag town .,disgust
"I've had a thousand chances to kill you , dirty , sell out cop .",disgust
I've isolated her forever .,disgust
I've lost another man and that bastard thinks it's funny .,disgust
I've reconsidered my position on your acquisition offer .,disgust
I've seen men rape an old crippled woman in a wet ditch .,disgust
Idiot !,disgust
"Idle boasting , I assure you .",disgust
"If a man shall be drunk on duty , he shall receive the same fate .",disgust
"If [PERSON] comes back , I'll give him a bust right in the mouth .",disgust
"If ever a funeral laid an egg , that one did .",disgust
"If he can't find enough facts to break you with , I'll give him a couple .",disgust
"If I catch any of you guys in my stuff , I'll kill you .",disgust
"If I didn't love these boys so much , I think I'd kill them myself .",disgust
"If I have to compete with someone , you might let me start on even terms .",disgust
"If I thought I made you feel like that , I'd kill myself .",disgust
"If it's so nutritious , how come I don't see you eating it ?",disgust
"If that slob was a penologist , I'm a jet airplane pilot .",disgust
If there's any decency in you ...,disgust
"If there's any justice , let him get mugged by the man who took my watch !",disgust
"If they don't they may learn to appreciate it , but it will never become part of their soul .",disgust
"If this guy has any information , why hasn't he contacted you already ?",disgust|surprise
"If you ask me , this is the worst case of downright rudeness I've seen .",disgust
"If you can find a job , if it pays more than $ 50 , a week ... and if you don't get involved with another maniac .",disgust
"If you discount the angina , the migraines and the gastritis , there's nothing wrong with me .",disgust
"If you don't let go , I'll ...",disgust
"If you don't tell me all you know , you become an accessory before the fact of murder .",disgust
If you ever talk to me like that again ... I'll make sure you never win another election in your life .,disgust
"If you had any chivalry in you , or were nice ...",disgust
"If you lay one finger on that poor , sweet , helpless girl ... you'll despise yourself forever .",disgust
If you thought as much about being honest as you do about being smart ...,disgust
"If you're dirty , you're going .",disgust
"Ignore that beast , [PERSON] . You joined the church Because you had no talents , no skills ,",disgust
Imagine getting gussied up like this to watch a lot of Supreme Court judges chew .,disgust
"In case it slipped your mind , it's gunnery stations at .",disgust
In hospital he'd hide cigars and brandy all over the place .,disgust
Indeed throughout the entire interview ... he insisted they call him [PERSON] which is his right name and refused to answer to the name of [PERSON] .,disgust
Instant gratification takes too long .,disgust
Irritating little sod .,disgust
Is murder a right reserved for that hated nation That has taken everything else from me ...,disgust
Is not it so ?,disgust
Is that intelligent banking ?,disgust
Is that the only word your mind can understand ?,disgust
Is that what they taught you at Yale Law School ?,disgust
Is there something special about this group that interests you ? No .,disgust
Is this one of your shenanigans ?,disgust
Is this the admiral's harem ?,disgust
No ! No ! No !,disgust|fear
No . [PERSON] is definitely not ' with me  ' .,disgust
"No . That's another lie , isn't it ?",disgust|sadness
Nobody eats that shit .,disgust
"Nobody knows what goes on inside a police car , right , [PERSON] ?",disgust
Nobody likes a whiner .,disgust
Nobody makes a fool out of my wife .,disgust
Not one word of what he's saying is being printed in that state !,disgust
Nothing at [LOCATION] .,disgust
Nothing but talk .,disgust
Nothing doing .,disgust
"Nothing Mr. [PERSON] has to say means shit to you , does it , [PERSON] ?",disgust
Now he takes an utter stranger into the family .,disgust
"Now I know exactly what you think of me , and why .",disgust
Now look at all this fucking mess !,disgust
Now we have all the assholes in one room .,disgust
Now you're lying .,disgust
"Now , don't be a child .",disgust
"Now , I don't date teenagers .",disgust
"Now , look . You're a vaguely amusing and not unattractive guy , but I'm not even remotely interested .",disgust
"Now , you got any more smart talk ?",disgust
Now ...,disgust
Obscenely decaying flesh .,disgust
"Of course I'm sweating , you moron .",disgust
"Oh yeah , that's you .",disgust
"Oh , I'm sorry .",disgust|sadness
"Oh , it tastes bitter .",disgust
"Oh , just things that little girls dream about .",disgust|sadness|surprise
"Oh , my boobs are killing me .",disgust
"Oh , my God , what an idiot .",disgust
"Oh , my God .",disgust|fear|surprise
"Oh , no , Mom . I have to get up early .",disgust
"Oh , no .",disgust|fear|sadness
"Oh , pardon me ... Your reverend and holy slime ball .",disgust
"Oh , Shooter ... tell me ... is this young man of yours gonna give me any trouble ?",disgust
"Oh , sure . Cry all you want .",disgust
"Oh , this place is such a mess .",disgust
"Oh , your parents should be ashamed of themselves",disgust|sadness
"OK , the same day , I'm reading the Post and there's this item on [PERSON] , the radio guy who does those gross jokes about [LOCATION] and the Betty Ford Center .",disgust
"On the other hand , they do have some rather nasty habits .",disgust
Once that secret mentions the visit of the president at a secret air base for the purpose of inspecting things from outer space .,disgust
"One of the many troubles with you , Harry , is , you never know where your movie scripts leave off and life begins .",disgust
One of you better tell the lieutenant that the waterhole I come by this morning is all muddied up .,disgust
One should be able to take care of one's possessions .,disgust
One that will scream in the middle of the night and you'll have to stumble downstairs in the dark and change his soiled diapers .,disgust|sadness
Only a gourd - head would ask a stupid question like that .,disgust
Only whores smoke in public .,disgust
"Open that door again , you'll run a 3 - legged race to the undertaker .",disgust
Or a liar .,disgust
Or are you lying ?,disgust
or even scrap,disgust
Or it might've just fallen overboard dropped there by some drunken old rummy .,disgust
Or it's just [PERSON] that smells like street shit over there .,disgust
Or you can go straight back to your home on the streets .,disgust
"Our assessment is , Your Honor , is that they are responsible , at least in part , for both the creation of these ads and for the development of these ads . they're actually instructions to pimps on how to post an ad that works .",disgust|fear
Our friend  [PERSON] .,disgust
Our leaders are only good for parades .,disgust
Our steamroller methods are getting too hard for your sensitive soul ?,disgust
Over here !,disgust
Oysters are out of season .,disgust
"[PERSON] , I no longer trust .",disgust
"[PERSON] , keep that mule's asshole away from me before I have to break him .",disgust
"[PERSON] , do you know what you did ?",disgust
People can be goddamn cruel .,disgust
"People out there are looting the streets , robbing off hard earners , hard grafters .",disgust
People who don't pay up end with their knees nailed to the floor .,disgust
Pervert .,disgust
"Play fair with me , fat man .",disgust
"Playing with amateurs , huh ?",disgust|sadness|surprise
"Please , give me another chance .",disgust|sadness
"Probably turned into some potluck , poster - making , sing - along .",disgust|surprise
Prostitutes will try to tempt you with their unhealthy immorality .,disgust
"Put these in water , blabbermouth !",disgust
"Qué pasó , shit ! It's the same thing .",disgust
"Quit your swearing , [PERSON] .",disgust
"Rape , sex crimes , child molestation .",disgust
Recycled jockstraps .,disgust
Remember what I told you about court ? Yeah .,disgust
"Repent , you son of a bitch !",disgust
Right now she has murder in her heart .,disgust
"Right now , I wish it had been .",disgust|sadness
"Ripping out phones , urinating on desks .",disgust|surprise
[PERSON] ' your life for that little fucker !,disgust
Rosy had eaten and drunk a lot .,disgust
Rushing home to a hot apartment to listen to the automatic laundry and the electric dishwasher and the garbage disposal and the nagging wife .,disgust
"[PERSON] , I don't like to be here .",disgust
"Sabotage , demolition , that line of country .",disgust
Same place you left your table manners ?,disgust
Saving his life was the final insult .,disgust
"Schmuck , listen to me .",disgust
Scrub all day and I can still smell it ...,disgust
See this or that doctor .   Here's how to solve your problems .,disgust
Seems like I hear everything that goes on in this dump .,disgust
Self - experimentation is against the rules of good research .,disgust
Senorita ? Your bare feet are showing .,disgust|sadness
"Seventeen to you , [LOCATION] .",disgust
Shall I open a vein and sign it in blood ?,disgust
Shame on you for hiding behind the First Amendment .,disgust
"She also has a drinking problem , and I have no idea where she is .",disgust
She believes that her father has incestuous desires .,disgust
She didn't become a Hexenbiest because she wanted to .,disgust|sadness
She do that to make him crazy so he don't know what he doing .,disgust
She even had her baby screaming at us .,disgust
She got what she deserves .,disgust
She has cellulite . I wish we could get her to stop eating so much .,disgust
She is the most immoral young lady I have ever seen .,disgust
"She looks like a jelly doughnut , doesn't she ?",disgust
"She never asks for money , but somehow she always happens to help grateful rich people .",disgust
"She puts the same information out there , Collects her paycheck , and somehow she sleeps at night .",disgust|surprise
She seems very unusual . - Yeah .,disgust
She still eating cereal with her fingers ?,disgust
"She told about the squalor and filth into which she and her brother were born , and how they grew up like animals .",disgust|sadness|surprise
She was a crackhead .,disgust
She was a hooker and made it sound so great .,disgust|sadness
"She was precocious , nosy , opinionated .",disgust
"She was so fat , when she sat on a drugstore stool , she had a hangover .",disgust
She went by taxi .,disgust
She wouldn't leave us here without one word from her except bare dispatches .,disgust
She'll lend you an air of respectability if that's possible .,disgust
She's a mighty cold woman ... prancing about [LOCATION] by herself .,disgust
She's got a witch's brain .,disgust
She's got an indiscreet voice .,disgust
She's nothing but a common mobile vulgaris .,disgust
Shit happens .,disgust
Shittiest rink in the fuckin' league .,disgust
Shoddy work will not do .,disgust
Shot by a mad pharmacist or run over by a car while fleeing from police pursuit .,disgust
Should I just stand around and let that drooling infant wrap that [LOCATION] dam appropriation around my neck ?,disgust
Show me how to punish Perseus for this blasphemy !,disgust
Sicking that horrible dame on him .,disgust
"Silence this fool , [PERSON] .",disgust
Silence !,disgust
Sin .,disgust|fear
Since then I accuse myself of impure actions .,disgust
"Since when is the disppearance of a human being considered trash , in your estimation , Ms Bantam ?",disgust
Since you refuse to abide by the laws of the civilised world we must consider ourselves absolved from our duty to obey you .,disgust
Slaughter ! You missed !,disgust
"Smoke , fire , oppressive heat , as Colombian and Jamaican drug fiends again transform [LOCATION] into a slaughterhouse .",disgust
"So here you have a major country , a nuclear power , making a commitment to do this .",disgust
"So if you're bad often enough , you'll die .",disgust
"So long , suckers !",disgust
"So much you had to take up with that low - down piece , old [LOCATION] .",disgust
So the millionaire speculator is turning respectable .,disgust
"So we eliminate women , old men and kids .",disgust
"So you better hit them bunks , my little babies ... or Sergeant [PERSON] with the big toe ... is gonna see how far he can stick it up your ass .",disgust
So you just hang out and keep a look at kids ?,disgust|surprise
So you're figuring what ? The guy she was having cocktails with did her ?,disgust
So you've decided to have me removed piece by piece ...,disgust
"So , now I'm supposed to roll over like a bitch dog getting my belly scratched ?",disgust
[PERSON] thinks he's a smart - ass .,disgust
Some people told me you were dumb .,disgust
"Some wealthy , influential citizen merely to curry favour ?",disgust
Somebody ought to get their ass kicked for this mess .,disgust
"Somebody's gonna kill you , you dumb son of a bitch , but it's not gonna be me .",disgust
Someone at [LOCATION] gave or sold highly secret research material to four competitive firms .,disgust
"Sorry , I hit him .",disgust|sadness
"Sorry , I should have mentioned it .",disgust|sadness
"Sorry , sir . Careless .",disgust|sadness
Sorry .,disgust|sadness
[PERSON] were coming out of his nose .,disgust
Stand by and see his wife insulted ?,disgust
"Stay away from her , you wife beater !",disgust
Still eating ?,disgust
Stop biting your nails .,disgust
Stop talking like a fool !,disgust
Stop the whore .,disgust
Strange man .,disgust
Strange that I should be called a destitute woman when I have all these riches locked in my heart .,disgust
Stronger mouthwash might be nice .,disgust
Stupid .,disgust
Such vanity .,disgust
Sucker !,disgust
"Summertime , all you can smell is the garbage .",disgust
Suppress it .,disgust
Suspicious old goat .,disgust
[PERSON] sucks pussy !,disgust
"Sweetheart , the opinion of a madman doesn't impress me or anyone else .",disgust
Take a look at these wrinkles and these here grey hairs .,disgust
Take my head and collect your reward,disgust
"Take your hands off there , you old fool .",disgust
Take your mind off my work .,disgust
"Takes a stool to find a stool , huh , Lieutenant ?",disgust
[PERSON] has every paper lined up and he's feeding them doctored - up junk !,disgust
Tell him you're gonna play games on his fucking head .,disgust
Ten years of tap dancing lessons and this is how you repay me ?,disgust
that are years beyond what you could comprehend .,disgust|sadness
That bitch has messed around with me .,disgust
That bohunk's not gonna put a circus tent on my doorstep .,disgust
That cunt is no good .,disgust
That Dude ought to be ashamed of himself .,disgust
That gal's got you all messed up .,disgust
That guy must write real slow .,disgust|surprise
That guy seems like a real piece of work .,disgust
That high is not the one you're looking for . Believe me .,disgust|sadness
"That I had to chew his ass to get him to move on it . He seemed more interested in if , when and how ... I was fucking [PERSON] than in his own investigation .",disgust
"That is disgusting , mean gene !",disgust
That isn't exactly living it up .,disgust|sadness
"That it's , uh , you know ...",disgust
That kid's a monster !,disgust
That makes no sense .,disgust
That old bastard's killed more guys than the electric chair .,disgust
That ought to teach those [LOCATION] to stay away from my house .,disgust
That seems to me like a darn short prayer for a sinner like Dude .,disgust
That sounds worse than it was .,disgust|surprise
That stupid little bastard .,disgust
"That you don't want to live here , or in [LOCATION] , or [LOCATION] , or any other place where people have to live on top of each other , and they don't have enough room to walk , or breath , or smile .",disgust
That ... that seducer and despoiler must be stopped .,disgust
That's a bunch of bullshit .,disgust
That's a foolish article of yours .,disgust
That's a lie !,disgust
That's bad management .,disgust
That's criminal .,disgust|fear
That's disgusting !,disgust
That's entirely ... why don't you bring [PERSON] in to make sure the phone gets answered ?,disgust
"That's [PERSON] park , Mr. computer from downstairs . Some of the hardware is so outdated .",disgust
That's incest !,disgust
That's no good .,disgust
That's not music .,disgust
"That's out of our jurisdiction , isn't it ?",disgust
That's right . The last thing we want is an international incident .,disgust
That's rude .,disgust
That's the boy's weak spot !,disgust
That's the man that eats people,disgust
That's the stuff he fills the children's heads with !,disgust
"That's very rude , refusing to dance with [PERSON] .",disgust
That's what comes of teaching science by TV .,disgust|sadness|surprise
That's why your wife dumped you .,disgust
That's your funeral .,disgust
The A / V guy .,disgust
The act of a sick mind with an urge to destroy something young and lovely .,disgust
The are buried ... alive !,disgust
The asshole's got files on me .,disgust
The coward's code !,disgust
The deal with [PERSON] was a mistake .,disgust|sadness
The devil himself !,disgust|fear
"The dishes are on the table , the refrigerator door was open ...",disgust
The dopes are going to inherit the earth anyway .,disgust
The facing page looks as intellectual as a snake .,disgust
The feces has struck the air conditioner .,disgust
The Feds pay him $ a month and hands off while he deals his own shit .,disgust
The fucker was holdin' on till he could scrounge a job .,disgust
"The general is a traitor , you know that .",disgust
The general talked about killing the president .,disgust|fear|surprise
The girl you thought you knew was quite nameless and without reality .,disgust
The government's got enough on its hands already without ...,disgust
"The gun , honey dripper .",disgust
"The idea that Backpage is just trying to cater to fetishes of old men , doesn't really involve underage children ,",disgust
The job's too tough for you .,disgust
The killer is insane !,disgust
The King wants to take the wife of his cousin .,disgust|sadness
The longest game I ever played was on the maiden voyage of the [LOCATION] .,disgust
The Lord don't hold with anybody that steals around planting time and he sure don't hold with anybody that steals and then lies and says he didn't .,disgust
The majority of children that we see trafficked online have been trafficked on Backpage .,disgust
The man has the biggest murder case in the city ... And he has to kiss your ring ?,disgust
The man is an animal .,disgust|surprise
The man who blows his own horn .,disgust
The man with the sweat was more pleasant than you .,disgust
The manners of a great big educated ape .,disgust
"The more you hear about this and the increased incidents of sex trafficking , the more Backpage comes up .",disgust|sadness
The natives over there are cannibals .,disgust
The old girl's finally lost her virginity .,disgust
"The part that really bothered me was the part where he indicated that ,",disgust
The party's over here . Please . No ?,disgust|sadness
The penis is evil .,disgust
The people of my state need permanent relief from crooked men !,disgust
The piece of chalk had written so many things on the blackboard that it believed it knew all about everything .,disgust
The princess must not pick the polish from her nails .,disgust
The professor has been misquoted outrageously .,disgust
The question is abusive .,disgust
"The result of this is that we're in a crisis that is unacknowledged , ironically .",disgust|surprise
The Senator'll make a good orator when his voice stops changing .,disgust
The service in this hotel is terrible !,disgust
The [PERSON] whose testimony nearly sunk us all .,disgust
The shameless way in which the deficiency bill has been delayed is nothing short of criminal .,disgust
The silly little girl wanted to give her kind of a party .,disgust
The smell .,disgust
The time had come to look the devil in the eye and send him to hell where he belonged .,disgust
The train is so stupid .,disgust
"The truth of the matter is , his skin's as tender as his vanity .",disgust
"The way she's lying , there won't be any steel plate to have to burrow through .",disgust
"The way you've ignored us , you wouldn't think so .",disgust
The whole thing's a fake .,disgust
The whole world sucks .,disgust|sadness
The wise man gets drunk to spend his time with fools .,disgust
Them Italians came one time and stole half the store .,disgust
"Then I turn my back , and he steals a glass .",disgust
Then they'll tell him the way to keep his boy from being hanged is to sign over his ranch to them for a quarter of what it's worth .,disgust
"Then understand your place in the palace , nowhere else !",disgust
Then ... they actually expect you to go to work .,disgust
There are people here I haven't seen since high school nor would I want to .,disgust
There are some in leadership whose time has come and gone . Look ...,disgust|sadness|surprise
There are whores in [LOCATION] who have carved my name on trees .,disgust
"There has seldom been a man so unwise , so headstrong but he could see the necessity of keeping friends and not making enemies at court .",disgust
There is no room in this regiment for a coward .,disgust
There is no time to explain .,disgust
There was a group that helped criminals get guns so they could shoot citizens .,disgust
There will be no further mistakes from the officers and crew .,disgust|sadness
"There will come a time , when those who sit above me will want you delivered .",disgust
There'd be less bills if you didn't raise the kids like I was a millionaire .,disgust
"There'll always be some guy , even some friend of yours , thinking he can treat me like [PERSON] , thinking that it's allowed .",disgust|fear|sadness
There's going to be an awful lot of red faces if this policeman does his duty .,disgust
There's gonna be a lot of clowns out there with firearms and itchy fingers .,disgust
There's no need for sarcasm .,disgust
"There's no order , no discipline .",disgust
There's no reason for anyone to come after me .,disgust
There's no room in sports for people like you .,disgust
"There's nothing mysterious about her , she's just a cheap , little ...",disgust
There's too much loss of life and property damage possible .,disgust|sadness
"Therefore , owing to circumstances which , believe me , are beyond my control , I hereby advise you not to come to [LOCATION] to make the test .",disgust
These are businessmen with no knowledge of creative personalities .,disgust
These are terrible .,disgust
These assholes have been after me for my sources and you're ...,disgust
These guys don't know how to work their VCRs .,disgust|surprise
These heels are grotesque .,disgust
These images will pollute us .,disgust
These men .,disgust
These notes led you to tell Detective Lipranzer ... That the murderer was sterile ?,disgust
These stalls are awfully dirty and they're backed up .,disgust
These videos were posted together with instructions from the kidnappers .,disgust
These words are useless .,disgust
They and the page boys are the only real class in the place .,disgust
They behead people at noon,disgust|fear|sadness
They bite your neck and drink your blood .,disgust
"They bomb cities , sink ships , torture and murder , so you and your friends can eat off a gold plate .",disgust
They brought their fuckin' toys with 'em !,disgust
They do not know the hardships of the imperial court,disgust|sadness
They expect me to cut my finger off .,disgust
They get their wings torn out and they're thrown back to [LOCATION] again .,disgust
They got ta be punished .,disgust
They just have felonies .,disgust
They let you in again ?,disgust
They must have been tracking her or waiting for her to show up .,disgust|fear
They must have picked the prize dummy .,disgust
They say it is the skin of a dead snake .,disgust
They seem so childish .,disgust
They took his heart out .,disgust
They want to fight and die as martyrs .,disgust|sadness
They were bred for degeneracy .,disgust
They won't go .,disgust
They'll shit down their pants and run like rabbits .,disgust|fear
"They're a physical bunch . They're macho , body - proud .",disgust
They're doing the catering and making rather a horrid mess of it .,disgust
They're fuckin' horrible - lookin' .,disgust
They're fucking animals .,disgust
They're hollow and empty .,disgust|sadness
They're in [PERSON]'s pocket .,disgust
"They're just animals , I guess .",disgust
"They're malicious and vicious , so in and out fast .",disgust
They're maniacs .,disgust|fear
"They're savages , savages",disgust
They're too dumb to play with themselves .,disgust
They're trying to take his old man's land .,disgust
They've been infected with the bacteria .,disgust
"Think much , pea brain ?",disgust
Think them folks would spend a penny to send you east ?,disgust
Think we should find a rubbish dump or something .,disgust
This asshole from the coroner's wants her on two stretchers .,disgust
"This document lists the compartmented operations out of the Nellis facility , what the public wrongly calls Area .",disgust
This goddamn town thinks you're as chicken as they come .,disgust
This greaser was just trying to tell me how to run my business .,disgust
"This guy's a phony , [PERSON] .",disgust
This hysterical [PERSON] who tried to kill her husband .,disgust
This is a mistake .,disgust|fear
This is all a cover - up .,disgust
This is an attempt to paint the defendant as a lunatic .,disgust
This is called inbreeding from which comes idiot children ... and more lawyers .,disgust
This is junk .,disgust
This is not behaving in a company way .,disgust
This is only just for it is they who betrayed you by surrender .,disgust
This is so embarrassing .,disgust
This is too weird .,disgust
"This is what it is , [PERSON] .",disgust|sadness
"This is your shit bucket , folks .",disgust
"This kid , bulldozing his way into our lives .",disgust
This life is not only wicked and sinful .,disgust
"This morning they read that an incompetent clown had arrived , parading like a member of the Senate .",disgust
This one's already taken .,disgust
This presumptuous little flirtation is over .,disgust
This starved duck ?,disgust
This studying on revenge is turning your back on the future ... and letting the past eat at your heart .,disgust|fear|sadness
This thing goes to a man's head .,disgust
"This town likes its nasty little , backstairs gossip .",disgust
This tureen holds as much sand as we had strawberries tonight .,disgust|sadness
This was calculated disrespect to your commanding officer .,disgust
Those boys just destroyed my station house and two of my cars .,disgust
Those dirty bastards !,disgust
Those dopes are trying to crack open the safe .,disgust
Those two lovebirds next door driving you nuts ?,disgust
Three years I've been waiting to nail your sorry ass .,disgust
Time was I'd squeeze a pimple like you .,disgust
Time's over for drifters and outlaws and those who got no backbone .,disgust
"[PERSON] , you don't got a forehead , you got a eight - head .",disgust
To be enraged with a dumb brute that acted out of blind instinct is blasphemous .,disgust
"To begin with , a thief .",disgust
To kill the brutals who multiply and are legion .,disgust
Too many of those candied doughnuts .,disgust
Too much vodka .,disgust
Traitor !,disgust
Tries to make it look like rape .,disgust
"Try something now , the brat gets his .",disgust
Trying to eliminate the human perverts .,disgust
Trying to make me crawl and cower and cringe and admit to your monstrous lies .,disgust
Ugh ! Shocking !,disgust|fear|surprise
"Um , I found someone else to -- to take your room ,",disgust
Unfortunately he has a habit of wasting taxpayers ' money .,disgust
Until a trial ... When she sees her husband suffer ... The way she never ...,disgust|sadness
"[PERSON] , I know that you're into a lot of crooked shit .",disgust
"Violence prone , obsessive / compulsive personality , a history of excessive physical force throughout his years as a [LOCATION] police officer .",disgust
"Walk like a man , for God's sake !",disgust
Wan na apologize for the other night .,disgust|sadness
"Wanted for horse - thieving down in Seven Rivers , ain't you ?",disgust
"Was a [N-WORD] , was a dinge , was a coon !",disgust
Was a [N-WORD] ?,disgust
"Watch where you drive , artist .",disgust
Watch your manners .,disgust
Way too much weird stuff goes on here .,disgust
We are delayed . Your mother hates that we are late for the tea .,disgust|sadness
"We booked two seats , but we need three .",disgust|sadness
We can't stop at anything until we've smashed this yokel ...,disgust
We don't commit murder up here .,disgust
"We don't want [PERSON] to come , the bald giant with stupid sunglasses , knocking everybody around for kicks .",disgust
"We few ... the rich , the powerful , the clever ... cut ourselves off to guard the knowledge and treasures of civilisation , as the world plunged into a dark age .",disgust
We have lots of little problems like this .,disgust
We have no choice .,disgust|sadness
We have to watch these convicts and murderers all the time .,disgust
We just have to find someone else with more sense .,disgust
"We lose a little time , and all of a sudden it's every girl for herself .",disgust|sadness
We mustn't forget we wasted a month through an unfortunate disagreement for which I was not to blame .,disgust
"We need to talk and actually catch up , But ... I feel weird about this .",disgust
We saw a real - life example of this last week ...,disgust
We voted you best officer to be marooned on a desert island with .,disgust
We went back to square one .,disgust
"We were licked , weren't we ?",disgust|surprise
We will fire him into the eternal darkness as a testimony to our piety and godliness .,disgust
We'll let them decide . Face the window .,disgust
We're going to lose a man like [PERSON] here for that ?,disgust|sadness
"We're here to scout , not engage .",disgust
"We're human beings , you know .",disgust
We're not all masochists .,disgust|sadness
We're not interested in him .,disgust
We're out of here .,disgust
We're way out of our league !,disgust
We've got nothing to wear . What about our habits ?,disgust|sadness
"Weak , a go - alonger , no character !",disgust
"Well , guess what , mother , I did it to get away from you .",disgust
"Well , he was old enough to be your father .",disgust
"Well , I don't know . [PERSON] told me to bring it out this weekend so he can have a first look at it .",disgust
"Well , I don't .",disgust
"Well , I know you ain't confusing yourself with getting in shape to ride again .",disgust
"Well , I still want him for that train robbery up at [LOCATION] .",disgust
"Well , I think it would be a crime if you didn't participate .",disgust
"Well , I'd like to help you out , mister . There's nothing I can do .",disgust|sadness
"Well , it's a shitty world .",disgust
"Well , it's , very kind of you ...",disgust
"Well , she simply said that you're a fat , pompous , bad - tempered old tyrant .",disgust
"Well , sir a free translation would be that [PERSON]'s a yellow - bellied polecat of dubious antecedents and conjectural progeny .",disgust
"Well , that's very poetic .",disgust|joy|surprise
"Well , the tall guy is not really a friend .",disgust
"Well , there's more than one way to skin a cat .",disgust|fear
"Well , well , well . What do we have here ?",disgust
"Well , when you are fat , you don't move so fast .",disgust
"Well , yesterday , he was just a guy working in the Department of City Planning .",disgust
"Well , you see , over here , you know , in the [LOCATION] , they have these big companies that send out these personnel directors to these colleges to sign up the bright students and their wives .",disgust
Well ... I guess that means that you and I have gone From being friends to being enemies .,disgust|sadness|surprise
Well ... I've heard enough .,disgust
"Weren't nice of you fellas , trying to steal another man's horse .",disgust
What a creature must sit on the throne ... who lets a man like you deal out his justice .,disgust
What a dump .,disgust
What a gruesome proof of the power of the press .,disgust
What a mess .,disgust
What a nasty man .,disgust
What a shithole .,disgust
What are you doing with that piece of sheep dip ?,disgust
What are you good for ?,disgust
"What are you guys , a bunch of cripples ?",disgust
What can you do ?,disgust
What can you expect from filthy little heathens ?,disgust
"What did you say , you bow - tied freak ?",disgust
What difference does it make whether I'm enjoying myself or not ?,disgust
What do you dream about ?,disgust
What do you think of a man who's unfaithful to his wife ?,disgust
What goes on ?,disgust
What goes through your mind comes out of your mouth .,disgust
What good is it to cut off your heads ?,disgust
What have you been drinking ?,disgust
"What he would do one day , he would gladly undo the next .",disgust
What horror !,disgust|fear
What I wonder is if you were wearing this when you were banging [PERSON] .,disgust
What I would like is for you to get down .,disgust
What if the Russians were raping your sister ?,disgust
What is it now ?,disgust
What is it with you boys and your war toys ?,disgust
What is not going to be easy ?,disgust|sadness|surprise
"What is this guy , nice or something ?",disgust
"What kind of a father are you , anyway ?",disgust
What kind of a system is this ? Can you move these cars out of here ?,disgust
What makes you so cheap ?,disgust
"What should we do , moron ?",disgust
What sucker would buy the Chiefs ?,disgust
"What the fuck are you doing now , man ?",disgust
What the fuck are you eating ?,disgust
"What they've done is they formed this alliance among themselves , of the industry that makes money by building war machines .",disgust
What use is courage if you have no head ?,disgust
"What will I tell you ? That he is handsome and tall , and good and kind , and proud and so on ?",disgust
What you want ?,disgust
What's the vulture doing ?,disgust
What's this mess ?,disgust
"What's your problem , jerk off ?",disgust
When do we leave ?,disgust|surprise
"When [PERSON] doesn't get his laundry , disaster !",disgust
"When I think yours has given you , Village ... as a vulgar , without dowry .",disgust
When I'm and you're still the way you are ?,disgust
When neighbors call -- Not that they do call ... I see them sniffing ... sniffing .,disgust
"When the country needs men who have courage like never before , he's just gonna decorate a chair and get himself honoured .",disgust
when you want to kill something .,disgust
Where do they get this crap ?,disgust
"Where is your courage , Comrade [PERSON] ?",disgust
Where's the bastard that runs this shithole ?,disgust
"Wherever you got that specimen from , Doctor ... You sent it to the chemist ... While you were secretly communicating with Mr. [PERSON] ...",disgust
Which I will never understand .,disgust
Which one of you killed my dog ?,disgust
"While violence cloaks itself in a plethora of disguises , its favorite mantle still remains sex .",disgust
"While you were being a pawn in capitalistic society ,",disgust
Who are you putting on ? - [PERSON] . Selling pencils at the [LOCATION] .,disgust
Who are you to dictate the terms ?,disgust
Who bow and smile and scrape and spend their nights gnawing the chairs and floors out from under us all .,disgust
Who else worries about another male like that except a [GAY SLUR] ?,disgust
Who says ?,disgust
Who told you to step up on my sneakers ?,disgust
Who would want to live in a graveyard ?,disgust|surprise
"Who , in your high school , has become homosexual or is deep into drugs ?",disgust
Who's afraid of a little booger ?,disgust
"Who's got time to wonder what happened to some ridiculous talking mice when you're driving by at 75 , miles an hour ?",disgust
Who's talking about cowardice ?,disgust
"Why are you smiling , you silly bastard ?",disgust
Why did I ever trust you ?,disgust
Why did you have to sit there listening to him ?,disgust
Why did you lie to me ?,disgust
"Why do guys always know how to hit a woman right across the cheek , wham , and it feels like your eye is going to explode ?",disgust|sadness
Why do we kill people who kill people to show that killing is wrong ?,disgust
Why do you wear that rug ?,disgust
Why does a solid businessman like you want to get into pornography ?,disgust
Why don't you do your sorry ass a favor ?,disgust
"Why don't you get a fucking job , man ?",disgust
Why don't you get a fucking life ?,disgust
"Why don't you go back and play hero in your own world , Earthling ?",disgust
"Why don't you stay where you belong , in yo - yo land ?",disgust
Why don't you take a look at this adoption literature ?,disgust
Why don't you tell the truth for once ?,disgust
Why have you come back when nobody wants to see you ?,disgust
Why not throw some empathy my way ?,disgust
Why were you hiding the evidence ?,disgust
"Why , [PERSON] , what a thing to say !",disgust
Will you tell me what awful thing I did to you when you were a child ?,disgust|sadness
[PERSON] dam is a fraud .,disgust
"Wipe first your chin , drunkard , and then the table !",disgust
Wipe that fucking smile off your face !,disgust
"With her bare hands , she just chopped him down !",disgust|surprise
"With my hand out , not in million years .",disgust
"With the speechwriting , I don't want to do it anymore .",disgust
"Without their guns , they're nothing at all .",disgust
"Woman , go on about your business .",disgust
Women don't belong in the dressing room !,disgust
"Women will be the death of you yet , [PERSON] .",disgust
workingmen stand ready for work on Monday ... on the largest slaughterhouse outside [LOCATION] .,disgust
"Would we have approved killing him in babyhood when he was innocent , or killing his mother , or slaughtering his remote ancestors ?",disgust
Would you like us to take a break ?,disgust
Would you really wear a thing like that ?,disgust|sadness|surprise
Wouldn't wan na mix your pleasures .,disgust
Wow . - I missed that one .,disgust|surprise
"Yeah , he's a first - class asshole , that's for sure .",disgust
"Yeah , he's bullshit .",disgust
"Yeah , I bet she was a real beautiful girl before she met you .",disgust
"Yeah , right .",disgust|surprise
"Yeah , she'll wind up fat , alcoholic and miserable .",disgust
"Yeah , that was real stupid of me .",disgust|sadness
"Yeah , this building literally changed because of his disability .",disgust|joy|sadness
"Years ago , when we still had executions in the state he used to volunteer as a witness .",disgust
"Yes , I know , I know .",disgust|sadness
"Yes , she did . I speak to your secretary more than I speak to you .",disgust
"Yes , well , she's a stupid woman .",disgust
Yet men have killed and proved a reason ... and been set free .,disgust
You a fifty - dollar whore ? - What are you doing ?,disgust
You ain't gonna have no crop because you got a sin on your soul .,disgust
You ain't learned yet who's running this show .,disgust
You ain't no Captain you and sure as hell ain't no [PERSON] .,disgust
You ain't nothin' but a [N-WORD] with straight hair .,disgust
You also know the usual French prison is filled with the relatives of all those poor little beetles you've killed .,disgust
You and [PERSON] are a couple of sluts .,disgust
You and [PERSON] will be doing the dirty crockery alone this evening .,disgust
"You are a class - A fuck - up , you know ?",disgust
"You are a coward like all other people , aren't you ?",disgust
You are a mutant .,disgust
You are an old man who will make trouble with his mouth .,disgust
You are dead inside .,disgust
You are defeated but you have no shame .,disgust
You are now different .,disgust
You are one ugly mother ... Motherfucker !,disgust
You are probably an embezzler .,disgust
You are spoiled .,disgust
"You are the fool , Mr [PERSON] .",disgust
You aren't even allowed to look at her with her clothes on .,disgust
You beast .,disgust
You big baby .,disgust
You big fool !,disgust
You brat !,disgust
"You break in here , and you tell me you think [PERSON]'s a murderer .",disgust
You can afford it when I kick your teeth !,disgust
"You can just fucking die , you fuck .",disgust
You can not think of anything else than in you .,disgust|sadness
You can rot for all I care .,disgust
You can't even cook my breakfast .,disgust
You can't make a dead man's knee jump any more than you can test a corpse's reaction to a prefrontal lobotomy !,disgust
You can't take the life of another human being and get away with it !,disgust
You carry the stench of death like the plague .,disgust
You chickenshit bastard .,disgust
"You come home , you order out food ... and then you play those stupid [PERSON] albums until 2 , in the morning !",disgust
You conning him out of the deed without putting down a cent .,disgust
"You could be talking about , , kids who have been victims of human trafficking .",disgust|fear|sadness
"You couldn't lend us something more like you are wearing , could you ?",disgust
You dare hold your queen up to ridicule ?,disgust
"You didn't get it , [PERSON] .",disgust
"You disturb the neighbors , I'll cut you up and eat you for dinner .",disgust
"You don't care about [LOCATION] , do you ?",disgust
You don't even have a yellow thing and your green thing is brown .,disgust
You don't fuck with my box !,disgust
You don't get the truth in the Senate .,disgust
You don't give a shit about him .,disgust
You don't know a dam from a bathtub .,disgust
You don't know any name offhand you like better ?,disgust
You don't look as if you had a dime between you .,disgust
"You dumb bastard , why didn't you get some girl off the streets ?",disgust
You envy us . And what you envy ...,disgust|sadness
You ever see a horse run himself dead just to please the man on his back ?,disgust
"You fat , disgusting slob !",disgust
You flaming fucking [GAY SLUR] !,disgust
"You fooled this young whippersnapper , but you didn't fool nobody else !",disgust
"You found it on a bench , a dog's been at it ...",disgust
You gave a stranger who happens to mention my name the keys to our house ?,disgust
"You girls a bunch of nudists ? Or you just , uh , short of clothes ?",disgust
You go round there and say you're sorry .,disgust
You go to hell .,disgust
You goin' back ? Nah .,disgust
You got bird shit in your hair .,disgust
You got it bad .,disgust|sadness
You got old .,disgust|sadness
"You got something against fat people , too ?",disgust
You got ta be a real putz to wear a white coat around here .,disgust
"You hate guys like me , don't you ?",disgust|fear|sadness
You have a great talent for creating difficult situations .,disgust
You have no respect for position .,disgust
You have not even taken off his shoes .,disgust
You have till five o'clock .,disgust
You have to be a pig !,disgust
You have to wash up all over or no dinner .,disgust
You haven't got the balls to boycott me .,disgust
You homo !,disgust
You humiliated him again .,disgust
You idle apathetic !,disgust
You just don't bury a famous movie star like she was an unidentified body .,disgust|sadness
You killed him .,disgust|fear|sadness
You know that the child of two primitive apes will never learn how to speak .,disgust
You know what happens to stragglers .,disgust
"You know , I'm getting damn tired of your misplaced admiration .",disgust
"You know , I'm no doctor , but I could swear this youngster's inebriated .",disgust
"You know , I'm not so fond of raising money , but I think it's idiotic to turn that job over to him .",disgust
"You know , it's a lot of legal rigmarole .",disgust
"You know , [PERSON] , I've just remembered I've got quite a lot of work to do tonight , so I think I'll be going .",disgust|fear|sadness
"You know , [PERSON] , it always distresses me , a man like Shooter here ... reaching his middle years and still having no assurance ... of next week's income .",disgust|fear|sadness|surprise
"You know , with them new suits they're makin' , I bet they helping ' the sun tan oil sales ... all that skin to cover .",disgust
"You know , you have a worse mouth than my kid .",disgust
"You know , you're looking at a minimum twenty years ?",disgust
"You know , you're too stupid to even be a good bigot .",disgust
You let everyone sit around while you took your petty revenge ?,disgust
You letting this joker give orders ?,disgust
You little piece of shit .,disgust
You lonely old coot .,disgust
You love your brother ?,disgust|surprise
You made Case feel like shit tonight 'cause he was scared .,disgust
"You make me sick when you speak , [PERSON] .",disgust
You make me sick with your heroics .,disgust
You may join the others belonging to my uncle ... and henceforth you may take your orders from him .,disgust
You men are a disgrace .,disgust
You might choose your company with better taste .,disgust
You murdered your own brother . - You murdered your brother .,disgust|fear|sadness
"You murdered your own god , by accident .",disgust
You murdering fool !,disgust
You must be crazy .,disgust
You must come from the Stone Age .,disgust
You must have one idea for the good of the country .,disgust
You picked up that awful thing to show us your contempt .,disgust
You practically raped her one night .,disgust
You preached about faith and other rubbish .,disgust
"You pulled them all off me , you stupid son of a bitch .",disgust
You really and truly are a perfect bastard .,disgust
You really believe that ?,disgust
You really believe you can frighten me ?,disgust
"You rinse , you get this glob of plaque you got ta spit out .",disgust
You run a taut ship .,disgust|fear
You run in the same circles .,disgust
"You seem easily impressed by numbers , captain .",disgust
You sit and discuss your sports and your young ladies and ...,disgust
You sit down and pull up your pants and where would it get you ?,disgust
"You sleep in till noon , then you watch [LOCATION] and Bullwinkle .",disgust
You slimy toad .,disgust
You speak to me of code ?,disgust
You spoil me for death .,disgust
You stay and cook one of your raw dinners .,disgust
"You still serve that dull , grey stupidity .",disgust
You stole it .,disgust
You stole them turnips from [PERSON] and it's the wrong time of the year for stealing .,disgust
You take pleasure in torturing people !,disgust
You talk like a madman .,disgust
You talk treason and death .,disgust
"You tell us you're a doctor , you rogue ?",disgust
You think I like playing sick little games with you ?,disgust
You think I'll ever forget you running from that stupid clown ?,disgust
You think I'll let her out when you'll have her around people like [PERSON] ?,disgust
You think I'm gonna team up with some [GAY SLUR] stool - pigeon .,disgust
You think the clowns took him up and hung him in the yard ?,disgust
You think you can laugh me out of it as if I were a child .,disgust
You think you have free license to be insulting ?,disgust
You think you know something about law .,disgust
You think you're fast over land I'll go underground !,disgust
"You think you're pretty smart , don't you ?",disgust
"You thought that everything would happen behind your back , ... For your secret mission .",disgust|sadness
You told me you were taking me home .,disgust
You took him to a freaky fortune lady who scared the shit ...,disgust
You took [PERSON]'s body .,disgust
"You touch her , and the Food and Drug Administration gets you for fuckin' food .",disgust
You treat her bad .,disgust
You used his head for a punching ' bag .,disgust
You vermin !,disgust
"You wan na say some more , you ugly bastard ?",disgust
You want me to talk with the Federal Bureau of Narcotics see if they have any problems ? Internal Revenue Service ?,disgust
You want to play games ?,disgust
You want to sit around drinking and feeling sorry for yourself .,disgust
You want what you want when you want it .,disgust
You weren't supposed to touch [PERSON] !,disgust
You wish you were foolish . Foolish should be a goal of yours .,disgust
"You , who can keep neither your eyes nor your nose or your person where they belong !",disgust
You'd better get a man with younger arteries .,disgust
You'd crawl over your dying mother to fuck your sister .,disgust
"You'd prefer the parents dead , too .",disgust
"You'll do your housework , eat chocolates , take care of the kid and you'll put on or pounds .",disgust
You'll make a good living cow - thieving .,disgust
You'll never mean anything but misery to any man .,disgust
You'll punish me .,disgust
You'll see how cold my blood is when that coward comes back !,disgust
"You'll tell her how you manipulated the American mood , hmm ?",disgust
You're a bandit who eats children and old people .,disgust
You're a credit risk .,disgust
You're a disgrace to your country !,disgust
You're a fucking bastard !,disgust
You're a killer !,disgust
You're a killer .,disgust
"You're a liar , boy .",disgust
You're a one - man disaster area .,disgust
You're a pussy .,disgust
You're a trained killer !,disgust
You're all worthless and weak !,disgust
You're an asshole .,disgust
"You're an operator , not a policymaker . Get used to it .",disgust
You're back .,disgust
"You're beautiful , [PERSON] , but sometimes you have the bad breath of priests .",disgust
You're both so complicated .,disgust
You're crazier than a mule - humping goat .,disgust
You're drunk .,disgust
"You're fucking stabbing me in the back , man .",disgust
You're full of shit !,disgust
"You're gonna be outta work , you keep scamming like you are .",disgust
You're harming them psychologically .,disgust
You're just a product .,disgust|sadness
You're just as selfish as he is .,disgust
You're liars .,disgust
You're listening to a piece of shit like [PERSON] Tex.,disgust
You're lyin' !,disgust
You're lying !,disgust
You're lying .,disgust
You're making me sick !,disgust
You're mistaken if you think I'm leaving her here ... with a mother who doesn't consider her reputation .,disgust
"You're much too smart , aren't you ?",disgust
"You're my boss , that's it .",disgust
"You're no hero , so don't worry about it .",disgust
"You're not gonna have a country that can make these kinds of rules work , if you haven't got men who can tell human rights from a punch in the nose .",disgust
You're not talking to this guy .,disgust
"You're not the man your father was , [PERSON] .",disgust|sadness
You're one pain in the ass I don't need .,disgust
You're out of your minds !,disgust
"You're passing up the whitest man on earth for a dirty , no - good ...",disgust
"You're really sick , you know that ?",disgust
"You're so dumb , you don't know you're alive .",disgust
You're still an idiot .,disgust
You're suffering from small eyes and fat asses .,disgust
You're the craziest old fool I guess I ever did see .,disgust
You're the little guy that tried to make off with my queen .,disgust
You're the very animals I was coming to see !,disgust
"You're thinking she's a fool for doing it , even if it saved your hide ...",disgust
"You're too little and weak , like a girl .",disgust
"You've been drinking again , haven't you ?",disgust
"You've got a big mouth , Senator .",disgust
"You've got a real twisted mind , haven't you ?",disgust
You've murdered a human being !,disgust
You've nothin to bitch about !,disgust
You've seen it and read it a thousand times .,disgust
"Young man , your self - righteous piety is commencing to annoy me .",disgust
Younger Bear was just trying to hand me the worst possible insult .,disgust
Your breath stinks of it .,disgust
Your breath stinks .,disgust
Your finger got bited from your mouth with your teeth ? Uh-huh .,disgust|surprise
Your gutless hide is safe .,disgust
Your husband is harboring a killer .,disgust
"Your manuscript went astray , that's all .",disgust
Your miserable life is not worth a reversal of a Custer decision .,disgust
Your mom's having a stroke or menopause or something .,disgust
Your money couldn't begin to pay for the window you broke .,disgust
Your old man's a punk .,disgust|sadness
Your old man's been blasted out of his wheels . And your king - sized brother's been twisted like a pretzel .,disgust
"Your refusal to speak to me is tediously immature , [PERSON] .",disgust
Your skin stinks of it .,disgust
Your word to a breechclouted savage ?,disgust
"Yours will , depend on it . Because you're like all criminals , you're greedy .",disgust
Hawkins !,fear
He begged [PERSON] to let him live and offered him his lance .,fear
"He calls back , and this time he's very frightened .",fear
He can raise public opinion against us .,fear
He could shoot you and say you tried to run .,fear
"He couldn't hang out with his own , because there was nobody up there for him .",fear
He doesn't think the forensic chemist will be able to ID the spermicide .,fear
"He ever , uh ... touch you ?",fear
"He got wounded somewhere in [LOCATION] , and they sent him home .",fear
"He has to testify again in [LOCATION] in days , but he not gonna make it now because by tomorrow this story's in the newspaper .",fear
He kept expecting a bolt of lightning to come out of of the sky and strike him dead .,fear
"He knows , what I do not understand it is for what reason the Inglethorp it seemed so interested in being a prisoner .",fear
"He must be in shock . This rush , this adrenaline , the fear .",fear
He must keep you on overtime .,fear
He promised to pursue it vigorously .,fear
He says it's dangerous to spend the night in the village .,fear
He should have been here by now .,fear
He thinks I may be arrested any minute .,fear
He tied her up ... He beat her with some instrument and strangled her .,fear
"He took six pills in one hour , instead of one every four hours .",fear
He tried to knife me .,fear
He used to make me bend over while he whipped me with his belt .,fear
He wants to die !,fear
He was afraid of losing his job .,fear
He was killed .,fear
He was trying to stop it .,fear
He went after him like ...,fear
He -- he's a friend .,fear
He'd kill us if he got the chance .,fear
He'll keep us flying missions till we're all dead .,fear
He'll kill me if he has to .,fear
He'll snap any day .,fear
He'll use everything in the book and then some he's made up to kill you .,fear
He's about to blow the whole machine to smithereens and you with it !,fear
He's afraid I'll tell the truth about my relationship with [PERSON] ...,fear
He's crazier than I am .,fear
He's cutting our throat .,fear
He's going to get us into trouble .,fear
He's gonna kill her .,fear
He's gonna kill you !,fear
"He's got a shotgun on you , [PERSON] .",fear
He's hurt pretty bad .,fear
He's killing me .,fear
He's one of the twins and not what you call completely there .,fear
He's peeking at us through the curtains .,fear
He's starting to ... He's starting to ...,fear
He's still emotionally unstable .,fear
He's such a nut about that car and driving fast ...,fear
He's the fox in the henhouse !,fear
"Heavens , no !",fear
Help him !,fear
"Help me , please ! - Get him off me !",fear
Help us please !,fear
"Help , I'm slipping !",fear
Help !,fear|surprise
Help ! - Hello ...,fear
Help . Help me .,fear
Here we go again .,fear
"Here , faster , before the planes are back .",fear
"[PERSON] , we've got a serious problem .",fear
"Hey , don't shoot !",fear
"Hey , I'm sorry about upstairs but I do see your pretty face and I just had to kiss it .",fear
"Hey , let me outta here !",fear
"Hey , no !",fear
"Hey , they're ... they're shutting the door .",fear|surprise
"Hey , wait for me .",fear
His ambition has jeopardized the prosperity of the English people .,fear
His blood ?,fear
His body and clothes soaked in blood ?,fear
His plane could be late !,fear
Hit the brakes !,fear
Holy shit !,fear|surprise
Hope that some help comes .,fear
Hope this thing don't go off while I'm climbing down .,fear
How about my wrist ?,fear
How about the gardener ? This evidence might convict me in court .,fear
How are you going to stop them ?,fear
How can I sleep when they stole my children ?,fear
How can I undo the spell ?,fear
How can we be absolutely sure the waste disposal is taken care of ?,fear
How can you want me now I'm like this ?,fear
How come there is no fire in the room ?,fear|surprise
"How could he , A young , inexperienced priest , Do battle alone with the dark lord himself ?",fear|surprise
How could she be there if she got on that helicopter ?,fear|surprise
How did [PERSON] injure Liberty Rail ?,fear
How do I know you'll jump ?,fear
How do I plead ?,fear
How do I undo the spell ?,fear
How do you keep something secret ?,fear
How do you know there was a murder ?,fear
"How do you know we can trust her ? She's had your fingers before , [PERSON] .",fear
How do you know ?,fear|surprise
How is that going to look at home ?,fear
"How many ? = All of us . - Sorry , not enough room .",fear|surprise
How much do you think he heard ?,fear
How much longer do you think your country will last ?,fear
How much time has the world got ?,fear
How the hell are you going to give it to me in public ?,fear
How's Miss [PERSON] bearing up ?,fear
"Hurry , hurry !",fear
I ... just afraid to lose you .,fear
I admit I was nervous .,fear
I ain't through talkin' with you yet !,fear
"I also know about the stakeouts , the tailings , the video cassettes .",fear|surprise
I always feared dying in the gutter with a bellyful of booze .,fear
I always knew there was something strange about their crowd . What are you talking about ?,fear
I am afraid of murder .,fear
I am afraid that there is no coincidence here .,fear
I am also concerned about the misinformation about nuclear waste .,fear
"I am aware of that , but to be seen together could be disastrous for us both .",fear
I am not prepared for wells to run dry !,fear
I can not believe it .,fear|sadness|surprise
I can see panicked citizens taking to the streets if this gets out .,fear
I can tell you now I was a little worried when I heard you weren't going to be here yourself .,fear
I can't agree to the terms without the approval of my State Councillor for Foreign Affairs .,fear
I can't breathe in here .,fear
I can't breathe !,fear
I can't do this .,fear|sadness
I can't fight you both .,fear
I can't go through it ... You hear me ?,fear|sadness|surprise
I can't go to the grand jury without him .,fear|sadness
I can't keep this from the president any longer .,fear|sadness
I can't save [PERSON] .,fear
I can't see myself .,fear
I can't start acting like a father now .,fear|sadness
I can't take responsibility for this .,fear
I can't think straight !,fear
I can't trust nobody .,fear
I can not fight .,fear
I changed my mind .,fear
"I contacted the police , I contacted the FBI .",fear
"I could not get it off , [PERSON] .",fear
I couldn't be certain your apartment was safe .,fear
"I couldn't hate you , so my hatred turned into an insane fear .",fear
I couldn't ...,fear|sadness
"I declare , [PERSON] , sometimes I think you got psychic powers .",fear|surprise
I didn't know anybody was going to be killed .,fear
I didn't know what I was doing .,fear
I didn't know what to do .,fear
I didn't mean to kill him .,fear
"I didn't mean to offend you . I was just being me , you know ?",fear|sadness
I didn't mean to oversell .,fear
"I didn't see him , but he hit me .",fear
I didn't want to mess it up .,fear|sadness
I do not know what to do .,fear
I do not want unnecessary scandal . You have not to preoccupy yourself with that .,fear
"I don't have any combat training , I don't think ...",fear
I don't have much time .,fear|sadness
I don't know about that .,fear
I don't know about you guys ... but I got ta get outta here .,fear|sadness
I don't know anything about being a commander .,fear
I don't know anything about it .,fear
I don't know how I got home that night . The most difficult part was trying to ... act normal when I paid off the babysitter .,fear|surprise
I don't know what I may tell you .,fear
I don't know what the hell to do .,fear
I don't know what [PERSON] is ... now .,fear
I don't know why I'm in such a hurry to get into trouble again .,fear
"I don't know , maybe we're all just spooked .",fear
I don't know ... Maybe the batteries are dead .,fear
"I don't like this , any of it .",fear
I don't think we can hold out that long before they find her .,fear
I don't think you should drive .,fear
I don't think you understand the situation . These guys are religious zealots .,fear
I don't think you'll be able to stand it long .,fear
I don't understand what's going on today .,fear|sadness|surprise
I don't want any trouble .,fear
I don't want to be sent into that foreign atmosphere again .,fear
I don't want to die !,fear|sadness
I don't want to die .,fear
I don't want to get shot .,fear
I don't want to lose you .,fear
I don't want to miss this flight . I have a special rate .,fear
I don't want us to end up enemies .,fear
I don't want you to be angry with me for having predicted it . What ?,fear
I ended up in the hospital .,fear
I fear really fear for the future .,fear
I fear that what life remains to me ...,fear
I fear the wrath of God .,fear
I feel like I messed it up .,fear|sadness
I feel some concern for his safety .,fear
I got enough problems with my old man .,fear|sadness
I got up and started to speak and the long powerful arm of [PERSON] reached into this sacred chamber and grabbed me by the neck .,fear
I got ta get back . Move it back !,fear
"I guess since I'm here , I got no choice , huh ?",fear|sadness
I guess there's this part of me that hopes he doesn't even make it ...,fear
I guess .,fear
"I had fights ... . . and every one of 'em I was scared , so yeah , you know , that's real , real normal .",fear|sadness
I had made the first real enemy of my life .,fear
I had the most frightening experience .,fear
"I hate to do this , but I think we better get him to a hospital .",fear
I have a kid . I have a kid . - Hmm ?,fear|sadness
I have a terrible feeling he cut off my head .,fear
I have no basis and no standing to move forward if I did .,fear|sadness
I have no defence against forgery !,fear
I have risen to a difficult task .,fear
I have something inevitable to tell you .,fear|sadness
I have to get out of here . or what's left of my family is going to die .,fear
I have to warn the Soviets in the clearest possible terms that they risk taking us to the brink of an armed confrontation with incalculable consequences for all mankind .,fear
"I haven't been , uh , entirely honest With you , and , uh ...",fear
I haven't done anything wrong .,fear
I haven't even told my wife yet . You haven't ?,fear
I hear we can expect a bumpy ride tonight .,fear
"I heard he was connected with the government during the war , a spy .",fear
"I heard some shooting , Sheriff .",fear
I heard you ran into some trouble today .,fear
I hope every member of this body feels as I do .,fear
I hope I'm not obscure .,fear
I hope it doesn't get any worse .,fear
I hope [PERSON] isn't watching .,fear
I hope not .,fear
I hope so .,fear
"I hope that while we're waiting , another disaster doesn't occur .",fear
I hope that's not what I'm hearing .,fear
I hope they haven't spotted us .,fear
I hope this doesn't ruin my tryout for cheerleader .,fear
"I just don't want it to happen to my sisters , or your kids , or the next kid .",fear
I just feel like if I don't do what you want you're gonna leave me .,fear
I just hope there's no snakes round here .,fear
I just wan na go home .,fear|sadness
I knew my ill - fitting clothes were unsuited to the exertions that lay before me .,fear
I know how to use this ! - Don't make me use this thing !,fear
"I know this is a battle we can't win , and all I ask is that you spare him , he's a good kid .",fear
"I know you are , but this just got times harder for me to get out of .",fear|sadness
I know . Ring the alarm ?,fear
"I lost my virginity and was raped , and I. . .",fear|sadness
"I made it ashore , but I got separated from the other survivors .",fear
I mean I can't swim .,fear
"I mean , after my exorcism , I - I've strived to lead A good , clean , decent life .",fear
"I might get bit , after all .",fear
I might not be around for much longer .,fear|sadness
I need protection .,fear
I need some protection now from [PERSON] .,fear
I need your help .,fear
I never danced in public before .,fear
I never thought we'd die here,fear|sadness
I only hope it isn't too high for you here .,fear
I ought to have a doctor .,fear
I parked it in ... in a parking lot and I just ... I forgot where I parked it .,fear|sadness
I really am in a hurry .,fear
I really can't believe it .,fear
"I really have no explanation for that , Senator .",fear
I really have . - I - I - I must go now .,fear
"I remember one on the porch , waiting in darkness so complete I couldn't see his face .",fear
I saw one of those things take thirty hits and keep on coming .,fear
I see my child ... in different poses ... that look like she was drugged .,fear
I see six sides to every risk and reasons not to take it .,fear
I see the monster .,fear
"I see them coming , baby I'm throwing myself in the fucking ocean !",fear
I see . So what do we do now ?,fear|surprise
I shall die on the gallows .,fear
I should have taken my chances with the cannibals .,fear
I smell blood .,fear
I suppose she means well .,fear|sadness
"I suppose when a fellow bucks up against a big organisation like that , one man by himself can't get very far .",fear
"I tell you , gentlemen , we have a problem on our hands .",fear
I think he's been recording my telephone .,fear
I think I'm gonna faint .,fear
I think my dog's escaping .,fear
I think sister [PERSON] would be much better at it than me .,fear|joy
I think that we're lost .,fear
I think they're gonna kill you with the press too .,fear
I think we should talk .,fear
I think we're being set up .,fear
I think we're stuck .,fear
I thought he'd kill me .,fear
I thought you got lost .,fear
I told him you guys wanted out as well .,fear
"I told you , this can get tough .",fear
"I took some funds from the con - amalgate account , I. . . To cover a loan . I. . .",fear|sadness
I tried to make him see a psychiatrist .,fear
I view with alarm the influence over you of this Bolshevik lady .,fear
I want my baby back .,fear
I want one week to bring you proof and your promise that I will not be expelled and the bill won't be passed .,fear
I want to get out of there right now .,fear
I want to go .,fear|sadness
"I want you to be on fucking guard , man .",fear
I want you to pull over and stop so's we don't have an accident or worse .,fear
I wanted to stop you from doing something you'd be sorry for .,fear
"I warn you , if this case comes to trial , it will be before a French court .",fear
I was afraid [PERSON] might have stolen the suitcase .,fear
I was afraid of making a fool of myself .,fear
I was afraid of that .,fear
I was coming down the steps and there was the watchman lying dead at my feet .,fear
I was desperate .,fear
I was frantic .,fear
I was going nearly crazy 'cause I couldn't find Little Sheba .,fear
I was holding her in my arms ...,fear|sadness
I was in front and you were behind with a gun in my back .,fear
I was more frightened than the defendant .,fear
I was nearly arrested here three years ago .,fear
I was plenty scared .,fear
I was scared shitless they'd think I was still alive .,fear
I was shot up pretty bad .,fear
I was so worried that ...,fear
I was the opposite . I was angry .,fear|sadness
I was thinking my partner had gone over the edge .,fear
I was threatened .,fear
I was too nervous .,fear
I wasn't really sure that Judge [PERSON] had a firm grip,fear
I wasn't there when he died .,fear|surprise
"I will be punished , and I should be punished .",fear
"I won't go schizo , will I ?",fear
I worked for you .,fear|sadness
"I worry about you , that's all .",fear
I wouldn't dare answer that .,fear
I wouldn't take the slightest risk now you've made such a great reputation for yourself in the Senate .,fear
I wouldn't trust anybody .,fear
I wouldn't want to face it .,fear
"I - I am working on it , and I will figure it out .",fear
I - I came to this country to pursue the American dream .,fear
I - I took some sleeping pills .,fear
I - I'm in here .,fear
I. . .,fear|sadness
I. . . I can't .,fear|sadness
I'd be too scared to do it .,fear
I'd have to kill myself .,fear
I'd like to know why I'm being shot .,fear
"I'd say the odds against a successful escape are 100 , to one .",fear
I'll be late for the first bell !,fear
I'll die if they send me to prison .,fear
I'll get in trouble !,fear
I'll get you now !,fear
I'll hide you somewhere .,fear
I'll kill you all !,fear
I'll never be able to match that .,fear|sadness
I'll tell them anything !,fear
"I'll try , but she's in danger , [PERSON] .",fear
I'm a frightened tramp .,fear
I'm a little bit frightened .,fear
I'm afraid he's been stalling .,fear
"I'm afraid it can't be done , sir !",fear
I'm afraid it isn't quite as easy as all that .,fear
I'm afraid of you ?,fear
I'm afraid so .,fear
I'm afraid to let her try .,fear
I'm afraid .,fear
I'm alarmed about you .,fear
I'm attacked from all sides !,fear
I'm burning .,fear
"I'm dizzy , I'm gonna faint .",fear
"I'm [PERSON] , sir .",fear|surprise
I'm going after her .,fear
I'm his prey .,fear
I'm in a strange man surrounded by strangers in a strange room !,fear
I'm in an awful hurry .,fear
"I'm in fear of my life , you know .",fear
I'm just a bit dizzy . Can you stay with me for a bit ?,fear
I'm just not certain it's the right thing .,fear
I'm not certain there's a limit to what she'll do .,fear
I'm not fit to be a senator !,fear
"I'm not opening that door and neither are you , and if you try ...",fear
I'm not ready for this .,fear
"Killed the pain all right , but he almost died .",fear
"King [PERSON] says not only do I have to kill you ,",fear
"King [PERSON] , voodoo priest of the [LOCATION] posses .",fear
l don't want to hurt a cop .,fear|sadness
l needed him alive !,fear
"[PERSON] , are we going to make it to the island ?",fear
Leave us alone .,fear
Leon !,fear|sadness
[PERSON] would not like it .,fear
Let it be anybody but her .,fear
"Let me out , or I'll kill myself .",fear
Let me out ! Right !,fear
Let's get out of here !,fear
Let's just worry about getting out of here .,fear
Life can be infernally complex .,fear
Life is more terrifying and more mysterious .,fear
Lightning can kill you .,fear
"Listen , I really can't talk about this over the phone .",fear
Living horrors of the deep were described today,fear
"[PERSON] , be careful !",fear
"[PERSON] , don't go to him !",fear
Look after you .,fear
Look out !,fear
"Look , in what I do , there are sometimes pressures .",fear
"Look , sir , we haven't much time .",fear
"Look , there's something weird going on here , and I can't quite follow it .",fear
Looks like trouble ahead .,fear
Looks like trouble for your boss .,fear
Looks to me like we're in hot water already .,fear
"Love you , too .",fear|sadness
"Madam President , people will die .",fear
"Majesty , have mercy on me !",fear
"Man , they'd lock me up from now to [PERSON] .",fear
"[PERSON] , I - I - I love you .",fear
Martial law .,fear
[PERSON] ? Put that gun down .,fear
May I ask what you're planning ?,fear
"May is a great scientist , but she also has destructive tendencies .",fear
Maybe it's best I do remember .,fear
Maybe they heard something .,fear
Maybe we're about to find out .,fear
Maybe we've missed him already .,fear
"Maybe you can talk this over later in private , maybe .",fear
Mayday !,fear
[PERSON]'s out of his mind .,fear
"Meanwhile , you're jeopardizing the safety of the bank .",fear
Midship damage control won't answer .,fear
Might be it needs dragging up .,fear
"[PERSON] , I was so scared .",fear
"[PERSON] , it's impossible !",fear
"Miss [PERSON] , before anything else happens ,",fear
"Miss Windy , the villa has been ransacked",fear
"Mister , is this Heaven here or not ?",fear
"Mom , you must have had a bad dream , that's all .",fear
Mom ?,fear
"Mommy , help me .",fear
"Mommy , I saw a ghost .",fear
"Mommy , what happened to your hand ?",fear
Most of their wounds won't heal properly .,fear
"Mr [PERSON] , sir ?",fear
"Mr President , what happens to me in the morning ?",fear
"Mr. [PERSON] , that sounds like a threat .",fear
Mr. [PERSON] ... I'm in pain . I'm full of sedatives .,fear
"Mr. [PERSON] , you're playing with fire .",fear
My career will be ruined .,fear
My courage almost failed me at the thought of meeting Ajax .,fear
"My God , she's coming inside . Oh , God .",fear
"My God , stop him !",fear
"My grandma's really sick ,",fear|sadness
My husband will kill me when he finds out .,fear
My life is in your hands .,fear
"My little finger , it's all black and blue .",fear
My mommy hurt my head .,fear|sadness
My son's missing since last night .,fear
My stools were a little loose .,fear
"My uncle is a hard , unforgiving man .",fear
My vampire's in convulsions .,fear
My wife is in bad shape .,fear
"Ned , don't .",fear
[PERSON] ? How'd I get here ?,fear
"[PERSON] . [PERSON] , what happened ?",fear
No one can feel safe living in a community ... when there are reckless and irresponsible neurotics ... wandering about its thoroughfares armed with deadly weapons .,fear
No sense taking any chances in this thing .,fear
"No - no - no - no ... now , see , half of my team is dead ... by your hand .",fear|sadness
"No , don't touch that !",fear
"No , he's different ! Please , Father , for me !",fear|sadness
"No , he's no [LOCATION] .",fear
"No , it isn't . Just because we aren't expecting resistance , don't relax on this one .",fear
"No , let's not risk it . OK .",fear
"No , Mr. [PERSON] , please don't call ...",fear
"No , [PERSON] ! Don't !",fear
"No , no , no .",fear|sadness
"No , no !",fear
"No , the flight must be stopped .",fear
"No , you don't !",fear
"No ! I don't know [PERSON] , I swear .",fear
No ! Windy !,fear|sadness
No . No . I just don't want any enemies .,fear
Nobody better have a cold .,fear
"Not a victim , [PERSON] -- a target , like you .",fear
Not covet thy neighbor's wife .,fear
Not good . Let's not get caught in the car .,fear
Not right away ! That wouldn't be fair .,fear
"Not so bad , but there's dirty weather ahead .",fear
"Not the gondola , not the gondola .",fear
"Not to come to [LOCATION] , at least not for a while .",fear|sadness
Not written on those drowned faces out there But on the faces of dead thousands !,fear
Nothing is guaranteed .,fear
"Nothing wild , right ?",fear
Now he's found me .,fear
Now she's going to [LOCATION] to measure glacial melt . By herself .,fear
Now we are running out of ammunition .,fear
"Now , be careful , children .",fear
"Now , because I screwed up , read from that book , one lousy time , evil has found me .",fear
"Now , just a minute , gentlemen .",fear
"Now , that was probably a mistake because now you're in danger anyway .",fear
"Now , you may kill me , but if you don't come to your senses and throw it down , they're gonna kill you .",fear
Nuclear peace for years .,fear|surprise
Nurse !,fear|surprise
Nurse ...,fear
Occupational hazard ?,fear
"Officer , please , for God's sake , they're looting the Food King !",fear
"Oh god , I promise I won't say anything .",fear
Oh my God !,fear|surprise
Oh no . Shit ! [PERSON] !,fear
"Oh , boundless heaven and earth Help me !",fear
"Oh , boy .",fear
"Oh , [PERSON] , I'm frightened .",fear
"Oh , dear me .",fear
"Oh , for [PERSON]'s sake , don't say anything about that around here .",fear
"Oh , God , no . Oh , no .",fear|sadness
"Oh , God , please help .",fear
"Oh , God , we thought they'd killed you .",fear
"Oh , God .",fear
"Oh , God . Where's my wimple ?",fear
"Oh , good gracious .",fear
"Oh , he's hurt !",fear
"Oh , I hope it's not serious .",fear
"Oh , [PERSON] ! God !",fear
"Oh , [PERSON] .",fear|surprise
"Oh , [PERSON] , I'm worried about what you'll do at the inquest tomorrow .",fear
"Oh , my God , no , I can't be bleeding again .",fear|surprise
"Oh , my God , we're being kidnapped .",fear
"Oh , my God . It's the devil .",fear|surprise
"Oh , [PERSON] , [PERSON] , it's happening .",fear
"Oh , no !",fear|sadness
"Oh , no ?",fear|surprise
"Oh , o dear ...",fear
"Oh , [PERSON] , won't you please give me the money ?",fear
"Oh , [PERSON] , I'm a coward .",fear
"Oh , shit , he's here .",fear
"Oh , shit !",fear
"Oh , shit .",fear|sadness
"Oh , this is terrible .",fear
"Oh , well I'm no psychiatrist ... . She looks to me like she needs professional help .",fear|sadness
Okay ? - We're not dead yet ?,fear|surprise
"Once at sea , if we get there , our troubles will have just begun .",fear
One look from the head of [LOCATION] can turn all creatures into stone .,fear
One thing ... Admiral [PERSON] only allowed us planes ...,fear
"One , that I don't mess up as a manager .",fear
"Ooh ... Well , we almost had it there for a second ,",fear
Open your eyes !,fear
Or am I going mad ?,fear
Or God knows in how many lifetimes you'll be paying for it .,fear
Or perhaps you should be careful .,fear
Or we have a problem with the judges .,fear
Or - or maybe you mean embarrassing the badge .,fear
Otherwise you'll never get out of [LOCATION] alive .,fear
"Otherwise , I fear not only for the safety of our men , but frankly , for their lives as well .",fear
Otherwise ... she'll kill him .,fear
Our reputation wouldn't be worth a nickel .,fear
Our soldiers are dying in the inferno to be burning tanks .,fear
"Out in the country that , uh ...",fear
[PERSON] could've been killed by that intruder .,fear
"Perhaps he killed [PERSON] , too .",fear
Perhaps that's why I'm incapable of having a child .,fear
Perhaps this was the one step too far .,fear|sadness
Perseus is moving into danger .,fear
"[PERSON] can't ride on that thing , not in her condition .",fear|sadness
Please be careful .,fear
"Please be more careful in the future , Captain .",fear
Please don't do this to me .,fear|sadness
Please don't go .,fear|sadness
Please don't hurt us .,fear
please don't let them take me !,fear
"Please don't spank me , Mr [PERSON] .",fear|joy
Please help us .,fear
Please hurry .,fear
Please I don't want anyone to be bad to my wife .,fear
Please save us .,fear
Please stop !,fear|sadness
"Please , be careful .",fear
"Please , give me one more minute !",fear|sadness
"Please , he'll crush them into wine , honey .",fear
"Please , hurry , this man is really ill .",fear
"Please , I'll go to the old ladies ' home if you don't do something .",fear
"Please , I'm begging you .",fear
"Please , let's go !",fear
"Please , this job means everything to me .",fear
"Please , we need help !",fear
"Please , you have to let me go .",fear
Please !,fear
Please . Please listen to me .,fear
Please ...,fear
Please ... No ...,fear
Pray you get the chance .,fear
Professor [PERSON] is gonna spot us .,fear
Queeg endangered the lives of the men .,fear
Really scary .,fear
Removed ?,fear
"Repeat , destroyers .",fear
"Ri ... [PERSON] , listen to me , he'll kill you . Please !",fear
Right in the middle of our celebration ... the firebase got hit by a mortar attack .,fear
Right now I am just freaking out .,fear
Ring the alarm !,fear
"Rock , go !",fear
"Rocky , mind if I talk to you outside about a few things ?",fear
Rocky's been hit with bombs .,fear|sadness
[PERSON] put me onto this .,fear
Run before they chop you down .,fear
"Run , [PERSON] !",fear
Run !,fear
Said it was ghastly .,fear
School's gonna be a problem for the kids .,fear
Seemed worried about it .,fear
Self - defense .,fear
Send somebody for the militia .,fear
Sent what ?,fear
She can't know we're nuns ! Why not ? What if [PERSON] and [PERSON] find her ?,fear
She can't make it on her own .,fear
She can't stay off that kidney machine too long .,fear
She had a bit of an accident back there .,fear
She killed her husband same as if she shot him .,fear
She plans her suicide .,fear|sadness|surprise
She pulls back on the trigger and at that moment I wake up screaming .,fear
"She shot me , at me .",fear
She tried to kill me because I told her about Nately .,fear
She was coming after me with this gun right in her two hands .,fear
She was gonna turn me in .,fear
She was nothing ... nothing human .,fear
She went in there to find the Hope Diamond . Just because she came out with a piece of glass doesn't mean it wasn't fraud .,fear|sadness
"She ... She does not speak for the rest of us , Mr. [PERSON] .",fear
She'll be dead before the sound gets there .,fear
She'll kill you ! She killed him !,fear
"She's about eight months pregnant and , uh ...",fear
She's fainted .,fear
She's going to die if you don't help me .,fear
She's gone .,fear|sadness
"She's gonna kill him , [PERSON] .",fear
She's gonna kill him !,fear
She's got the curse .,fear
"She's hysterical , beating ...",fear
She's more frightened than anything .,fear
She's turning into a corpse monster !,fear
"She's vulnerable , wide - open to be hurt badly .",fear|sadness
Shh . Somebody's out there .,fear
"Shit , you scared me !",fear|surprise
Shit ...,fear
Shit's gonna hit the fan .,fear
Shoot the fuck down !,fear
"Show yourself , come on !",fear
"Since he escaped , residents of the bordering states have been afraid to leave their home .",fear
"Since he found out we're behind it , he's been running us ragged .",fear
Sink that longboat !,fear
"Sir , is human life at stake ?",fear
Slow down or you'll get a ticket !,fear
So help me God .,fear
"So I hit the casino floor , I'm walking out , heart's in my mouth .",fear
"So me and my partner bolt up the stairs , somebody is screaming bloody murder ...",fear
So my father was murdered .,fear
"So what do we do about the hostage situation , sir ?",fear
So what'd you do ?,fear
So what's gonna happen to me ?,fear
So you can see [PERSON] is deep in trouble .,fear
So you're going to report sister [PERSON] to the police ?,fear
"So , we are going to file multiple lawsuits and mobilize the communities that have been touched by [PERSON] .",fear
"So , you'll work your way through all the gangsters ?",fear
Some days I wake up --,fear|sadness
Some gang of cutthroats and murderers .,fear
"Somebody help me , please .",fear
Somebody help me !,fear
Somebody help me .,fear
Somebody starts a rumour and they lose their heads .,fear
"Somebody threw a fucking tyre chain , hit him right in the mouth .",fear
Somebody told me they thought he'd killed a man once .,fear
"Somebody , help us .",fear
Somebody's gonna get hurt .,fear
"Somehow I had to reach [PERSON] , to survive .",fear
Someone's tampering with the security circuits .,fear
Something hit us .,fear
Something is breeding there . Underneath the cemetery .,fear
Something must have scared him .,fear
Something seriously wrong with us .,fear
Something terrible always happens when I go to a party .,fear
Something too frightful to utter .,fear
Something's going on .,fear
Something's happened .,fear
Something's missing .,fear
Something's wrong here .,fear
Something's wrong .,fear
"Sometimes , it makes the skin crawl .",fear
"Sort of takin' the long way , aren't ya ?",fear
"Sort of , yes , from around the neighborhood .",fear
"Stay in the car , they'll tear you apart .",fear
Stay with me .,fear|sadness
Steady .,fear
"[PERSON] , could I have a word with you ?",fear
"[PERSON] , I don't know how to play this person , and I don't know who she is .",fear
"[PERSON] , are you familiar with Article of Navy regulations ?",fear
"Stick your nose back in this county , and you'll never see daylight again .",fear
Still love me ?,fear
Stop the car !,fear
"Stop , [PERSON] , stop !",fear
"Stop , please .",fear
Stop . Stop .,fear
Suppose they meet ?,fear
Switch over !,fear
"Take her , please .",fear|sadness
Take me out . Help me !,fear
Tears ain't gonna help you now !,fear
Tell everybody what I think about them ?,fear
Th - the news I wanted to tell you .,fear
That ain't gonna be easy .,fear
That ain't gonna last forever .,fear|sadness
That bridge would collapse under the first train .,fear
"That butcher , [PERSON] , he'll take head ... and butcher them himself .",fear
"That butcher , Eggers , he'll take 35 , head ... and butcher them himself .",fear
That could take years ... cost millions of lives .,fear
That explains why they didn't rape me right off .,fear
That is a very deep cut .,fear
That means we're in grave trouble .,fear
That might not be the worst of it .,fear
That puts quite a burden on the company .,fear
That smell of death .,fear
That storm is pretty bad .,fear
That task force is headed this way .,fear
"That thing's not for real , is it ?",fear
That would be risking your neck .,fear
That'd really get me in trouble .,fear
That's a stolen car .,fear|surprise
"That's all I need , five more minutes .",fear|sadness
That's dangerous .,fear
That's gonna be hard .,fear
That's quite a knife you carry .,fear
That's terrible !,fear|surprise
That's two accidents in a week .,fear
That's why I hope I haven't lost my phone .,fear
The beast is at the gates !,fear
The captain left a sinking ship .,fear
The cellar is the only safe place .,fear
The clerk said she left with one of those two Cuban Hebes .,fear|surprise
The coach was robbed and [PERSON] killed .,fear
The columns and the wolves were after me night and day .,fear
The cops are all over the place .,fear
The country agencies are in desperate need of these funds .,fear
The court can't hear you .,fear
The dead are being reactivated by forces unknown .,fear
The director is not the problem . It's the insurance company . They won't cover you if you do drugs .,fear|sadness
The doctor said you shouldn't excite yourself .,fear
The Feds found the lake house !,fear
The French Navy knows everything .,fear
The greatest health threat facing our nation .,fear|sadness
The guy was just talkin' about gettin' a shot .,fear
The helicopter crashed .,fear|sadness
The helicopter has been hit !,fear
The lady comes in sudden and she's got this gun .,fear
"The less the girl hears , the better .",fear
The monster ?,fear|surprise
The most terrifying ever beheld by human eyes .,fear
The odds against survival in this camp are even worse .,fear
"The only reasonable explanation is a germ , a bacteria or a virus , that has a mind - altering effect .",fear|sadness
The others are getting suspicious .,fear
"The perps are still on the train , okay ?",fear
The police have road blocks on every main exit from town .,fear
"The problem is , they already have a settlement .",fear
The public's not calm .,fear
The reality however is much different .,fear
The reason you never take your wallet out at a ball game or anyplace else is that someone's gonna steal it from you .,fear
The sea makes me seasick and I'm afraid of flying .,fear
"The ship's packed with Muslim pilgrims , which could present a hostage situation .",fear
"The sun can kill some of us , like [PERSON] .",fear
The sunsets were pink ...,fear
The sword drew blood from the wounds and King [PERSON] was saddened .,fear|sadness
"The thing is , [PERSON] , we lost a little time .",fear
"The trouble is , I need money for manufacturing and promotion .",fear
"The whole team is working on it , all right , and we will find her .",fear
The whole town in panic .,fear
Then I guess it's in God's hands now .,fear
Then I think you need to see a doctor .,fear
Then the [PERSON] and everybody in it could be destroyed .,fear
Then they killed [PERSON] . One behind the ear with a . .,fear
Then they'll kill him .,fear
Then what did you just stuff under your bed ? Nothing .,fear
Then you'll get rid of me .,fear
There are many problems attendant to running such a large territory .,fear
There are men in the house with guns .,fear
"There is a question as to what kind of society we're going to be , whether we're going to tolerate sexual trafficking in children .",fear|sadness
"There is no other way out , my friend .",fear
There isn't anybody I can call for help .,fear
There must be an error .,fear
"There she was , the world's number one symbol of desirability , on display all over the world's number one showroom , with the world's number one customers wanting to buy , and nobody wrapped her up and took her home .",fear|surprise
There was no way I could get in touch with my husband .,fear
There was the explosion in [LOCATION] .,fear
"There were four , uh , aliens aboard I think .",fear
There's a big hole in the flight deck .,fear
There's a certain amount of hurry up involved here . My life is in danger . Three ten .,fear
There's a man down there on his head .,fear
There's a risk of kicking him while he's down .,fear
There's gas coming out of the wing .,fear
There's got to be guns in this house .,fear
"There's no doctors upstairs , and there's no way out of here .",fear
There's no one left to fly the plane .,fear
There's no stopping what can't be stopped .,fear|sadness
There's no time !,fear
"There's no way to make this easy , [PERSON] .",fear
There's nothing we can do about it .,fear
"There's nothing wrong with that I hope , sister ?",fear
"There's one thing you oughta know , professor ...",fear
There's plenty of Nuke to go around .,fear
There's some problems .,fear
There's something terrible happening in there .,fear
There's something very wrong here .,fear
"There's something wrong with us , something very , very wrong with us .",fear
There's speculation that he's already ...,fear
There's trouble down here .,fear
"Therefore , it must be a metal .",fear
These are death row inmates !,fear
These are precarious times .,fear
These are some of the highest ranking military officials in our defense program .,fear
"These are strange times , my friend .",fear
These are the firearms we use .,fear
"These guys , they don't do it for money . - What ? - They don't do it for money .",fear
These terrorist attacks are aimed at you .,fear
These two shooters you just brought up from [LOCATION] .,fear
They all point to me .,fear
They can't do this to me .,fear
"They can't fire both of us , right ?",fear
"They cast me in a prison , and when they failed ...",fear
They caught me on video and now they're threatening to press charges .,fear
"They certainly want you to stay on . It's just , they felt when it came to head of department ...",fear
They come from the New Orleans Bridge Club ... and they've been bonded by the steward .,fear
They don't tell you why .,fear
"They ended up deciding that , you know , I could go ahead and do the oral argument .",fear|joy|sadness
They found my fingerprints on a glass of beer in her apartment .,fear
They have a craving for human flesh .,fear
They have [PERSON]'s kid .,fear|sadness
"They hurt you any , [PERSON] ?",fear
"They know that if that power was , you know , delineated to the average person , we wouldn't need them anymore .",fear
They look like giants .,fear|surprise
They make me .,fear
They might take us for innocent bystanders .,fear
They murder everything that moves .,fear
"They really do know where I'm hiding , [PERSON] ?",fear
They said I was photographing a military subject .,fear
They saw everything .,fear
"They say he killed a man when he was 12 , years old .",fear
"They see violence , they'll become violent .",fear
They tell me you've been on your toes since you got here .,fear
They threatened to kill me if I didn't pay .,fear
They were looking at me .,fear
"They were never there , this never happened .",fear|surprise
"They would be bugging your phone , surveilling you hours a day , and they wouldn't have tipped you by sending [PERSON] . I -",fear
They'd give me ten to twenty years !,fear
They'd never approve of that being released .,fear
They'll destroy you .,fear
They'll disembowel us .,fear
"They'll get me tonight , for sure .",fear
They'll kill us first .,fear
They'll kill you and all of us .,fear
They'll kill you .,fear
They're burying ' us alive !,fear
They're coming here ... to [LOCATION] .,fear
They're coming to kill you !,fear
They're coming !,fear
"They're dead , but they're coming for us .",fear
"They're going to nail us , no matter what we do .",fear
They're gonna be tough to run out .,fear
They're gonna get nervous .,fear
They're in chaos .,fear
They're looking all over for you .,fear
"They're looking for us , all right .",fear
They're mixed up in all kinds of organized crime .,fear
They're not looking for a murder weapon ?,fear
"They're not to come here , you understand ?",fear
They're quite merciless .,fear
They're vicious killers ! Wait a minute !,fear
They're watching us .,fear
They've been setting up weird radar sensors all over downtown .,fear
They've done things with my body and the bodies of others ...,fear
They've got [PERSON] .,fear
Thirteen dead in what appears to be a Nuke money massacre .,fear
"This could look bad for OCP , [PERSON] .",fear
This deficit has grown to alarming proportions .,fear
This fucking guy's scaring me .,fear
"This girl appears from nowhere . Now she's talking to this guy . That's a little convenient , don't you think ?",fear|surprise
"This girl's been in an accident , [PERSON] .",fear
This has been a mess since it began ...,fear
"This has gone too far now , huh ?",fear
This is a risk we dare not ignore .,fear
This is as far as we dare to take you .,fear
This is hard enough .,fear|sadness
This is just horrible .,fear|sadness
"This is just plain suicide , sir .",fear
This is the captain speaking .,fear
This isn't going to be as easy to get out of .,fear
This itself may have placed the entire country's safety in jeopardy .,fear
This kid has taken a savage beating .,fear
This looks like a mind - fuck to me .,fear
"This means [LOCATION] , for sure .",fear
This thing that's killing your people and mine is from the other side .,fear
This was not the plan .,fear
"Those two guys and [PERSON] , shit man , I seen them take on a gang of guineas with nothing but a knife and a broken bottle in their hand .",fear
"To be hypnotized indirectly is very common , but to be regressed indirectly is not only unusual but a little nerve - wracking .",fear
To do that would cause worldwide panic .,fear
"To read something like that was , frankly , it was alarming to me .",fear|surprise
"To tell the truth , [PERSON] , tonight we're a little bit nervous .",fear
"To tell you the truth , [LOCATION] frightens me .",fear
[PERSON] - boy's got a little something personal to discuss with you .,fear
Too much time !,fear
Transmission's weak .,fear
"Trouble is that the Kid might be nervous , big game like this .",fear
Trouble .,fear|sadness
"Trubel , run !",fear
"True , but the soldiers would kill us before we got to the river .",fear
TV ... Satan's spirit flew out of the TV !,fear
"Twenty - four , maybe even twenty - five years .",fear|sadness
Uh-oh uh-oh ... Why did you take down the [LOCATION] Lace number ?,fear
Uh-oh !,fear|surprise
Uh-oh .,fear
Uh - ohl He's lost it nowl,fear
"Uh , b - bullets for some , and f - fire for others .",fear
"Uh , I'm father mayii . I called ...",fear
"Uh , people will get hurt .",fear|sadness
"Uh , six reported injured , two are in sick bay , two more seriously being rushed to [LOCATION] .",fear
"Um , look , can we just forget last night ?",fear
"Um , really good to see you , ma'am .",fear
"Um , uh , push three ?",fear|surprise
"[PERSON] , don't do anything .",fear
Wait a minute . I don't understand .,fear
Wait till my mates get you .,fear
"Wait , I forgot to lock the front door !",fear
"Wait , wait , I can't do it from here .",fear
"Wait ... wait - wait ,",fear
Was he hurt bad ?,fear
Was the public in danger as a result of the accident ?,fear
Waste that fucker !,fear
"Watch it , folks !",fear
"Watch it , it's still wet .",fear
Watch out !,fear|surprise
Watch your back .,fear
Watch your head .,fear
We all got ta be careful .,fear
We are all of us caught up in the suspense of this horror fiction .,fear
We are at war . We have all to do what we will be able .,fear
We are finished .,fear|sadness
"We are going to explode ! All right . [PERSON] , .",fear
We are in great danger .,fear
We are so late already .,fear
We can't let you out of here . You know that . Of course .,fear
We could have been killed .,fear
We didn't hear that .,fear
"We didn't pass that cutoff , did we ?",fear
We don't know what we're dealing with .,fear
We don't know where the hell we are .,fear|sadness
We don't -- we don't wan na do this but ...,fear|sadness
We found the bomb .,fear
We got a big problem .,fear
We got to do something or it'll be too late .,fear
We got to save her !,fear
We have a complication .,fear
We have an emergency .,fear
We have no choice but to use every conceivable weapon if they land .,fear
We have to get her to a doctor .,fear|sadness
We haven't enough fuel to hold the keel down .,fear
We just found out they were lost !,fear
We know next to nothing about them except we believe they're connected to the Hezbollah .,fear
We lost [PERSON] !,fear|sadness|surprise
We may have another shark problem .,fear
We may have made a mistake .,fear
We must be extremely careful what goods we take in exchange .,fear
We mustn't stop .,fear
"We need a doctor , quick !",fear
We need to find both of them before they try to pay that ransom .,fear
We need to leave now .,fear|sadness
We need to warn [PERSON] and [PERSON] .,fear
We should both go .,fear
We should go .,fear|surprise
We should leave before it's too late .,fear
"We take this , they'll booger us forever !",fear
We thought they might be weapons directed against us .,fear
We throw ourselves at your mercy .,fear
We went to the very heart of the vessel ... The propulsion unit .,fear|sadness
We were a bit worried about you .,fear
We were scared to hell .,fear
"We were wandering around , that's how we got robbed .",fear
We were worried about [PERSON] .,fear
We weren't even sure others existed .,fear
We weren't trying to escape .,fear
We whispered your names when we were kids ... scared to say them out loud .,fear
We wouldn't last more than hours before we had a fatal accident !,fear
"We , uh , have several people in mind .",fear|surprise
We ... we have a few more questions to ask .,fear
We'll have to hope that that's enough .,fear
We'll make it to [LOCATION] if you're not careful !,fear
We'll never get to the airport .,fear
We're all gonna die !,fear
We're all gonna die .,fear|sadness
We're begging .,fear
We're being wiped out !,fear
We're getting a lot of heat from parents ' groups .,fear|surprise
We're going to be killed !,fear
We're gonna come out dead !,fear
We're gonna freeze to death .,fear
We're in trouble now .,fear
We're losing the wind !,fear
We're not going to risk a massive lawsuit .,fear
"We're not running low , are we ?",fear
We're not winning this war .,fear
We're not ? - Mm .,fear
We're prisoners of war .,fear
"We're professionals , just like you .",fear
We're running out of ammunition .,fear
We're so damn lost .,fear
We've created a problem .,fear
We've got to get out of here .,fear
We've got to get the money in circulation before you'll get this country back to prosperity .,fear
We've got to get this man off the floor .,fear
We've got ta get the kids !,fear
We've heard from Kennedy Approach that we've run into a traffic problem .,fear
We've lost you .,fear|sadness
We've made a mistake .,fear
"We've managed to keep it quiet , but if anyone knows , there'll be a SWAT team here .",fear
We've really got ta make tracks or we're dead ! C'mon !,fear
We've run into a fog system not previously reported .,fear
We've to get out of here and get help !,fear
"Well we're looking at major indictments , sir .",fear
"Well , don't you understand that if your crops fail this year , next year you're going to have to have another blood sacrifice ?",fear
"Well , I don't know whether I can believe all this .",fear
"Well , I figure I'm screwed , right ?",fear|sadness
"Well , I - I believe ... I believe things have gone far enough .",fear
"Well , I. . . my dad was a high - powered accountant .",fear
"Well , I'm not sure that's a good idea .",fear
"Well , that's a dangerous thing to do .",fear
"Well , the Kid hit him once , and he ain't come back yet .",fear
"Well , uh , actually I'm just having coffee . I'm not having breakfast or anything .",fear
"Well , we won't tell anybody about that , okay ?",fear|surprise
"Well , you know , I thought we was supposed to be like ...",fear
"Well ... L - l - listen ! Don't say anything to [PERSON] about this , all right ?",fear
"Wh ... what do you want me to do , pa ? Git another girl ?",fear
What a place to be stuck .,fear|surprise
What about if they engage us ?,fear
What about staying alive !,fear|surprise
What about the witnesses ?,fear
What about us ?,fear
What am I gonna do when she has a baby ?,fear
"What am I gonna do , [PERSON] ?",fear
What am I gonna do ?,fear|sadness
What are we going to do ?,fear
What are we gonna do ?,fear
What are you doing ? - Shh .,fear
What are you going to do ?,fear
What are you gonna do if one of them catches you ?,fear
"What are you talking about , dad ,",fear|sadness|surprise
What did you tell him about you and Ms. [PERSON] ?,fear
"What do I do , Bloomy ?",fear|sadness
What do they want with us ?,fear
What do we do in case of an accident ?,fear
"What do you mean , if anything happens to you ?",fear
What do you want to do about the body ?,fear
What do you want to see me about ?,fear
What happened to you ?,fear|surprise
What happens to the gold in our safe ?,fear
What happens to us now ?,fear
What have I done now ?,fear
What have I done ?,fear|surprise
What I don't understand is whether someone was trying to kill [PERSON] ... or whether someone was trying to kill [PERSON] because she was with you .,fear
What if Case tortures her ?,fear|surprise
What if [PERSON] should overhear you ?,fear
What if I can't take it off ?,fear
What if the police find you here ?,fear
What if they catch the Captain before he gets help ?,fear
What if they trace that call ?,fear
What if you have to back to the castle ?,fear
"What in the name of [LOCATION]'s balls are you doing out here alone , lady ?",fear
"What is it , [PERSON] ?",fear
What is more sensitive than the development of the hydrogen bomb prior to its detonation ?,fear
What is schizophrenia but a horrifying state where what's in here doesn't match what's out there ?,fear
What life awaits a half man outside the fence ?,fear
What shall I do now ?,fear
What should I be afraid ?,fear|surprise
What the hell am I supposed to do now ?,fear
"What the hell is going on out there , [PERSON] ?",fear|surprise
What the hell was that ? !,fear
What the hell were you doing diving there ?,fear
What was that crack ?,fear
What was that ?,fear
What would she do ?,fear
What ? They took her body .,fear
What'd she take ? - Pills .,fear|sadness
What'll we do ?,fear
What're you gonna do with me ?,fear
What's a girl to do when a man keeps following her around ?,fear
What's dying ?,fear|sadness
"What's going on , [PERSON] ?",fear
What's going on ?,fear|surprise
"What's happening , sir ?",fear
What's it gonna cost me ?,fear
What's killing all the children ?,fear
What's that noise ?,fear
What's that ...,fear
"What's the matter , dear ?",fear
"What's the matter , [PERSON] ?",fear
What's up ? What happened ?,fear|surprise
What's with you lately ? I'll take care of this .,fear
What's wrong with my eyes ?,fear
When a man like Senator [PERSON] gets up and swears that I've been robbing kids of nickels and dimes .,fear
When does it happen ? When ?,fear
When he finds out our dam is at his boys camp he'll start asking questions .,fear
"When he finds out , he's gonna be mad .",fear
When I find [PERSON] ...,fear
"When I first took a deal to become an undercover informant in a biker gang , I did it to save my own skin. ,",fear
When I left her she was alive !,fear
"When I think of it , I'm afraid .",fear
When [PERSON] came back she was dead .,fear
"When that bomb blows , we'll lose our oxygen fast .",fear
"When that light hits the water , this boat will be compromised .",fear
"When the shooting starts , don't forget to duck .",fear
"When you get hurt , yell .",fear
When ? - Call came in last night .,fear|surprise
"Whenever I'm petrified , I either cry or sing .",fear
Where are you taking me ?,fear
Where's my mom ?,fear
Whether we live or die may depend on what happens here .,fear
"Which future has God , if there is a God , chosen for man's destiny ?",fear
Which way is this train heading ?,fear
"Who appear to be inconvenient , or troublesome through knowing too much .",fear
Who are vicious killers ?,fear|surprise
Who are you and what do you want ?,fear
Who is there ?,fear
Who knows what it might do .,fear
Who's dead ?,fear
Who's that ?,fear|surprise
Whoops .,fear
Why ain't my mother here ?,fear|sadness
Why aren't they firing ?,fear|surprise
Why do you look at me like that ?,fear
Why go on taking chances ?,fear
Why look at me that so strangely ?,fear|surprise
"[PERSON] , if the runway isn't long enough ...",fear
Will you be okay if I go up to bed ?,fear
"[PERSON] , I'm worried .",fear
"Willie , you look worried .",fear|sadness
Wish for our lives !,fear
With all the contributions of the Sea Hawks ... we can not possibly match [PERSON]'s vast resources .,fear
"With this strike they've no way home , and there's not a room in the city .",fear
"With what money , and what about us ?",fear
Withdraw !,fear|joy
"Without a wind , we'll lose him !",fear
Women and children off the street !,fear
Word is there may be as many as more dead bodies up there .,fear
Would they mock him ?,fear|sadness|surprise
Wouldn't you say that prison is my fate ?,fear|sadness
"X-Ray , this is Bad Karma .",fear
Y - You mean we're gettin' off this submarine ?,fear
[PERSON] is taken .,fear|sadness
"Yeah , I um , I just ... just thought I saw something , but I can't really , um , trust my eyes these days .",fear|sadness|surprise
"Yeah , no , no !",fear
"Yeah , then why are you trying to hurt me ?",fear
"Yeah , um , are we starting the interview now ?",fear
Yeah . They're bleeding .,fear
Yeah . Too good .,fear
"Yes , but when the cash runs out , they'll mob us .",fear
"Yes , son , I'm afraid .",fear
"Yes , well , I don't know anything about it .",fear
Yes ? - The keys !,fear
"Yes . - Well , this is an emergency !",fear
Yikes ! A penguin in a pot !,fear
"You ain't really gonna let them take that baby , are you ?",fear
"You all right , [PERSON] ?",fear
You and [PERSON] have been asked to accept a dangerous mission to [LOCATION] .,fear|sadness|surprise
You been in touch with [PERSON] ...,fear
"You better look out , Mr. [PERSON] .",fear
"You came up here to kill me , didn't you ?",fear
"You can't do this to him , or to all the others .",fear
You can't tell anybody .,fear
You did worry me .,fear|sadness
You do not understand .,fear
You do realize you're talking about going after an FBI agent ?,fear
You don't bring enough men with you .,fear
"You don't know from one day to the next ... whether you're going to be killed , go home , or get busted .",fear
You don't know who to trust .,fear
You ever heard of the Vagos ?,fear
You fear you'll not always love me ?,fear
You frightened me .,fear
"You get beaten though , don't you ?",fear
You got ta get them bones growing .,fear
You had me scared for a minute .,fear
You have destroyed us .,fear
You have to stay indoors to avoid them .,fear
"You in ? - Uh , sure , I'll shoot a rack with you . - L - listen , kid , kid .",fear
You injured your knee in a game .,fear
You know how much money you're gonna lose in a strike ?,fear
You know what would happen if [PERSON] found out ?,fear
"You know , it's dangerous for you to be here in the frozen food section .",fear
"You know , [PERSON] , I'm a little scared myself .",fear
"You know , now that we're alone , there's ... There's something that I've been wanting to ask you .",fear
"You know , [PERSON] is not gonna last five minutes out there .",fear
"You know , they say the most vulnerable part of the human body ... is the throat ... and that you never really know how you feel about somebody ... until they have their hands around your throat .",fear
"You know , this ship is going much too fast .",fear
"You know , you're gonna get yourself killed .",fear|surprise
"You look a little off - colour , [PERSON] .",fear
You made a mistake I'm not [PERSON] !,fear|surprise
You make me feel uncomfortable .,fear
"You must go , go at once , before [PERSON] catches you here .",fear
You must know how important that is to us .,fear
"You need money , and quickly .",fear
"You really are trying to kill me , aren't you ?",fear|surprise
You scare the hell out of me too .,fear
You see that gun in his hands ?,fear
You seem to me to be what my mother warned me about :,fear|joy
You sound sort of peculiar .,fear
"You start trouble , and I start bleeding .",fear
You think he'll be all right ?,fear
You think [PERSON]'s gonna buy that ?,fear
You try to escape ...,fear
"You'd better leave that bandage alone , unless you want to start bleeding again .",fear
You'd rather be found dead with two small children in [LOCATION] ?,fear
You'll get killed just to give something away .,fear
"You'll kill him , stop !",fear
You'll land us all in prison .,fear
You're afraid of me .,fear
You're afraid of what may happen if the war comes ?,fear
You're caught below another man's gun !,fear
You're contaminated .,fear
You're crazy !,fear|surprise
You're getting heavier and heavier Can't carry you much longer,fear|sadness
You're going to protect me ?,fear
You're going to set this whole place on fire .,fear
You're gonna be on Syrian and Israeli radar the moment you take off .,fear
You're gonna find out .,fear
"You're gonna get the shakes soon , [PERSON] .",fear
You're gonna make me swear on the Bible ?,fear
"You're gonna need weapons , all of you .",fear
You're hopelessly outnumbered,fear
You're in enough trouble as it is .,fear
You're in great danger .,fear
You're liable to get caught .,fear
"You're not driving , are you ?",fear
"You're not going to leave your friend , sir ... are you ?",fear
You're not going to work with these monsters ?,fear
"You're not gonna give him a chance , are you ?",fear
You're nuts !,fear|surprise
You're running the risk of harming your children .,fear
You're scaring me .,fear
You're supposed to say something .,fear|sadness
"You're sure we're not , uh , crowding you , eh ?",fear
You're turning into a zombie .,fear
You're under arrest .,fear
"You've got me worried , dear .",fear
You've got to get there before sundown .,fear
You've got to keep him off us .,fear
You've got to manage without the doctor .,fear
You've had your trial .,fear
Your boy is sicker than we know .,fear
"Your client knows that if I go to jail , he and his friends will go with me .",fear
Your face ... which tells me how much you don't want to be here .,fear
Your parents'll kill me .,fear
He's good - looking .,joy
He's got it all worked out .,joy
He's in love .,joy
"He's light - skinned , he loves his kids .",joy
He's mine !,joy
He's nice .,joy
He's perfect .,joy
He's touched .,joy
He's very sweet .,joy
He's wonderful .,joy
Heh . Heh .,joy
[PERSON] was a pretty good mountain climber .,joy
"Hello , everybody .",joy
"Hello , Kid .",joy
"Hello , sunshine !",joy
"Hello , sweet thing .",joy
"Hello , sweetheart !",joy
Her visual image is perfect .,joy
Here [PERSON] is .,joy
Here in the wilderness you have turned defeat into victory .,joy
Here is one of the greatest attractions you'll ever see in your born days !,joy
Here they are in all their glory !,joy
"Here , here , here . Oh - la - la .",joy
"Here , you take one too .",joy
Here ... the Revolution started .,joy
Here's a great one .,joy
Here's good news for you bachelors .,joy
"Here's the , uh , camera , And the cassette recorder that you asked for . Thank you .",joy
Here's to all that gorgeous snatch in FLA.,joy
Here's to bigger and better dopes .,joy
"Here's to us , top of the world .",joy
Hey Grandma !,joy
"Hey there , little buddy .",joy
"Hey you saved my life , so stop crying , huh ?",joy
"Hey , baby .",joy
"Hey , bike's been sold .",joy
"Hey , don't worry !",joy
"Hey , fella .",joy
"Hey , honey .",joy
"Hey , I love you .",joy
"Hey , it's another delightful day here in vacation land .",joy
"Hey , [PERSON] , that's fantastic .",joy
"Hey , look at you !",joy
"Hey , look ! [PERSON] , [PERSON]'s out !",joy|surprise
"Hey , professor !",joy
"Hey , she loves those flabellina oculina !",joy|surprise
"Hey , that's got a nice ring to it , kid .",joy
"Hey , that's it .",joy|surprise
"Hey , there's no one better than old [PERSON] .",joy
"Hey , this is pretty nice , being served in my own home .",joy
"Hey , we got a free movie next door .",joy
"Hey , what's up you guys ?",joy
"Hey , you know me .",joy
"Hey , you're looking good .",joy
"Hey , you're very light on your feet .",joy
Hey ! I can't believe you got here !,joy|surprise
Hey ! It's [PERSON] .,joy
Hey . Good work .,joy
Hey . I can't believe you got here .,joy|surprise
"Hi , Dad .",joy
Hi .,joy
His words are too profound,joy|surprise
"Hmm , it's a nice place .",joy
"Ho , ho ! - Ho ! - Ho , ho , ho !",joy
Home sweet home .,joy
Honey !,joy
"How about that ? Hey , you're pretty handy to have around , kid .",joy
How about we go and have a. . .,joy
How beautiful they are,joy
How cheerfully he seems to grin,joy
How did you enjoy the ride ?,joy
How do you do ?,joy
How do you smell so good in a hospital ?,joy|surprise
How does it feel ?,joy
How fortunate we are to have [PERSON] with us .,joy
How good to see you !,joy
How gorgeous !,joy
How lucky you lawyers are .,joy
How perfectly lovely .,joy
How romantic .,joy
How thoughtful .,joy
How very nice of you to say .,joy
How very nice to see you .,joy
How wonderful !,joy
How'd you like to have [PERSON] for a mother ? Or [PERSON] ?,joy
How's it going ?,joy
"[PERSON] -[PERSON] , we're safe !",joy
"Huh , just as well .",joy|surprise
"Hurry , it's lovely up here",joy
I adore it !,joy
"I always said you was the whitest [N-WORD] I ever knew , [PERSON] .",joy
"I always seem to come up smalltime . Except all of a sudden now , this guy [PERSON] falls right in my lap out of sheer luck .",joy|surprise
I always think candlelight's so romantic .,joy
I am a swan !,joy
I am content .,joy
I am exactly three inches high and it is a very good height indeed !,joy
I am glad to see you .,joy
I am glad you are better .,joy
"I am happy you're out of jail , [PERSON] .",joy
I am seeing .,joy
I am the avenger .,joy
I am thinking of you .,joy
I appreciate it .,joy
"I appreciate that , sir .",joy
I bet she's nice .,joy
I bet you're gonna get a big promotion when this thing's over .,joy
I bought him the loveliest little sweater as a reward .,joy
I can do anything .,joy
I can hardly ever remember the audience being so excited .,joy
I can see the exit .,joy
I can think of no occasion that has given me more pleasure .,joy
I can throw this knife pretty good .,joy
I can wind this one up in six weeks .,joy
I can't tell you how glad I am to see you .,joy
I can't tell you what a comfort that is .,joy
I can't tell you what a welcome sight this is .,joy
I carried you in here when you were a baby .,joy
I cheat . So does she . But I cheat better .,joy
I completely agree .,joy
I could cover you with kisses .,joy
I couldn't take my eyes off of that girl and her baby .,joy
I did it .,joy|sadness
"I did that beautifully , didn't I ?",joy
"I don't know much about him , but I'd say he has good taste .",joy
I don't suppose it looks like much to a lady ... but I can't help being proud of it .,joy
I don't think I've ever been so thrilled in my life .,joy
I enjoy to live .,joy
I fed it and put it on .,joy
I felt all warmed and funny inside . I can't describe it .,joy|surprise
"I find myself quite interesting , really .",joy
I fucking love it !,joy
I gave him my compartment . He only had coach seats .,joy
"I got a great personality , you ask anybody .",joy
I got a run of three .,joy
"I got him sold , [PERSON] .",joy
I got it !,joy
I got my coat back !,joy
I got myself a date .,joy
I got offered a part in a movie .,joy
I got that Hawaiian Sea Frontier dispatch decoded .,joy
"I guess [PERSON] was about the prettiest , with all that long , yellow hair .",joy
I guess you're right .,joy
I had a grandpa . He was nice to me . He liked ties on Sundays .,joy
I had a terrific time but I'm going home .,joy
I had it great .,joy
I had no idea you were so beautiful .,joy
I had such a good time .,joy
I had the pleasure of meeting you in your beautiful shop .,joy
I happen to like [PERSON] .,joy
I have a car for you .,joy
"I have a coach not pulled by four horses , but with the power of .",joy
I have a condo with a pool .,joy
I have a gift for you .,joy
I have an idea !,joy
I have improved it .,joy
I have wonderful news for you .,joy
"I hear you get a nice pension from the government after 20 , years .",joy
I heard you got married .,joy
I hit where I aim .,joy
I hope you have a nice stay in [LOCATION] .,joy
I hope you know that .,joy
I hope you like it .,joy
"I Iove you , [PERSON] .",joy
"I just came over to share my happiness with you , [PERSON] .",joy
I just love it when it's so nice and warm .,joy
I just spoke to [PERSON] .,joy
I just thought I'd drop by and cheer you up a bit .,joy
"I just went to sleep , woke up feeling fine , remembered everything .",joy
I knew it !,joy
I knew there was treasure down here !,joy
I knew we'd be all right .,joy
I know a good bar here .,joy
I know a little about everything .,joy
I know a place that does a good breakfast .,joy
I know I speak for my entire radio audience when I express my great admiration for both of you .,joy
I know you like the way I feel .,joy
"I know you were deeply touched by [PERSON]'s gesture ,",joy
I know you're crazy about me .,joy
"I know , but it's too bad that wrestler Had to die for me to get it .",joy|sadness
I like being with him and I like thinking about him .,joy
I like her .,joy
I like him .,joy
I like it !,joy
I like it .,joy
I like [PERSON] .,joy
"I like [PERSON] , because I always know where he stands .",joy
"I like my side of the courtroom . The pay is not so good , but the air is a lot better .",joy
I like pink champagne .,joy
I like street cats .,joy
I like tacos and I like beer .,joy
I like that Dr. [PERSON] .,joy
"I like that man , with the sort of blue nose .",joy
I like that .,joy
"I like the feel of it , [PERSON] .",joy
I like to read .,joy
I like to watch .,joy
I like your bat .,joy
I like your tailor .,joy
"I like your tie , too .",joy
I like !,joy
"I look good in a mink coat , honey .",joy
I love a coward !,joy
I love a persistent wall .,joy
I love champagne .,joy
I love [LOCATION] .,joy
I love him that way .,joy
I love him .,joy
I love it !,joy
I love my ass .,joy
I love [LOCATION] on summer afternoons when everyone's away .,joy
I love Russians .,joy
I love soothing a man .,joy
"I love the boy , Neddie .",joy
"I love the moment of their death , when I am one with [PERSON] .",joy
I love the smell of commerce in the morning !,joy
"I love them , though .",joy
I love this car .,joy|surprise
I love this guy !,joy
I love this !,joy
I love those guys .,joy
I love those .,joy
I love you ... I love you .,joy
I love you anyway .,joy
"I love you too much , you know that .",joy
I love you too .,joy
"I love you , Cross .",joy
"I love you , [PERSON] .",joy
"I love you , my little [PERSON] .",joy
"I loved you for it , just as my father did .",joy
I loved your drawing .,joy
I make flowers grow .,joy
I mean a laugh from the heart .,joy
"I mean , he had a great sense of humor . He wasn't another junkie with a homemade mm .",joy|sadness
"I mean , we're a solid act , honey .",joy
I met her at the grocery store . - ( babbling ) - isaac .,joy
I most certainly do love her .,joy
I needed it .,joy
I never bet when I'm sure I'm right .,joy
I never can make up my mind which of you is the handsomest .,joy
I offered the dough because I wanted to thank you .,joy
I only have sex when I'm happy .,joy
"I really hope you find happiness , and if you're ever in need of anything , like someone to love , don't hesitate to call me .",joy
I really like your singing .,joy
I really liked the idea .,joy
I really love her and she likes me .,joy|sadness
"I remember being at the courthouse , and there were people outside holding signs and I thought , you know , how cool to have all this support .",joy
I remember once ... we put my mum's canary in the oven .,joy
I remember when I was years old . Mr. [PERSON] called me in for a meeting .,joy
"I remembered why I loved paintings in the first place , what got me into this .",joy
"I said some bad things about the boy , but we can explain that to the exuberance and excitement of youth , because he's certainly changed his ways now .",joy
I saved it all here Countess .,joy
"I say , what a jolly idea .",joy
I see white fluffy clouds ...,joy
"I shall dance , and you'll be with me .",joy
I suppose they were all in love with you .,joy
I think [PERSON] was kind of cute .,joy
I think he believed me at last .,joy
I think I'll be just fine .,joy
I think I've finally found a sport I like .,joy
I think it was fun and sexy .,joy
I think it's a splendid idea .,joy
I think it's cute .,joy
I think it's rather sporting .,joy
I think she's great .,joy
I think she's pretty .,joy
I think that about covers it for now .,joy
I think that's a splendid idea .,joy
"I think they call that love , little brother .",joy
I think this is the greatest day I've ever spent .,joy
I think you really love me .,joy
I think you're cute .,joy
I think you're incredible .,joy
I think you're perfect .,joy
"I thought he only wanted me for their sake , but ... after his wife died , I realized he really does love me .",joy
"I thought I'd lost the ability . With you , I. ...",joy|surprise
I thought it was a good speech .,joy|sadness
I thought she was splendid .,joy
I thought what was lost .,joy
I thought you might want a little cheering up .,joy
I thought you was dead .,joy|surprise
I took a valium . Feel like I'm drunk .,joy|surprise
I triangulated her cell .,joy
I wake up in the middle of the night and laugh at them .,joy
I want to be a good dad .,joy
I want to get down on my knees and thank God .,joy
I want you to look how the moonlight cuts through the trees .,joy
I want you to meet somebody .,joy
I wanted to buy you something lovely and exotic .,joy
I was admiring the platinum watch with the diamond numbers .,joy
I was brilliant .,joy
I was brought up with beautiful words .,joy
I was free .,joy
I was good .,joy
"I was in a shop once , and I saw a postcard with a beautiful house on it , right by the sea .",joy
I was in having a good time .,joy
I was kind of expecting a shit show .,joy|surprise
"I was laughing so hard , my drink came out of my nose .",joy
"I was little , slim , but hard as a diamond .",joy
I was lucky enough to be a guest .,joy
I was really good .,joy
I was smart .,joy
I was so proud .,joy
I will drink to that !,joy
I will never forget his face when we entered in the room of the Mrs. [PERSON] .,joy
I wish we did this before .,joy
I would wear the same gown I wore when you were my favourite beau .,joy
I wouldn't have had it any other way .,joy
I wouldn't have missed this for anything .,joy
"I'd give you a kiss right now , but I'm afraid I'll ruin my makeup .",joy
I'll accept that .,joy
I'll be right with you .,joy
"I'll buy you one . C'mon , we've got our own schedule to meet .",joy
I'll give you a cigar . All right .,joy
I'll give you two .,joy
I'll go to the club car to get you something to eat .,joy
"I'll hit you with nine quarters per package , and that's just cos I'm feeling good .",joy
I'll invite [PERSON] to dinner Saturday .,joy
I'll never forget how I laughed when I saw you as [PERSON] .,joy
"I'll see you later , okay ?",joy
I'm a good pilot .,joy
I'm a perfect surgeon .,joy
I'm all packed .,joy
I'm always delighted to meet [PERSON]'s friends .,joy
"I'm awake , [PERSON] .",joy
I'm delighted .,joy
I'm dreaming !,joy|surprise
I'm enjoying this .,joy
I'm feeling fine this morning .,joy
I'm from sacramento .,joy
I'm getting richer all the time .,joy
I'm glad for the company .,joy
I'm glad I saw it before becoming extinct .,joy
I'm glad this happened .,joy
I'm glad to hear that .,joy
I'm glad to help .,joy
"I'm glad to know you , [PERSON] .",joy
I'm glad to see you're all right .,joy
"I'm glad you came down , [PERSON] .",joy
I'm glad you came to the race .,joy
I'm glad you fellas happened along .,joy
I'm glad you joined us when you did .,joy
I'm glad you liked it .,joy
I'm glad you said that .,joy
I'm going home with him instead .,joy
I'm going !,joy
I'm gonna play games on your fucking head .,joy
I'm good at it .,joy
I'm good !,joy
I'm happy to get out of this madhouse .,joy
I'm happy to say the old bladder's working .,joy
I'm happy to see you .,joy
I'm happy !,joy
"I'm in love , [LOCATION] .",joy
I'm in love !,joy
I'm just fine .,joy
I'm looking good .,joy
I'm my own master ... for the first time in my life .,joy
I'm not down . You look depressed .,joy
I'm not exactly ashamed of that one myself .,joy
I'm not going to say Omega's the best house on campus ... but a lot of outstanding guys figure they'll pledge Omega or won't pledge at all .,joy
I'm paralysed with happiness !,joy
I'm playing with you .,joy
I'm pleased that we're having this closed executive session .,joy
I'm pleased to be wrong .,joy
I'm pleased to meet you .,joy
I'm relaxed .,joy
I'm satisfied to be the father .,joy
Isn't this the finest time ?,joy
It can be absolutely breathtaking .,joy
It cheered me up infinitamente .,joy
"It did not come finishing of writing it , mon ami .",joy
It does feel better to get it out .,joy
It feels wonderful !,joy
It felt good .,joy
It gives you a good feeling when you can help somebody .,joy
"It has a nice little ring to it , don't you think ?",joy
It has a wonderful ring .,joy
"It has been such a tremendous excitement for me , this visit .",joy
It is a happy occasion .,joy
It is a lovely city .,joy
It is a wonderful woman .,joy
"It is completely well now , mother .",joy
It is so nice to be here .,joy
It is so nice to meet you .,joy
It is so wonderful to meet the uncle of darling little Junior .,joy
It is the most spectacular thing in the Senate annals .,joy
It is very simple .,joy
It is well .,joy
It just makes me feel real glad to see the Chiefs back on the warpath again ... to coin a phrase .,joy
"It looks lovely to me , [PERSON] .",joy
It looks very nice on you .,joy
It must be in your genes .,joy
It must be smooth like velvet .,joy
It should come to life for every boy .,joy
"It took me seven years , but I got him !",joy
"It turned out beautifully , didn't it ?",joy
It was a blessing and God was watching over us that day when they made that decision .,joy
It was a gift from an admirer who said I was always late .,joy
"It was a good party , wasn't it ?",joy
It was a pleasure to have the general here .,joy
It was a pleasure .,joy
It was always you and me .,joy
It was bloody marvellous .,joy
It was just fine .,joy
It was just like old times .,joy|sadness
It was just so perfect I just had to catch it .,joy
It was nice of you to break your date .,joy
It was nice of your mother to let you come .,joy
It was the nearest thing to heaven .,joy
It was them ! They sent it !,joy|surprise
It was very nice to meet you .,joy
It was well and nothing could change it .,joy
It was wonderful .,joy
It wasn't because there weren't women that stirred my blood .,joy
It will be divine .,joy
It works !,joy
It works ! I'm cured !,joy|surprise
"It would adore . [PERSON] , [PERSON] , come to my office a moment .",joy
It would have been deliciously wicked .,joy
"It's a beautiful story , whatever the reason .",joy
It's a boy !,joy
It's a fine - lookin' picture .,joy
It's a good idea .,joy
It's a good thing I'm in music instead of comedy .,joy
It's a great philosophy .,joy
It's a lovely night for the party .,joy
It's a major breakthrough that will no doubt make motorists happy .,joy
It's a miracle man .,joy
"It's a pleasure , I assure you , [PERSON] .",joy
"It's a very rich life , And I do have a job ,",joy
It's admirable .,joy
It's always nice to see you .,joy
It's an amazing place . I really like coming here .,joy
It's beautiful .,joy
It's because I'm a wonderful lover .,joy
It's been fun meeting you .,joy
It's been swell .,joy
It's certainly a pleasure to see you .,joy
"It's delicious , [PERSON] !",joy
It's essential that they take pride in their job .,joy
It's for a good cause .,joy
It's funny .,joy
It's good coffee .,joy
It's good for the soul .,joy
It's good publicity .,joy
It's good to meet you .,joy
It's good to see home folks .,joy
"It's good , isn't it ?",joy
It's good .,joy
It's got to be here !,joy
It's great to be back home .,joy
"It's great to see you , [PERSON] .",joy
"It's great , Meat , it's great .",joy
It's great .,joy
It's home .,joy
It's just as it should be .,joy
"It's like [PERSON] , you see ?",joy
It's like spending a weekend in [LOCATION] .,joy
It's love at first sight .,joy
It's lovely .,joy
It's nice to have company for tea .,joy
It's nice to have somebody to say goodbye to .,joy
It's nice to meet you .,joy
It's nice to see you again .,joy
"It's nice , isn't it ?",joy
It's nice .,joy
"It's Nobel Prize juice . Set sail for home , for [LOCATION] !",joy
"It's not deep , but it's there .",joy
"It's not exactly the Ritz , but it's peaceful and quiet .",joy
It's okay . It's okay .,joy
It's our new swimming pool !,joy
"It's over now , nobody's hurt !",joy
It's pleasant to see everything so prosperous with you here .,joy
It's proven extremely effective at uniting the public around a perceived threat .,joy
It's rather funny .,joy
"It's real nice , you know .",joy
It's so nice out there .,joy
It's such a pleasant little place .,joy
It's supposed to be great .,joy
It's the best .,joy
It's the prettiest place on the island .,joy
It's time .,joy
It's utterly beautiful .,joy
"It's very funny , [PERSON] . Don't move !",joy
It's very good .,joy
"It's very important to relax , old boy .",joy
It's very pretty .,joy
It's wonderful and sweet champagne !,joy
It's wonderful stuff .,joy
It's wonderful to have you back .,joy
It's wonderful .,joy
"It's yours , I want you to have it . It's for you .",joy
"itself but simply a tool , as language is to thought .",joy
"[PERSON] , you're weird .",joy
[PERSON] is a man of luck .,joy
"[PERSON] , that's very generous of you .",joy
Jolly good .,joy
"Junior , he loves cats .",joy
"Junior , I got some buttons for the kids and some stickers for their bikes .",joy
Just a friendly place to have a beer .,joy
"Just about a year ago in [LOCATION] , [LOCATION] . It was quite a night .",joy
Just feel how nice it is in here .,joy
Just married .,joy
Just see how happy the people look from here .,joy
"Just sit back there , relax , and enjoy life .",joy
Just the way I like 'em .,joy
Just to sit here with him is a very great honour for me .,joy
Just to tell you that I'm happy .,joy
Just what we been waitin' for .,joy
"[PERSON] , it's so good to have you around .",joy
Kiddo !,joy
"Kids , the wienies are almost done !",joy
"Kindliness and sincerity , and if you'll forgive me , modesty , mean more to a husband than all the wit and beauty in the world .",joy
l knew you were gonna say that .,joy
Ladies and gentlemen with great pleasure I give you Robocop .,joy
"Ladies , it's OK with me .",joy
Last night .,joy
Laughter and cuddles .,joy
Let the fire fall !,joy
Let us board !,joy
Let's dance !,joy
Let's get hot .,joy
Let's get the skiff out and shove off !,joy
Let's go see the bearded lady .,joy
Let's make the most of it .,joy
Let's not think about [PERSON] or anything sad right now .,joy|sadness
Let's try it again . ♪ There was old man Nemo ♪,joy
Light has conquered darkness .,joy
"Like private places , boy .",joy
"[PERSON] , you're so sweet .",joy
"[PERSON] , it's perfect .",joy
[PERSON]'s loaded to her fingertips with love for you .,joy
"Listen , take it , $ .",joy
Look at all the smiling faces .,joy
"Look at me , I'm free !",joy
Look at that !,joy
Look at the rosy cheeks .,joy
Look at those darling dogs .,joy
Look at [PERSON] go !,joy
Look how nicely she has arranged the table .,joy
Look what I found .,joy
"Look , your mother is here .",joy
Looking at the moon and feeling lonely,joy|sadness
Looks cute .,joy
"Looks like a nice day , huh ?",joy
Looks like this case will be settled in no time .,joy
Looks nice .,joy
"Lord [PERSON] , she loves me !",joy
Loveliest room you've ever seen .,joy
"Lovely woman . - Yes , I imagine what is .",joy
lt's good you told me . lt's very brave .,joy
Lucky you .,joy
Lunch was wonderful .,joy
[PERSON] . Thank you .,joy
Ma !,joy
Made friends ?,joy
"Make you mighty happy , I bet ya .",joy
Many hands went into creating [PERSON] .,joy
[PERSON] had her specialty . She imitated frogs .,joy
[PERSON] says very nice things about you in her letters .,joy
[PERSON] was so excited about your coming .,joy
[PERSON] wrote something awful nice .,joy
[PERSON]'s my boy .,joy
"May I say , my dear Colonel , that it's good to breathe the air of the Gestapo again .",joy
Merry Christmas .,joy
"Mes dames et messieurs , good night !",joy
[PERSON] is the best cop I ever saw .,joy
Mine was big as a grapefruit .,joy
Mint juleps always make me sing .,joy
"Miss [PERSON] , I have discovered how to retard the ageing process .",joy
"Miss [PERSON]'s feeling a heap better today , Mr. [PERSON] .",joy
Mistakes can always be corrected,joy
Money !,joy
"[PERSON] , if there's one thing I know about , it's Mr. [PERSON] Q. Public .",joy
Moon !,joy
More mutilations !,joy
More shopping ?,joy
"Morning , sir .",joy
Morphine syrette . Give me a morphine syrette . I got it .,joy
[LOCATION] is nice in the spring .,joy
Most of the young hotshots were lining up for Robbery or Homicide .,joy
"Mother , you'd love him .",joy
Mr Bear ticklish ?,joy
Mr. [PERSON] is a wonderful teacher .,joy
Mrs [PERSON] has fixed the grandest dinner .,joy
Much happier .,joy
Must be a beautiful horse .,joy
Must be very good .,joy
My best landing yet .,joy
My bet says no other rider in the race will beat mine .,joy
My boy [PERSON] !,joy
"My dear child , there are many good books in this world without pictures .",joy
"My dear , he is attractive , isn't he ?",joy
"My dear , sweet , loving bride !",joy
My favourite colour's blue .,joy
"My friend , I'm a happy man .",joy
My heart is packed so full of love for you .,joy
My heart soars like a hawk .,joy
My kids can stay with me for as long as they would like .,joy
My name is [PERSON] .,joy
"My pleasure , sir .",joy
"My pleasure , sisters .",joy
"My son , to see you again causes my heart to soar like a hawk .",joy
My sweetheart gave it to me .,joy
"My , we're a jolly crew , aren't we ?",joy
"My , what a pretty place !",joy
"[PERSON] , this is Al.",joy
[LOCATION] always been good to me .,joy
"Nice and hot , just like you love it .",joy
"Nice day , huh ?",joy
Nice family you got here .,joy
Nice meeting you .,joy
Nice party .,joy
Nice to meet you .,joy
"Nice to see you again , [PERSON] .",joy
Nice to see you too .,joy
Nice tree .,joy
Nice .,joy
No complaints .,joy
"No harm at all , mate .",joy
No pain .,joy
No two people have ever been so in love,joy
No wonder your husband still loves you .,joy
"No , I'm glad to meet your daughter .",joy
"No , you done me a nice little favour doing that there .",joy
No ! A lovely ladies ' purse .,joy
"Nobody hired us for our brotherly love , [PERSON] .",joy
Not a bad family to marry into .,joy
Not a care in the world .,joy
Nothing will ever happen to me anymore !,joy
Nothing's going wrong .,joy
Nothing's happened recently to shake my self - confidence .,joy
Nothing's impossible .,joy
Now I just drink like an Irish person .,joy|sadness
Now [PERSON] and that dear little bride of his will be able to stay on at [LOCATION] and live happily ever after .,joy
"Now she's going back today , soon as we give 'em a full stomach to travel on .",joy
Now tell me you're glad to see me .,joy
Now this is a fine thing .,joy
Now we'll have good weather for the bridge .,joy
Now you got money in the bank and a faithful husband .,joy
Now you're talking .,joy
"Now , don't worry , darling , we understand perfectly .",joy
"Now , isn't that a charming invitation ?",joy
"Now , my five ordinary senses , what with alcohol and other forms of abuse , are nothing special , but I have a sixth sense that any witch in the world would give her left broomstick to have .",joy
"Now , that's something .",joy
"Now , these legs are very nice .",joy
"Now , this is pretty great .",joy
"Now , you look good .",joy
"Nutritionally speaking , it is exquisite .",joy
"Of course , you know that the first thing is to fall in love .",joy
Of course . Thank you .,joy
Oh my God ! So cute !,joy
Oh my God ! You totally should .,joy
Oh Sugar ! That sounds like so much fun but Guess who's back together with your dad .,joy
"Oh , and he's handsome too , no doubt .",joy
"Oh , and that's as it should be .",joy
"Oh , boy , is this great !",joy
"Oh , come on , have a brandy .",joy
"Oh , [PERSON] , she was just great !",joy
"Oh , do I like the bed !",joy
"Oh , do you know , I love it this time of year with spring coming on .",joy
"Oh , feet !",joy
"Oh , foo - foo says hello , too !",joy
"Oh , great news , I got some turkey burgers , you know we can grill , and watch a little Monday Night Raw tonight if you want ?",joy
"Oh , honey !",joy|surprise
"Oh , how I have longed to hold this child .",joy
"Oh , how lovely .",joy
"Oh , I'm so glad .",joy
"Oh , is this the breathtaking view ?",joy
"Oh , it's such a beautiful statue .",joy
"Oh , it's swell !",joy|surprise
"Oh , look at those eyes .",joy|surprise
"Oh , m done rehearsing .",joy
"Oh , man , you guys are the greatest !",joy
"Oh , monkey . - ( laughs )",joy
"Oh , my gosh , you must be [PERSON] !",joy|surprise
"Oh , [PERSON] , for people like you and me the world can be a wonderful place .",joy
"Oh , she did !",joy|surprise
"Oh , thank God .",joy
"Oh , thank you .",joy|surprise
"Oh , thank you . Yes !",joy
"Oh , that's delicious .",joy
"Oh , that's funny .",joy|surprise
"Oh , that's just great , [PERSON] !",joy
"Oh , there ! Now , I'll just look perfect when I sing my song !",joy
"Oh , very good !",joy
"Oh , very nice .",joy
"Oh , well , that's a splendid idea , Mrs. [PERSON] .",joy
"Oh , what a delightful child .",joy
"Oh , yeah , great !",joy
"Oh , you almost got me .",joy|surprise
"Oh , you little beauty !",joy
"Oh , you make me so hot !",joy
"Oh , you're really a much better dancer .",joy
"Oh , you're the best , [PERSON] .",joy
Oh . ( laughs ),joy
"Okay , we have fruit juice , soda , Mudslides are blending , Or I can make you a daiquiri , if you prefer .",joy
"Okay , you guys , she fell for it .",joy
"Okay , you have fun .",joy
"Okay ? What ? bucks , that was really good .",joy
Okay ? You're gonna check in with me on a nightly basis .,joy|surprise
On the way home we did loop - the - loops so that I could see the moon upside down .,joy
On the weekends we go out and have a ball .,joy
Once you had the look for me of an exquisite lady .,joy
One good thing .,joy
One time he had the whole cast over from some [LOCATION] show .,joy
One two three !,joy
One way to pleasure .,joy
"Only two months ' treatment , and I'm a well man .",joy
"Ooh ! Oh ! In the name of the holy father ,",joy
Our island is peaceful .,joy
Our prayers were answered .,joy
Our ratings have gone up .,joy
Our worries are over .,joy
"Peaceful up here , in't it ?",joy
People who truly loved are likely to love again .,joy
Perfect camouflage .,joy
Perfect for a single man living alone .,joy
Perseus and [PERSON] will be happy together .,joy
"Personally , I think it makes a very lovely transmutation .",joy
"Pick it , boy , pick it !",joy
Play ball ! Yeah .,joy
"Please , can I have a look , please , please , please .",joy
Pleasure meeting you .,joy
Pretty dress .,joy
Pretty fresh .,joy
Pretty good chow .,joy
"Pretty good shooting , young fella .",joy
Pretty sea . Pretty sand .,joy
"Pretty , huh . But I'm perfect .",joy
"Probably I'm prejudiced , but it seems to me that [PERSON] is a pretty cute young lady .",joy
"Produces beef , beer , shoes ... and good times .",joy
Quiet types interest me .,joy
[PERSON] is army from the anus up .,joy
"Rather like a picnic , isn't it ?",joy
[PERSON] talked him out of it .,joy
Read what the critics say ... wonderful !,joy
"Really , I've never been happier .",joy
Recent results are all positive .,joy
Remember how white and fluffy she used to be after I gave her a bath ?,joy
Remember my th birthday party when you lifted your skirt up ...,joy
Remember the night ? The first time I went scrambling with the Rebels .,joy
"Right , that's better , it's closer .",joy
Ringo !,joy
"[PERSON] , the funniest champion ever .",joy
Roll one !,joy
"Room service , good morning .",joy
Running up stairs keeps my legs slim .,joy
Say we'll be happier there than ever .,joy
"Say , I understand those Mexican señoritas are still pretty as ever down there .",joy
"Say , you lovely ladies wouldn't have seen two little mice running around down there , would you ?",joy
"[PERSON] , you're so sweet to worry about [PERSON] like this for me .",joy
"See , that didn't hurt .",joy
Seemed like a nice fellow .,joy
"Senator [PERSON] , I'm pleased you could make it .",joy
"Seriously , she is a woman who loves our great state .",joy
Sex is good for you .,joy
Shangri - la on dope .,joy
She danced like an angel .,joy
She gave me a very beautiful scarf .,joy
She has a lovely time .,joy
She has great elegance .,joy
She has such a beautiful mouth too .,joy
She loved racing .,joy
She loves us very much .,joy
She must've struck something .,joy
She passed her genes down to you in all the right places .,joy
She said she thought it was very thoughtful of me .,joy
She seems nice .,joy
She seems to be feeling a lot better .,joy
She sure makes this old saloon smell nice !,joy
She truly is special .,joy
She was so excited to see her mother .,joy
"She was the beautiful [PERSON] , you know .",joy
"She went straight to the local sheriff , who , fortunately , happened to be a particularly good friend of ours .",joy
She'd come to [LOCATION] to look for her child . I helped her as far as I could .,joy
She's a beautiful tough cookie .,joy
"She's a pretty little thing , isn't she ?",joy
"She's a wonderful wife to me , too .",joy
She's alright . She's better than before .,joy
She's an awful sweet little thing .,joy
She's fantastic .,joy
She's got a great body .,joy
"She's got many men in her life , and they take her to lots of different clubs .",joy
She's turnin' around !,joy|surprise
She's very attractive .,joy
"Shelleen , it was a great plan !",joy
Siegfried dealt the king a mortal blow .,joy|surprise
Silver snow falling on the ship .,joy
"Sing something , [PERSON] . Wonderful idea !",joy
"Sir , I was the best swimmer in my course .",joy
"Sit down and relax , and ... be brilliant .",joy
"Six months or so ago , I fell in love with one of them .",joy
Six straight wins and a whole new rash of penalty minutes .,joy
"So after 129 , hours of being buried alive , at last , freedom seems in sight .",joy
"So anyway , I wan na tell everybody that the flight over was really nice .",joy
"So [PERSON] , make me the drink you made the night [PERSON] was shot .",joy
"So far so good , senor .",joy
"So maybe if I screw you and take you to the opera , then I can be happy . Hey !",joy|surprise
So much fun and imagination .,joy
So no more crimes .,joy
So that at least narrows down where they are right now .,joy
"So warm , so smooth .",joy
So we might as well have a good time .,joy
So welcome to Elysian Fields .,joy
"So , are you on holiday or ... ?",joy|surprise
"So , I guess I was the lucky one .",joy
"So , we have bought a little time to locate [PERSON] .",joy
Somebody must be in good humour .,joy
Something funny happened this morning at the store .,joy
Something that no one's ever done for him before .,joy|sadness
Something ya got for Christmas ?,joy
Sometimes cheap perfume can be very exciting .,joy
Sometimes I think there's almost a chance for us .,joy
Soothing .,joy
Sounds good .,joy
Sounds great . I don't think she's taking us that seriously .,joy
[PERSON] looked cute .,joy
"Spent time making that , you know .",joy
"Spirits soared , women swooned , and gods were created , gentlemen .",joy
"Splendid , thank you , sir .",joy
Splendid .,joy
"[PERSON] , you want a laugh ?",joy
Such a beautiful bride .,joy
Such a truck would be good for picking up girls in [LOCATION] .,joy
"Sure , but that's good , too .",joy
"Sure , everybody would prosper .",joy
"Sure , you're fine , you've got plenty .",joy
Sure !,joy
Surprise !,joy
Sweet !,joy
Sweetest little guy .,joy
"Sweetie , you get the pleasure .",joy
Swell !,joy
Take care !,joy
Taste for fine things .,joy
"Ted , thanks .",joy
Tell the cobbler I am delighted to have it .,joy
Ten million's even better .,joy
"Terrific , great , incredible",joy
Terrific !,joy
Terrific .,joy
Thank God you answered .,joy
Thank God .,joy|surprise
Thank goodness you're all right .,joy|surprise
Thank goodness .,joy
Thank [PERSON] for the nice dinner .,joy
Thank you for a lovely evening .,joy
Thank you for all your help tonight .,joy
"Thank you , Admiral [PERSON] .",joy
"Thank you , Father .",joy
"Thank you , High Priest !",joy
"Thank you , Lord !",joy
"Thank you , Mr. [PERSON] .",joy
Thank you . - You're welcome .,joy
Thank you . Good night .,joy
Thank you . Good - bye .,joy
Thank you . I am still curious,joy|surprise
Thanks a lot .,joy
"Thanks , Dad .",joy
"Thanks , little mate .",joy
"Thanks , Rock .",joy
Thanks . - Thank you . - Both of you .,joy
That does sound nice .,joy
That don't stop me from taking a saintly pleasure when I get a chance .,joy
That I'm going to be okay .,joy
That is a beautiful thing .,joy
That is correct .,joy
That is darling .,joy
That is my greatest and most enduring love .,joy
That is some wonderful horse . - Congratulations .,joy
"That may be , but my wife , she's a very good one .",joy
That might be enough to win this race .,joy
That Miss [PERSON] is about the prettiest girl I ever did see .,joy
That must be good .,joy
That must have been very nice .,joy
That night I got a grip on life again .,joy
That night was the happiest night I ever had .,joy
"That night , we went dancing .",joy
That soda shop was something .,joy
"That sounds swell , [PERSON] .",joy
That very one .,joy
That was a good one .,joy
That was a nice tribute to the guys .,joy
That was fun .,joy
That was good .,joy
That was incredible .,joy
That was lovely .,joy
"That was magical , that [PERSON] stuff .",joy
"That was pretty fancy wrestling , kid .",joy
That was the happiest night he ever had .,joy
That was the hope .,joy
That was wonderful .,joy
That would be just great .,joy
That would only make him less unhappy .,joy
That'll be a good start .,joy
That'll be nice .,joy
That's a beautiful dress .,joy
That's a cute puppy .,joy
That's a good name .,joy
That's a good touch . Have the kid leave .,joy
That's a nice guitar .,joy
That's a nice outfit .,joy
That's a nice souvenir to have .,joy
That's a real nice sound to wake up to .,joy
That's a real woman .,joy
That's a sign you must be pretty happy .,joy
That's better .,joy|surprise
That's cool !,joy|surprise
That's cool .,joy
That's darn cordial of you .,joy|surprise
"That's fabulous , really .",joy|surprise
That's fascinating .,joy
That's good . Seven' fines  ' since we left the match .,joy
"That's great , eh ?",joy
That's how friends roll .,joy
That's it .,joy
That's just what we want him to think .,joy
That's just wonderful !,joy
That's lovely .,joy
That's more like it !,joy
That's more like it .,joy
That's much better .,joy
That's nice .,joy
That's not competitive . That's ambition and talent .,joy|surprise
That's our favourite song .,joy
That's perfect .,joy
That's perfectly all right .,joy
That's pretty flip .,joy
"That's pretty sweet , right ?",joy
That's real fine .,joy
"That's right , home girl ,",joy
That's right .,joy
That's sweet .,joy
"That's the character ! That's the quality I've been looking for ! Now , what you're doing .",joy|surprise
"That's the fairest drink of whiskey you'll ever throw lip over , boy .",joy
That's the kind of stuff I like .,joy
"That's [PERSON]'s , he values that . He won it ! Good !",joy|surprise
That's very funny .,joy
That's very good .,joy
That's very gracious of you .,joy|surprise
"That's very inspirational , [PERSON] .",joy
That's very interesting .,joy
That's very nice .,joy
"That's very rewarding , believe me .",joy
That's very sporting of you .,joy
That's very sweet of you .,joy
That's what makes it so good afterwards .,joy
That's why audiences love me .,joy
That's why I do things ... to feel good .,joy
That's why it's a good idea to get boys out of the crowded cities for a couple of months of the year .,joy
"That's why you have to have faith . If it made sense , it wouldn't have to be a religion , would it ?",joy
"That's wonderful , darling .",joy
That's wonderful !,joy|surprise
That's wonderful .,joy
"The agricultural use is one of the exceptions , fortunately .",joy
The Ambassador too would be delighted .,joy
"The belle from hell Versus the dove from above In a one - soul , anything goes match - up , [PERSON] .",joy
The best in town !,joy
"The boy has loads of charm , Father .",joy
The bride on whom the rain doth fall .,joy
The cobbler who fixed my shoes so beautifully yesterday .,joy
The day is warm and bright,joy
The fashions this spring are very becoming to her .,joy
The fellas are celebrating .,joy
The fire went out !,joy
The first little league in [LOCATION] with a dome .,joy
The good news is Kid here has agreed to sponsor you as a Prospect .,joy|surprise
The good people of [LOCATION] !,joy
The hair looks good .,joy
"The hearth lighted in the room to summer way , [PERSON] ?",joy
The land down under ? That's a fabulous idea !,joy|surprise
The last mass trials were a great success .,joy
The little people identify with you .,joy
The loveliest lady I've ever seen .,joy
The man you love more than anyone is inside the church waiting for you .,joy
"The more you find out about us [PERSON] , the more impressive we become .",joy
"The most beautiful poetry can be about simple things like a cat , or a flower , or rain .",joy
"The most beautiful TV personality , Miss [PERSON] !",joy
The officers of the [PERSON] in happy celebration .,joy
The performance was superb .,joy
The pheasant in this part of the country is extraordinary .,joy
"The point is , the miracle has happened and a great career is yours for the asking .",joy
The pretty one on the right . I think she likes you .,joy
The purpose of my journey is to pacify the people,joy
"The sea is nice , take my advice",joy
The Sheriff's charming .,joy
"The stars are secure in the firmament and the rent's paid , so all's right with the world .",joy
"The sun's still high , you can try it again .",joy
The things that are done by love !,joy|surprise
The tour was very interesting .,joy
The town is perfectly all right .,joy
The Voice played a role in [LOCATION] [LOCATION]'s journalism that was unequaled .,joy
The water's great !,joy
The whole point is just to enjoy yourself .,joy
The woman is safe . I've contacted the Canadian authorities . They'll be here any minute .,joy
Then I danced in tuscaloosa and the Mayor said the nicest things about me .,joy
Then you thought up this idea .,joy
There is nothing like a good cigar .,joy
There isn't a cloud in sight .,joy
There never was any love lost between us .,joy
There they are !,joy
There were bodies that were involved with some of these crashes .,joy
"There ! Come on , everybody . Get some more stuff !",joy
There . Now it's perfect .,joy
"There's a lot of charming people hereabouts , [PERSON] .",joy
There's a lovely fire in the living room .,joy
There's a nice picture of you on the front page that I'm gonna add to my collection .,joy
There's a real cab up there .,joy
There's coffee on the stove .,joy
There's hope that we'll both survive .,joy
There's no happiness like it .,joy
There's no hard feelings between us .,joy
"There's no place out there for graft or greed or lies , or compromise with human liberties .",joy
"There's something , and if I'm right , I think I've solved a murder .",joy
There's the finest deerskin jacket I've ever seen .,joy
These are all my presents !,joy
These are my favourite toys . Who am I kidding ? They're my only toys .,joy
These things just are not made for long rides . Nice set of wheels .,joy
They ain't bad for waffles .,joy
"They always behave so nice , [PERSON] .",joy
They are all happy all the time .,joy
They are so beautiful .,joy
They are so dear both !,joy
They ended up having a pretty good thing .,joy
They gave me a piece of candy in the store .,joy
They had to bring in the coke in wheelbarrows .,joy
They know everything now . I've explained everything to them .,joy
"They liked each other immediately and got married ,",joy
They must have wonderful materials to make a thing like this .,joy
"They say some of us can turn as late as nine or ten , but I'm past that now so ...",joy|sadness
They send me home a hero and I say wonderful things about them back in the [LOCATION] .,joy
They send you champagne .,joy
They were beautiful once .,joy
They were wonderful .,joy
They're all friends of mine .,joy
"They're harmless , friendly , and , by all reports , extremely intelligent and sophisticated .",joy
They're having a nice little game up there with that telephone .,joy
They're lovely .,joy
They're nice .,joy
They're okay .,joy
They're so nice to have .,joy
They're very nice .,joy
They've done pretty well by you .,joy
Things usually change for the better .,joy
Things were going wonderfully well .,joy
This here's the favourite thing that I have on this earth .,joy
This is a wonderful thing .,joy
This is adorable .,joy
This is beautiful .,joy
"This is better , it's made out of real cotton .",joy
This is cool .,joy
This is from all of us .,joy
"This is good whiskey , we got it on a raid .",joy
This is good .,joy
This is great !,joy
This is great .,joy
This is like the best thing I've ever eaten in my entire life . - It makes it yummy .,joy|surprise
This is more like it .,joy
"This is my last night , so I would love to sing a song for you that is very close to my heart .",joy
This is nice .,joy
"This is our honeymoon night , and that's all I care to think about .",joy
This is our song .,joy
This is paradise .,joy
This is real nice .,joy
"This is really cool right here , huh ?",joy
This is really fun .,joy
This is so great .,joy
This is the miracle I wanted .,joy
This is too beautiful to wear .,joy|surprise
"This is very big , you talk only to me .",joy|surprise
"This is very kind of you , Mr. [PERSON] .",joy
This is where it all started for me .,joy
This is your evening .,joy
This is your friendliest enemy reminding you to take it easy and never volunteer for anything .,joy
This looks good .,joy
This makes !,joy
This sure is a happy day to me .,joy
This was the genius of the stroke :,joy
"This will make a fine heroic poem , you know .",joy
This young fella is in a hurry because he's got the prettiest wife you ever saw waiting ' .,joy
"This , you would buy at a store and take it to a party if you wanted to get big laughs .",joy
Those are damn fine men .,joy
"Those girls ! Wild drivers , sports cars !",joy|surprise
Time could not mar the perfect symmetry of those walls .,joy
Time flies when you're having fun .,joy
"Times have changed , haven't they ?",joy|sadness
To the loveliest story I ever heard .,joy
Today's my birthday .,joy
"[PERSON] , you look very handsome in a tuxedo .",joy
Tonya !,joy|surprise
[PERSON]'s going to help with my chemistry .,joy
Twenty minutes in rush hour isn't slight . Not when you're mayor of a major city !,joy
"Two good and happy years , for me at any rate . The night he fell to [LOCATION] ,",joy
"Two years ago , you asked my father my hand .",joy
Used to go out on double dates together .,joy
"Usually , I just reach out my hand , and obstacles disappear .",joy|surprise
Very funny .,joy
"Very funny . Oi , oh , officer .",joy
Very good !,joy
"Very nice of him , though .",joy|surprise
"Very nice show , [PERSON] .",joy
"Very nice , [PERSON] .",joy
"Very nice , very nice .",joy
Victory over the devil . A great day for mankind .,joy
Viktor is a wonderful person .,joy
"Violin , soccer , track , friends , uh ... memories with my brother and sister playing .",joy
Wait for me !,joy|surprise
"[PERSON] , you're wonderful !",joy
Wasn't [PERSON] the sweetest man you ever met ?,joy
Wasn't that wonderful ?,joy
We actually did recoveries of crashed saucers .,joy
We always had a good time .,joy
We are happy to be here .,joy
We are happy to take this opportunity ...,joy
We are happy !,joy
We are so proud of you . Do you get a discount ?,joy
We are winning ' the friggin' game !,joy
We belong here .,joy
"We bought a farmhouse , near [LOCATION] .",joy
We brought enough beef for [LOCATION]'s people to get by .,joy
We came outside giddy and reeling .,joy
We came to love him .,joy
We can relax now .,joy
"We exceeded them by , feet .",joy
We got a good thing goin' here .,joy
We got everything we need . - Okay . Great .,joy
We got him !,joy
We had a good time .,joy
We had the kind of relationship where we laughed and laughed and laughed all the time .,joy
We have a lot of good connections in [LOCATION] .,joy
We have a winner !,joy
We have a wonderful electric sign :,joy
"We have one more outstanding piece of business , the Supreme Court nominee .",joy
We have shown the two such a joy !,joy
"We headed south , and excitement ran high .",joy
We just having a little fun .,joy
We just hit the jackpot .,joy
We like it .,joy
We love you .,joy
We missed ya !,joy
We ought to take advantage of every moment .,joy
We rumbled . - l mean we rumbled with anybody .,joy
We should celebrate this with a bottle of wine .,joy
We talked and joked and played chamber music .,joy
We throw our thumbs in the air and hitchhike .,joy
We were friends from high school and we just sort of hooked up again .,joy
We were just telling some old war stories .,joy
"We won three games in a row , [PERSON] .",joy
"We won , [PERSON] .",joy
We won .,joy
We'll give old gramps a big surprise .,joy
"We'll just go and have a great time anyway , huh ?",joy
We'll work beautifully together .,joy
We're all old friends .,joy
We're celebrating .,joy
We're fortunate to have found out these things now .,joy
We're free .,joy
We're looking good here .,joy
"We're lucky not to be home during the bad weather , aren't we ?",joy
We're on a roll .,joy
We're on holiday .,joy
We're on vacation .,joy
We're rich !,joy
We're safe from all kinds of birdies .,joy
We're unbeatable .,joy
We've been doin' real good .,joy
"We've been kicking ass for 200 , years !",joy
We've been very happy here .,joy
We've come to wish you gladness .,joy
We've come to wish you joy .,joy
We've got two gold tickets !,joy
"We've had wonderful times , we three .",joy
We've heard such wonderful things about you .,joy
We've just won the White House .,joy
"Weather conditions have improved tremendously over the mainland , so you won't have any trouble seeing the target .",joy
"Welcome to [LOCATION] , ma'am .",joy
Welcome ! Welcome !,joy
"Well done , young man !",joy
Well done !,joy
Well done .,joy
"Well , ain't that good ?",joy
"Well , good to see you boys made it through the war all right .",joy
"Well , I know a few of the guys .",joy|surprise
"Well , I love a drink .",joy
"Well , I mean ... when you admire a man , you just go all out .",joy
"Well , I'm feeling great .",joy
"Well , I'm happy , anyway .",joy
"Well , I'm pleased to have seen you again , Mr. [PERSON] .",joy
"Well , if there's one thing I know , it's how to wear the proper clothes .",joy
"Well , it was nice , wasn't it ?",joy
"Well , it's a nice morning , gentlemen .",joy
"Well , [PERSON] seems divinely happy .",joy
"Well , just 'cause I'm hungry . - I'm gonna get something to eat .",joy
"Well , let's look on the bright side .",joy
"Well , not so dangerous .",joy
"Well , now , there's a lovable chap .",joy
"Well , she did sort of embrace it once she did .",joy
"Well , that's as good a way to go through life as any other , isn't it ?",joy
"Well , that's easy .",joy
"Well , that's good to hear .",joy
"Well , that's it for another day .",joy
"Well , that's pretty sweet .",joy
"Well , that's right , ma'am .",joy
"Well , that's very thoughtful of you .",joy
"Well , then I shall value it all the more .",joy
"Well , then , our timing's perfect .",joy
"Well , this is more like it .",joy
"Well , this looks like a cool color .",joy|surprise
"Well , we've been very happy here .",joy
"Well , when all this started , I don't think I imagined myself standing here with you tonight .",joy|surprise
"Well , you can always take long walks in the sunshine .",joy
"Well , you're going to prison .",joy
"Well , young man , you seem to be enjoying yourself .",joy
What a character .,joy
What a divine place .,joy
What a glorious day it was .,joy
What a good idea .,joy
What a great dress .,joy
What a lively sense of humour .,joy
What a pleasure .,joy
What a welcome !,joy|surprise
What about the big band I got to play ? Do you remember that ?,joy
What beautiful roses .,joy
What if we had dinner ?,joy
What should we name her ?,joy
"When a man gives a gift from the goodness of his heart like you gave me that butt , I remember it from the heart .",joy
"When he was a small boy , he charmed us all with his piano playing .",joy
"When I came back from the war , I had a son .",joy|surprise
Where are you going ? - I have a date .,joy
Where do you get those wonderful toys ?,joy
"Which is fine , because you really never could have had me anyway .",joy
Whiskey .,joy
Why don't you go play with your friends ?,joy
"Why , that's right !",joy
"Why , this was given to me by a very dear friend .",joy
"Why , we's the two most friendly vibrations you ever seen .",joy
Wiggle your ear . Wiggle your toes . Come on .,joy
"With a little money , you can get almost anything .",joy
With lunch !,joy
With ryan gosling . - This guy is here . - Yeah .,joy
Won it in a stud game .,joy
Wonderful chef .,joy
"Wonderful , my dear fellow .",joy
Wonderful !,joy
Woo ! Hey .,joy
Word for word one of the best lies I've ever told .,joy
Would you like a cup of coffee ?,joy
Wouldn't you enjoy that ?,joy
Wow !,joy|surprise
Wow ! That's perfect .,joy|surprise
"Yeah , a beer , please .",joy
"Yeah , absolutely .",joy
"Yeah , and the husbands are happy .",joy
"Yeah , everything's great .",joy
"Yeah , he does a lot of that .",joy
"Yeah , he's alive and well and living in [LOCATION] .",joy
"Yeah , I dreamt about trains .",joy
"Yeah , it's nice .",joy
"Yeah , perfect !",joy
"Yeah , she seemed to have a pretty good time .",joy
"Yeah , she's wonderful .",joy
"Yeah , that would be good .",joy
"Yeah , that's it .",joy
"Yeah , that's right , [PERSON] .",joy|surprise
"Yeah , this is really beautiful .",joy
"Yeah , we're just like clockwork .",joy
"Yeah , yeah , I'd like to rent a car Saturday . Yeah .",joy
"Yeah , you might say that .",joy|surprise
Yeah !,joy|surprise
"Yes , but he's in his office ... [PERSON] , can you believe this ? They just faxed me the chewgood numbers .",joy
"Yes , everybody . Very good .",joy
"Yes , he loves you .",joy
"Yes , I think I do .",joy
"Yes , it is romantic .",joy
"Yes , it was wonderful .",joy
"Yes , Rock .",joy
"Yes , sir , that is some good joke .",joy
"Yes , smaller than the smallest , I meant something too .",joy
Yes !,joy
Yet somehow I felt within myself a new source of power .,joy
"Yo , yo , yo !",joy
You act mighty happy this morning .,joy
You and I have had a wonderful time .,joy
You and [PERSON] make two nice goddesses .,joy
You are all welcome to drink the bar dry .,joy
You are brilliant this morning !,joy
You are far prettier than I ever imagined .,joy
You are so good .,joy
You are the most incredible creature I've ever met .,joy
You bet !,joy
You can get brave any time you feel like it .,joy
You can ride with me in comfort .,joy
You can see that they are jealous .,joy
You certainly picked a wonderful spot .,joy
You couldn't have timed it better .,joy
"You darling , [PERSON] !",joy
You did . - Come on .,joy
"You do , you look amazing , isabel .",joy
You don't know how much satisfaction it's been to me .,joy
You don't realise what a plum you are for us .,joy
You done it .,joy
You done real fine .,joy
"You feel better , [PERSON] ?",joy
You folks have a nice trip .,joy
You found her .,joy|surprise
"You get your belly full of food , and you're a lover .",joy
You go out on some boiling ' hot day ... and pick your own lettuce and tomatoes and beans and onions .,joy
"You got on rather well with him , didn't you ?",joy
"You got our package back , man .",joy|surprise
"You guys are so sweet , you know that ?",joy
"You had a shot in Public Domain where you looked at the camera , into me and I loved you .",joy
"You have a very nice little boy , madame .",joy
You have the most beautiful place here .,joy
You have to see me !,joy
"You haven't wasted your time , [PERSON] .",joy
"You just enjoy your wine . I know , you've told me .",joy
You kissed him on the mouth ? - It was nice .,joy
You know the table is good .,joy
"You know , holding that baby in your arms for the first time ... it changes your life .",joy
"You know , I never did mind being around you , [PERSON] .",joy
"You know , I never saw this episode .",joy|surprise
You like our wide open spaces .,joy
You look fabulous .,joy
"You look good enough to eat , and prosperous .",joy
You look good !,joy
You look like somebody who can take care of herself .,joy
"You look lovely , lovely .",joy
You look lovely .,joy
You look real nice in that ribbon .,joy
You look really good .,joy
You look so cool !,joy
You look so pretty .,joy
You look terrific .,joy
You look very beautiful .,joy
"You love me , don't you ?",joy
You make me laugh .,joy
You make me very happy .,joy
You must have had a happy childhood .,joy
You must have had some wonderful experiences in [LOCATION] .,joy
You ought to see him dance .,joy
You ought to take a few days off and go down to [LOCATION] .,joy
"You oughtta try it , it might clear your head .",joy
"You said you loved me , I always love me .",joy
You saved those men's lives .,joy
You see how much we accomplish when you appear ?,joy
You see what a good wife she is ?,joy
"You see , [PERSON] , there are certain advantages to being on the sick list .",joy
"You see , my new , beautiful wife is violently jealous .",joy
"You should have a kid , [PERSON] .",joy
You sober right now ? Uh-huh . Eight months .,joy|surprise
You still have your health .,joy
You sure are pretty .,joy
You then can have agriculture and manufacturing locally that has very little cost to it .,joy
You think I'm beautiful ?,joy
You think of yourself and the one you're in love with .,joy
You too !,joy
You were very good in Public Domain .,joy
You wouldn't want me to go in with a blunt scalpel .,joy
You'll be glad to hear that the lift was working this morning .,joy
You'll have them for a while . Great .,joy
You'll see what man's carved out for himself after centuries of fighting for something better than jungle law .,joy
You'll stay on a nice boat .,joy
You're a fine shot .,joy
You're a pal .,joy
You're a star .,joy
You're absolutely wonderful .,joy
You're alive !,joy
You're attractive enough to be anything .,joy
You're becoming more beautiful every day .,joy
You're beginning to realize maybe the public knows more about public relations than you do .,joy
You're better .,joy
You're comfortable .,joy
"You're doing fine , all right .",joy
You're doing great .,joy
"You're doing just fine , honey .",joy
You're drinking the good stuff .,joy
You're free . You're free from doubt . Free from having to make painful choices .,joy
You're fun drunk .,joy
You're funny .,joy
You're getting the deluxe treatment .,joy
You're going to love International Cafe Society .,joy
You're lovely .,joy
"You're more than welcome to bring her , or him , along .",joy
You're not all together bad - lookin' .,joy
You're positively an incredible human being .,joy
You're pretty enough to do other things .,joy
You're so beautiful .,joy
You're telling me you are married ? Yeah !,joy|surprise
You're the first good thing that's happened to us .,joy
You're the most beautiful person I ever met .,joy
"You're the prettiest woman in the room , sweetheart .",joy
"You're very much in love with [PERSON] , aren't you ?",joy
You're young and strangely sweet .,joy
You've all won first prize .,joy
You've fallen in love with him ? Did you kiss him ? On the mouth ?,joy|surprise
You've got great timing .,joy
You've got that right .,joy
"You've got the part , [PERSON] .",joy|surprise
"You've had good news for the last 12 , years .",joy
"Your daughter's getting prettier every day , [PERSON] .",joy
"Your day is done , old boy .",joy
Your dinner smells good .,joy
Your hair looks nice today .,joy
"Your Majesty , being inside of your confidence ... is the greatest joy I've ever known .",joy
Your mama was fine .,joy
"Your wife was a wonderful woman , Mr. [PERSON] .",joy
Zardoz is pleased .,joy
How far does a girl have to go before you'll notice her ?,sadness
How is that any different ?,sadness|surprise
How sad .,sadness
How tragic .,sadness
How very unpleasant .,sadness
Hundreds and thousands of them died .,sadness
I admit nothing .,sadness|surprise
I ain't got any money .,sadness
I ain't got no dad ! And I ain't got no mum !,sadness
I always said I'd leave off when the time came .,sadness
I always think that he was once somebody's baby boy .,sadness
I am afraid to have said some things to [PERSON] what she will not forgive so early .,sadness
"I am away , sick .",sadness
I am defeated .,sadness
"I am dying , and The Nautilus is dying with me .",sadness
I am exhausted .,sadness
I am not powerful enough,sadness
I am not your horse .,sadness|surprise
I am sorry .,sadness
I am still jacked up . You wan na talk about a rush ?,sadness
I am the lie .,sadness
I am the slave sent to the [PERSON] [PERSON] .,sadness
I apologise for his appointment .,sadness
I asked you to dance three times and you didn't wan na .,sadness
I barely know her . I found her like this and I brought her here .,sadness
I bear them no malice . I'm sorry for them .,sadness
I behaved abominably .,sadness
I bet you're starving to death .,sadness
I blame me . I'm the one who got her killed .,sadness
I broke my glasses .,sadness
I broke my heel on my shoe .,sadness
I can not understand .,sadness
I can say no more .,sadness
I can see I made a mistake .,sadness
I can still smell her aroma .,sadness
I can't afford the wheels .,sadness
I can't believe I threw up in front of [PERSON] .,sadness
I can't dance tonight .,sadness
I can't do any more after that .,sadness|surprise
I can't do this anymore .,sadness
I can't find the right words .,sadness
"I can't handle basic training again , man .",sadness
I can't help myself .,sadness
I can't hold the wheel .,sadness
I can't keep him . He's getting farther away .,sadness
I can't sleep .,sadness
I can't stand it anymore .,sadness
I can't stand to see him hurt .,sadness
I can't start the car .,sadness|surprise
I can't take any more of it .,sadness
I can't understand half of them and I used to be a lawyer .,sadness
"I can't , and God knows the department can't .",sadness
I can not begin to tell you how sorry I am ... That any of this has taken place .,sadness
I caught a cold on the plane .,sadness
I concluded that this was not an objective study .,sadness|surprise
I could burn in hell for the lies I told about you .,sadness
I could never do anything like that .,sadness
I couldn't do anything .,sadness
"I couldn't get the cook on such short notice , so we're on our own .",sadness
I couldn't make the rent . I was too ashamed to go home .,sadness
I couldn't sleep .,sadness
I decline to answer your question . I decline to answer your question .,sadness|surprise
I did not want to miss that .,sadness
I didn't even have time to wash my hair today .,sadness
I didn't get a chance to tell him .,sadness
I didn't know anything about this .,sadness|surprise
I didn't know ... that she was in trouble .,sadness
I didn't like it .,sadness
I didn't mean anything bad .,sadness
I didn't mean it that way .,sadness
I didn't mean to hurt you .,sadness
I didn't mean to ruin your evening .,sadness
I didn't mean to scare you .,sadness|surprise
I didn't say you could move .,sadness|surprise
I didn't see him again for five years .,sadness
I didn't tell him .,sadness
I didn't want him to find me .,sadness
I didn't want to hear about the war .,sadness
I didn't want you to be hungry .,sadness
I died far away from my home,sadness
"I dig and dig , and the hole gets no bigger .",sadness
I disagree .,sadness|surprise
"I do better with women , and they don't eat cigars ...",sadness
I don't believe you .,sadness|surprise
I don't chase the nines .,sadness|surprise
I don't dance well .,sadness
I don't feel like sitting down .,sadness
I don't feel so good .,sadness
I don't feel so wonderful .,sadness
I don't have casual affairs .,sadness|surprise
I don't have time .,sadness
I don't know how to do anything else .,sadness
I don't know if I can afford it .,sadness
I don't know what I'm going to do .,sadness
I don't know . I don't know .,sadness|surprise
I don't like my boys getting hurt permanently .,sadness
I don't like to .,sadness
I don't need you falling apart on me .,sadness
"I don't say that with any kind of blame or accusation , but that is when it started .",sadness
I don't see myself in one of those bullshit nine - to - five jobs .,sadness
I don't think anything we can do would be of the slightest use .,sadness
I don't think even that would do it .,sadness
I don't think everybody goes through life thinking about child sex trafficking in the [LOCATION] .,sadness
"I don't think I should join your campaign , you know .",sadness
I don't think I'll be able to join you fellows after all .,sadness
"I don't think [LOCATION]'s ever coming back , [PERSON] .",sadness
I don't think we can get it done by Monday .,sadness
I don't think we have anything for you .,sadness|surprise
I don't trust him .,sadness|surprise
I don't wan na go back .,sadness
I don't wan na go like this .,sadness
"I don't wan na kill you , Bell .",sadness
I don't wan na see you split up .,sadness
I don't wan na stay here without you .,sadness
I don't want any locked doors between me and him .,sadness
I don't want to argue .,sadness
I don't want to discourage --,sadness
I don't want to fight .,sadness
I don't want to go to [LOCATION] .,sadness
I don't want to harm you .,sadness
I don't want to put you to any trouble .,sadness
I don't want to raise him by myself .,sadness|surprise
"I don't want to sound like a Debbie the [PERSON] , but no matter how many times you come up against the Communications Decency Act it's always gonna shut you down .",sadness
I doubt a court of inquiry will accept that .,sadness|surprise
I failed you .,sadness
I feel As a tear .,sadness
"I feel I should be doing something , but I don't know what .",sadness
I feel like such a fool .,sadness
I feel not much better now .,sadness
"I feel rather sorry for him , don't you ?",sadness
I feel so bad for [PERSON] .,sadness
I feel sorry .,sadness
I feel useless because I was born without it .,sadness
I fell over my feet most of the time .,sadness
I felt guilty about always being away from you and Papa .,sadness
I forget a lot of things and I. . .,sadness
I fucked up .,sadness
I gave [PERSON] ... Enough pain .,sadness
"I get pissed off , my wife gets embarrassed , the kids are confused .",sadness
I get so bored I could scream .,sadness
I get to live in a place ... it's OK . Don't get me wrong . The air is clean .,sadness
I get to never see my parents again or my loved ones .,sadness
"I get two bucks an hour , plus ten per cent of that goes to a bail fund .",sadness
"I got a wife and a family I'm not with , [PERSON] ,",sadness
I got too messed up ' bro .,sadness
I got what you gave me but I can't follow the instructions .,sadness
I guarantee you that these dreams or nightmares or whatever the hell they are will never bother you again .,sadness
"I guess everybody had given up hope , including the doctors .",sadness
I guess I can't blame you .,sadness
"I guess I don't take criticism very well . But I mean , I've had one day of work on this and two conversations about what's missing in my performance .",sadness
I guess I'm afraid you'll find me out .,sadness
I guess I'm just exhausted .,sadness
I guess one gets the face one deserves .,sadness
I guess she doesn't have nowhere else to go .,sadness
I guess she's gone for good .,sadness
I guess this is my last season .,sadness
I guess this must seem pretty pathetic to a guy like you .,sadness
I guess we're all trying to prove something to ourselves .,sadness
I had no right to put you through all that .,sadness
I had to sweat blood to get that .,sadness
I hadn't heard . I'm sorry .,sadness|surprise
I hadn't the heart to warn her .,sadness
I hate my life .,sadness
I hate myself for not using cutaways .,sadness
I hated to do anything that might get you into trouble .,sadness
"I have all this money , and no dress .",sadness
I have but one life ... and that life is all too short for me to fulfill that destiny .,sadness
I have no close folks .,sadness
I have no idea what to do .,sadness
I have to kill people to live .,sadness
I have to live every single day of my life now with everything that's happened to me .,sadness
I have to spend half my life waiting for these time clocks to open .,sadness
I have to work .,sadness
I have too many scars .,sadness
I have worked and struggled to make myself an American .,sadness
"I haven't any friends , [PERSON] .",sadness
I haven't had a job in four months .,sadness
I haven't the data yet .,sadness
I hit him too hard .,sadness
I hope I never get old and have to be in a wheelchair and have to depend on the ushers to help me out of church .,sadness
I hope I never wake up .,sadness
I hope it doesn't end here .,sadness
I just can't believe [PERSON]'s dead .,sadness|surprise
I just don't wan na hurt her feelings .,sadness
I just don't want to see anybody hurt .,sadness
I just hate to see a good man go to waste .,sadness
I just keep thinking that he needed me and I wasn't there .,sadness
I just meant he didn't care for me .,sadness
I just needed a break .,sadness
I just think you're not gonna be able to go back to what you were .,sadness
I just wan na feel better .,sadness
I just want to be alone .,sadness
I just went to the store for the cookies .,sadness
I kept my mouth shut because I didn't want them to get in trouble .,sadness
I killed her .,sadness
I knew there'd be a catch to this .,sadness|surprise
I know about abnormal behaviour .,sadness
I know all the other teams laugh at me .,sadness
I know how that must feel .,sadness
"I know how you feel , but don't ask me to do anything that'll break my heart .",sadness
I know I don't have to do it but I want to .,sadness
I know I'm being disrespectful to this honourable body ...,sadness
I know it's a terrible time .,sadness
"I know that you need help , I know that I'm in no position to give it to you , - so , as your friend ...",sadness
I know you think I'm crazy .,sadness
"I know , [PERSON] , but ...",sadness|surprise
I know . I miss him too .,sadness
I left my home simply because I had to leave .,sadness
"I live in one room for 8 , years and I'm tired of it .",sadness
I looked everywhere for my wife but couldn't find her .,sadness
"I lost my head for a moment , but I couldn't help it .",sadness
I lost my place .,sadness
"I loved him , but you know ...",sadness
I mean that all my life I've been nothing .,sadness
"I mean , about my having this floor to go on with my babbling .",sadness
"I mean , it wasn't a bad little table .",sadness
I might not get you back this time .,sadness
I miss the time when I had you to myself every day .,sadness
I miss you too .,sadness
I mistakenly trusted these demons and slaughtered righteous officials To atone for my sins,sadness
I must be going senile .,sadness
"I must come clean , though . I I had a man in my bed last night .",sadness
I must go .,sadness
I must have worn out your machine .,sadness
I must not get too close to women,sadness
I never had the chance to apologize to her .,sadness
I never see anything happen .,sadness
I never thought I'd find myself in that crowd .,sadness
"I never thought I'd see the day . Will you move over June , I can't see my knockout of a granddaughter ?",sadness
I never wrote it .,sadness|surprise
"I once went without food for 147 , days .",sadness
I only saw her when the family rented a farm in the summer .,sadness
I ought never to have married [PERSON] .,sadness
"I promised myself when I get out of jail , I'm gonna find a Vago .",sadness
I promised your father I'd take care of you .,sadness
I read it in a report this morning and ...,sadness
"I really am nice , but you act like a fool around me .",sadness
I really belong in jail .,sadness
I really liked him . I did .,sadness
I really missed you .,sadness
I remember very little of my childhood .,sadness
I said Because your husband is dead .,sadness
I said to mama I don't feel good .,sadness
I saw an ad for a young lady that looked like she could have been or at least once a week .,sadness
I saw her just once more after that wedding night .,sadness
"I saw it coming , but what could I do ?",sadness
I saw the little girl was hurt .,sadness
"I screamed , but no one listened .",sadness
I see 'em walking around the streets depressed all the time .,sadness
I seem to be spoiling everybody's brandy and cigars ... and dreams of victory .,sadness
I shall always think about it .,sadness
I shall miss you too .,sadness
I should stay where I belong .,sadness
I shoulda listened to you .,sadness
"I shouldn't have hit [PERSON] , shouldn't have picked up the telephone ...",sadness
I spent most of my life in institutions .,sadness
I still haven't recovered No energy to jump,sadness
I suppose he just can't get over his wife's death .,sadness
I suppose that she forgot or he did not think that it might die .,sadness
I think an apology ...,sadness
I think I care too much .,sadness
I think I hurt him .,sadness
I think I'll take a nice dose of sleeping pills tonight .,sadness
I think some were stolen .,sadness
"I think that I'm pretty enough , but I would not want to be that kind of star .",sadness|surprise
"I think that people would stop looking at each other with a certain level of hostility , like , we do now .",sadness
"I think the least people could do is to say they're sorry , or ... something .",sadness
I thought I could make a difference .,sadness
"I thought I liked to party , but these guys ...",sadness|surprise
I thought I was doing smart business .,sadness|surprise
I thought I was the best stud - poker player in the world .,sadness
I thought we were friends .,sadness
"I told him my problem , I told him I loved you and he told me to keep my trap shut .",sadness
"I told you , you're probably overworking yourself .",sadness
"I took a sabbatical , and I traveled . But no matter where I went , The memory of that awful night",sadness
I tormented you with an old hatred that's no longer real .,sadness
I tried my best to make a man out of him ... but it look like I failed somewhere .,sadness
"I tried one of them once , but she didn't show any enthusiasm at all .",sadness
"I tried to enlist , they told them to me that I was too ancient .",sadness
"I tried to make her care , but I couldn't .",sadness
I tried to make it easier for you .,sadness
"I try to help , but he doesn't listen to me , and I've got my own grief to work through .",sadness
"I used to be popular , wasn't I , [PERSON] ?",sadness
I used to use my hands .,sadness
I wan na feel good about something sometime .,sadness
I want it the way it used to be .,sadness
I want to be alone .,sadness
"I want to die in my own land , where Human Beings are buried in the sky .",sadness
I want to die .,sadness
I want you to know how sorry I am I had to put you through this .,sadness
"I wanted [LOCATION] , but I wasn't counting on it .",sadness
I wanted to blame myself even for the man who had taken me .,sadness
"I wanted to blame myself for my dad's drinking , for my mom's crying all the time and her emotional breakdown .",sadness
I wanted to let you know that the ambulance was late in getting away .,sadness
I wanted to look mellow and I look brittle .,sadness
I wanted to save the ship .,sadness
I was a child .,sadness
I was almost in tears .,sadness
I was ambitious then .,sadness
I was crazy with jealousy .,sadness
I was dreadful .,sadness
"I was getting lonely upstairs , all by myself .",sadness
"I was hoping for a miracle , and it didn't happen .",sadness
I was hoping you'd be spared all this .,sadness
I was in a really bad place .,sadness
I was just an ensign .,sadness
"I was never really sure which one I got , nutrition or discipline .",sadness
I was not a good artist .,sadness
I was only trying to be nice to make her feel good .,sadness
I was running out of things to say .,sadness
"I was so alone , and suddenly you were there .",sadness
I was so miserable at the thought of you in trouble .,sadness
"I was starting to miss the old [PERSON] , and now this has happened , and it just ... It feels ... it feels so final , you know ?",sadness
I was state - raised ... and this is a dead place .,sadness
"I was the world's nicest guy , and they ruined my life for no reason .",sadness
I was too late .,sadness
I was very sick when I was a boy .,sadness
"I was weak and tired , Listless , out of sorts , and ...",sadness
"I was window - shopping in [LOCATION] , daydreaming about what I'd buy for her , if I had any money .",sadness
I wasn't looking where I was going .,sadness|surprise
I went crazy .,sadness
"I went off because I gained like six pounds ,",sadness
I will . This isn't exactly comfortable for me . I know you wanted this job .,sadness
I wish I could believe that .,sadness
I wish I could have made her understand .,sadness
I wish I could share your confidence .,sadness
I wish I could stay .,sadness
I wish I had a nickel .,sadness
"I wish I were a woman of 36 , dressed in black satin with a string of pearls .",sadness
I wish I were free tonight .,sadness
I wish it had gone .,sadness
I wish it made me feel good too .,sadness
I wish you could spend some time with him .,sadness
I won't live long .,sadness
I wonder if I'll ever get the knack of it .,sadness
I wonder if it isn't a curse to be wised up like you and me .,sadness
I would hate to commit myself without my compass .,sadness
"I would have sent it to you , but I didn't know your address until today .",sadness
I wouldn't want him to think I'm not sympathetic .,sadness
I yielded once before and was practically never heard of again .,sadness
"I , uh ...",sadness
"I'd be so happy if that were really true , [PERSON] .",sadness
"I'd give my soul to go , but I can't .",sadness
I'd only mess that up too .,sadness
I'd rather be dead .,sadness
I'd rather take a whipping than mend fences .,sadness
I'd say you were the only man I ever loved .,sadness
I'd waited so long !,sadness
I'll always regret that I didn't .,sadness
I'll be sorry to leave Faith .,sadness
I'll have to write it all over again .,sadness
I'll miss that man .,sadness
I'll miss you .,sadness
"It was damn stupid of me , wasn't it ?",sadness
It was Father's Day ... the last time I heard from her .,sadness
It was horrible for him .,sadness
It was my fault .,sadness
It was nobody's fault but my own .,sadness
It was our last evening together .,sadness
It was terrible . He screamed with fear .,sadness
It was utter chaos .,sadness
"It wasn't about the money , it was just about the anger .",sadness
"It will happen , as it does for all of us .",sadness
"It would be a pity if you died , not me",sadness
It wouldn't have helped our case .,sadness
It wouldn't have worked .,sadness
It'll be broken by dinner .,sadness
"It's a bit humiliating , always borrowing [PERSON]'s place .",sadness
It's a bitter substitute .,sadness
"It's a fucking slaughter , Lieutenant .",sadness
It's a liability .,sadness
"It's a lot of time , especially when it stands still with loneliness .",sadness
It's all I've got left .,sadness
"It's all over , [PERSON] .",sadness
"It's all so horrible , isn't it ?",sadness
It's all used notes .,sadness
"It's also possible to look at this in , really , just a slightly different way , which is just as sad , maybe even sadder .",sadness
It's as empty as ashes .,sadness
It's been a long year .,sadness
It's called urban blight .,sadness
"It's fine , just a little pain .",sadness
It's going to be a long night .,sadness
It's gone now and I just can't afford to send you your pay cheques any more .,sadness
It's hard being a dope fiend .,sadness
"It's hard , this fight .",sadness
It's hard . Just tell me what you need .,sadness
It's horrible !,sadness
It's just not okay to be alone anymore .,sadness
"It's just you know that sometimes ... Well , you're not wanted .",sadness
"It's kind of sad , though . All that money and nobody to enjoy it .",sadness
It's like falling off a log .,sadness
It's moving back against the wall .,sadness
It's my fault .,sadness
It's no good .,sadness
It's not your fault the plane landed in [LOCATION] .,sadness
It's nothing . - Nothing at all .,sadness
"It's over , [PERSON] .",sadness
It's pretty rough .,sadness
It's so remote I thought I would ... be safe there . I figured no one could find me .,sadness
"It's terrible that bad things happen , and all we do is stand by and watch .",sadness
It's terrible what happened to him .,sadness
It's too depressing to think about .,sadness
"It's too late for that , [PERSON] .",sadness
It's too late to think of him .,sadness
It's too stupid . Perhaps .,sadness
"It's tough being left out , isn't it ?",sadness
It's worse than that .,sadness
"It's , uh , I sold my stuff out . Besides I'm scratched up and ...",sadness
Jealousy can be destructive .,sadness
"[PERSON] , it's just a disease .",sadness
JFK .,sadness
"[PERSON] , the insurance is worthless now .",sadness
"John , really , I was only trying to help you out , that's all .",sadness
[PERSON] was a girl and it seemed hopeless .,sadness
[PERSON]'s dead .,sadness
"[PERSON] , will we be lonely tonight ?",sadness
Just after she stopped seeing me .,sadness
Just the usual complications that's all .,sadness
"[PERSON] , I might have died a happy man .",sadness
l got lost .,sadness
[PERSON]'s divorce left him in a state of disorder .,sadness
Last night was not so good .,sadness
"Last time I saw him , he threw up scrambled eggs out of his nose on the way to the library .",sadness
[PERSON] would get a shot every half hour so he could die without pain .,sadness
Let go . All right .,sadness
Let it go down .,sadness
Let me me go somewhere else . I'm sick .,sadness
"Let me tell you , young lady , it is never easy to be the son of a successful father .",sadness
Let's just say I'm chickenshit .,sadness
"Let's keep this a perfect memory ... and someday this bitter ache shall pass , my sweet .",sadness
Liberty is too precious a thing to be buried in books .,sadness
Life back over there is hard .,sadness
"Like myself , it struggled blindly for the means to live .",sadness
Lincoln just ain't the same no more .,sadness
"Listen , I've always returned favors , haven't I , [PERSON] ?",sadness
"Listen , [PERSON] .",sadness
Little [PERSON]'s been so lonely ...,sadness
[PERSON] didn't say nothing ...,sadness
Lonesome picker and watch house will be the first two to come forward .,sadness
"Look , I was a bit of an asshole .",sadness
"Look , I'm sorry to drop by unannounced .",sadness
"Look , it was great to see you again , okay ? I just --",sadness
"Look , [PERSON] , I - I've known all along That you were stealing food and treasure .",sadness
"Looking back ,",sadness
Looks like it's gonna be a long night .,sadness
Looks like the Lord sends me about every misery he can think of just to try my soul .,sadness
"[PERSON] , I don't want to hear it .",sadness
"Ma'am , I don't know how to put into words the sorrow I feel .",sadness
"Ma'am , she's no longer a minor . There's nothing we can do . But , but , but .",sadness
May he rest in peace .,sadness
Maybe he's got the flu or something,sadness
Maybe I'm tired of one - night stands .,sadness
Maybe we've forgotten how to hope .,sadness
Maybe you should've told her you loved her . Maybe that was the way to make sure .,sadness
"Maybe you're sorry you married me now , [PERSON] .",sadness
"Maybe , but [PERSON] wasn't hunting medals .",sadness
Mayii : I had long since lost track Of the child [PERSON] .,sadness
Melancholy sight .,sadness
"[PERSON] , I came to say goodbye .",sadness
[PERSON]'d be so disappointed if you weren't surprised .,sadness
Might not get another chance .,sadness
Mills and [PERSON] won't last much longer .,sadness
Mine left me too .,sadness
Mishnev is still dead .,sadness
"Mom , [PERSON] died .",sadness
Mommy ...,sadness
Murdered angels don't go to Heaven .,sadness
My back is getting bad .,sadness
My back !,sadness
My back's aching .,sadness
My back's giving me hell .,sadness
"My background is legal , not medical . My questions might be elementary .",sadness
My brother is in prison .,sadness
My brothers . sister . and I been moving from town to town Looking for a place to call home .,sadness
"My dad's gone , too .",sadness
My dear lost love !,sadness
My [PERSON] is dead .,sadness
My face and my body have aged .,sadness
My father died of a heart attack .,sadness
My father tried to help her .,sadness
My father's in the hospital again .,sadness
My grandparents were killed in the war .,sadness
My headache's much worse .,sadness
My heart behaved like a fool .,sadness
"My heart is yours , [LOCATION] , but I can never be .",sadness
My magical powers are no good at all,sadness
My mama's gone to the Lord .,sadness
My old friend . Not safe .,sadness
My own husband was killed in this last war .,sadness
My poor person [PERSON] .,sadness
My return to consciousness was a plunge into a new level of pain .,sadness
"My sort of coming of age , which was hard ...",sadness
My unit's due to be shipped out soon .,sadness
"My wife , God rest her soul , died years ago to the day .",sadness
"My wife , poor girl .",sadness
"[PERSON] , I don't want to leave like this .",sadness
NCMEC has a slightly different view of its interactions with [PERSON] .,sadness
Never I will understand the women .,sadness
"[PERSON] did everything he could , but they got away .",sadness
"[PERSON] , listen to me .",sadness
No more .,sadness
No one asked her to worry about me ...,sadness
No one can help me .,sadness
No one else is heeding it .,sadness
No one really ever accepted me .,sadness
No such luck .,sadness
No wonder he's worn out .,sadness
"No , but he's not feeling well .",sadness
"No , don't ! Not this one .",sadness
"No , I don't love you .",sadness
"No , I have not been away all that time .",sadness
"No , I just thought we could spend the day together .",sadness
"No , I just ... I just need a second , okay ?",sadness
"No , I would ... I would remember something like that .",sadness
"No , I'm sorry , Mr. [PERSON] .",sadness
"No , it isn't . Because right now , I have to decide whether he should stay at the firm .",sadness
"No , it was never love .",sadness
"No , [PERSON] .",sadness
"No , please , wait !",sadness
"No , you can't leave , you're like the coolest thing about this place .",sadness
"No , you have never loved me .",sadness
No . If [PERSON] were with me ...,sadness
"No . No , [PERSON] .",sadness
"Nobody comes , nobody pays any attention .",sadness
"Nobody knows how to talk , just grunt at each other .",sadness
Nobody remembers number two .,sadness
Nobody understands us .,sadness
Not a happy one .,sadness
Not fully .,sadness
Not mentally .,sadness
Not much comfort .,sadness
Not the way I'd choose for suicide .,sadness
Not you . Not Agent [PERSON] . Me .,sadness
Nothing can make up for the loss of your life savings ...,sadness
Nothing ever happens .,sadness
Nothing more .,sadness
Nothing . Nothing .,sadness
Nothing's ... ever right .,sadness
Now I know how a poor little guinea pig must feel .,sadness
Now I've really lost her .,sadness
Now it's all one big mess .,sadness
Now what good is all that ?,sadness
Now you know that the saddest thing in the world is life .,sadness
"Now , then I find myself in [LOCATION] with no money .",sadness
"Now , with such simplicity ... Such clarity , everything falls into place .",sadness
Now's not a good time .,sadness|surprise
O dear me .,sadness|surprise
"Of course it's been a great trial to your patience , Father ... but think of the burden that it's been to me .",sadness
"Oh , but I can't intrude .",sadness
"Oh , come on . It just would have been some cushy white - collar resort .",sadness
"Oh , God ...",sadness|surprise
"Oh , here you are ...",sadness|surprise
"Oh , him and his wife splitting up ?",sadness
"Oh , I am sorry .",sadness
"Oh , I don't know .",sadness
"Oh , I just don't think I'm gonna have the time for it .",sadness
"Oh , I'm awfully sorry , everybody .",sadness
"Oh , I'm so sorry , but we just couldn't .",sadness
"Oh , it's a sad day for all of us .",sadness
"Oh , kids , I'm so sorry !",sadness
"Oh , macaroni and cheese . - Same old story .",sadness
"Oh , Mammy , this house won't seem the same without [PERSON] .",sadness
"Oh , my poor husband .",sadness
"Oh , sh -- I'm sorry .",sadness
"Oh , [PERSON] , no .",sadness|surprise
"Oh , well .",sadness
"Oh , you just left her ?",sadness|surprise
Oh ...,sadness
"Oh ... okay , forget it .",sadness
"Okay , it was just a thought .",sadness
"Okay , that didn't help at all .",sadness|surprise
"One night , knowing his wife is out ... He calls her and begs her to see him again .",sadness
"One time , I , uh , I lost my car .",sadness
Only holy people may enter this sacred place . Stay where you are,sadness
"Only I didn't create 'em , I heard about 'em from other people .",sadness|surprise
Opening night never starts on time .,sadness|surprise
Or a wolf ?,sadness
"Otherwise , what good am I to them ?",sadness
"Our dog died last night , too .",sadness
"Our kids , struggling through their lives .",sadness
"Our lives are woven together in a fabric , but the connections that make society strong also make it vulnerable .",sadness
Päiväsi on lopussa,sadness
People do when they've been ill .,sadness
People used to stop on the street to admire me .,sadness
Perhaps I shouldn't have met him .,sadness
"Please come back , [PERSON] .",sadness
Please come . Come and take me .,sadness
Please come . Please come .,sadness
Please don't cry anymore .,sadness
Please let me stay .,sadness
"Please , continue .",sadness
Police are about to release a statement about the circumstances of her death ...,sadness
"Poor boy who made it , ex-cop .",sadness
Poor boy .,sadness
Poor [PERSON] never did have no luck with men .,sadness
Poor child .,sadness
Poor country ! You sold the [LOCATION] in a senseless war .,sadness
Poor darling .,sadness
Poor girl .,sadness
Poor lamb .,sadness
Poor lieutenant laker .,sadness
Poor man's [PERSON] .,sadness
Poor [PERSON] .,sadness
[PERSON] was a good man . Tough break .,sadness
Really ashamed of myself .,sadness
"Remember when [PERSON] said when he was fighting sometimes , he'd fight so hard that he was thinking that he broke something inside ?",sadness
Remind me to ask you later why your kisses don't seem quite the same .,sadness
"Right , because it's a long shot . You could never love me back .",sadness
"Rocky , I'm sorry .",sadness
Rocky's hurt .,sadness
"Ruby's been dead for 14 , years .",sadness
"Say bye - bye , now . Bye to daddy .",sadness
"[PERSON] , if you knew what I've gone through !",sadness
"See what you can do ? You weren't even conscious then , for chrissake .",sadness|surprise
"See , back then , a man's name was the same as his occupation .",sadness
Seems a shame to part company after all these years .,sadness
Seems like it takes a crisis to bring us together lately .,sadness|surprise
Seven passengers and two crewmen were killed .,sadness
She died trying to save my daughter .,sadness|surprise
"She does though . Well , I should say my goodbyes .",sadness
She doesn't know .,sadness
She flipped and tried to kill herself .,sadness|surprise
"She had long , beautiful brown hair and now she had very short , choppy red hair .",sadness|surprise
"She had my finger , you know ...",sadness
"She just seems , I don't know , lonely .",sadness
She never even went back to the room .,sadness
"She said she's not in a head - space for a relationship , with everything that's going on in the world .",sadness
"She seemed too restless , too tense , too withdrawn , and [PERSON] , when he wasn't looking at [PERSON] , he was watching [LOCATION] look at Maria .",sadness
"She told about a mother who was full of hate , and how she got back the hate she gave .",sadness
She told me that you've been going through some things ... in your personal life .,sadness
"She was a prisoner as I was , and he just heard that she's dead .",sadness
"She was drowned , poor dear , while she was sailing near [LOCATION] .",sadness
She was very nervous when we left [LOCATION] .,sadness
She was worried about you .,sadness
She would be pained to hear you say that .,sadness
She'll never come back no more .,sadness
She's an unlucky driver .,sadness
She's been through enough .,sadness
She's down .,sadness
She's dying .,sadness
She's kind of lost .,sadness
She's never cared for me .,sadness
She's sad right now ?,sadness
She's upset about something .,sadness
She's very sick .,sadness
She's very unhappy .,sadness
She's won and I've lost .,sadness
"Shot her , right outta the sky .",sadness
Simply no use trying .,sadness
"Simply stated , [PERSON] , it means that you have suffered damage to the brain .",sadness
"Six months ago I applied for my hearing aid , and I'm still waiting for it .",sadness
So alone .,sadness
So be it . I will be the first corpse .,sadness
So he never saw her again ?,sadness
"So here's the program . You're gonna tell me what is going on , and you're gonna tell me what ideas you have , if you have any .",sadness|surprise
"So I say , l don't know .",sadness
So I'm gonna be sayin' good night .,sadness
So much for old business .,sadness
"So the police are extended giving the famous protection , for which we are justly proud in this country , for a finger , eh ?",sadness|surprise
So tired .,sadness
"So when I see you having all these things that I didn't have , I , like , live through your eyes .",sadness
So you do not recognize me ?,sadness|surprise
So you don't know what happened .,sadness|surprise
"So , I take it you've been busy .",sadness
"So , I'm guessing you didn't find my dad .",sadness
"Some of them are carved in stone , some of them men like [PERSON] put up there , so suckers like me could read them .",sadness
Some official's son got in trouble and they're looking for a substitute,sadness
Some people don't like my metaphors .,sadness
Something about a place called [PERSON] .  He's dying .,sadness
Something went wrong .,sadness
Sometimes I think you don't even know I live here .,sadness
Sometimes it's hard for us to understand the Lord's ways .,sadness
Sometimes it's worse to stay than it is to run .,sadness
Sometimes they have an accident .,sadness
"Sometimes , as I'm falling asleep I can feel him breathing on my face and touching me with his hand .",sadness
Sorry about that .,sadness
"Sorry about the Chiefs , [PERSON] .",sadness
Sorry about your finger .,sadness
Sorry I was suspicious .,sadness
Sorry more people weren't there to hear it .,sadness
Sorry you had to come back to something like this .,sadness
"Sorry , [PERSON] , I didn't mean to scare you .",sadness
"Sorry , boys .",sadness
"Sorry , coach .",sadness
"Sorry , nothin' but beer .",sadness
"Sorry , [LOCATION] .",sadness
"Sorry , pal .",sadness
"Sorry , sister .",sadness
Sorry . - Sorry to wake you .,sadness
"Sounds awful , doesn't it ?",sadness
Sounds tough .,sadness
"Stop , wait !",sadness
Subject is violently antisocial given to delusions of godhood . And he's hopelessly addicted to narcotics .,sadness
Sunny [LOCATION] will not be that tomorrow .,sadness
"Sweetheart , don't get personal .",sadness
"Sweety , you're supposed to be beddy - byes !",sadness|surprise
Teddy never made it .,sadness
"Tell him you're not going , tomorrow morning or ever .",sadness
Tell them it was all my fault .,sadness
"Ten suicides there was last year , in one day .",sadness
Terribly disappointed . It's the last thing I owned .,sadness
"Thank you , but I wouldn't dream of disgracing the family with a divorce .",sadness
That girl doesn't exist anymore .,sadness
That hurts .,sadness
That I knew how miserable you were with him ?,sadness
That just can't be .,sadness|surprise
That kind of love isn't enough for two people as different as we are .,sadness
"That last part , there's something off about it .",sadness
That means he's flying it .,sadness|surprise
That seems a pity .,sadness
That spark and fire I used to see in her eyes is gone .,sadness
That this could be the result of all I had committed my life to .,sadness
That was my low .,sadness
That was stupid and cruel .,sadness|surprise
That was the night [PERSON] went away .,sadness
That will be the toughest part .,sadness
That won't help you .,sadness
That'll clip your wings .,sadness
That's absurdly hypothetical .,sadness|surprise
That's horrible .,sadness
That's how wars start .,sadness
That's just my nature .,sadness
That's no way to remember him .,sadness
That's not good .,sadness
That's terrible .,sadness
That's the only chance you got left .,sadness
That's the unholy pity of it .,sadness
That's the way it's been your whole life .,sadness
That's the worst thing I've ever heard in my life .,sadness
That's what always happens when people fall in love .,sadness
That's when mine broke up .,sadness
That's when they start to drift away .,sadness
The best died there .,sadness
The bite ... was mine .,sadness|surprise
The boat is gone .,sadness
"The boy's doing so poor these days , why not take him along and air him ?",sadness
The brain surface neurons in this area have also been traumatised .,sadness
The cheque is no good .,sadness
The children of my world will have no more stories to read .,sadness
The death of [PERSON] is a tragedy .,sadness
The doc just looked at us and shook his head .,sadness
"The drinking , the drugs , that's not a regular thing for me .",sadness|surprise
The fish that got away is always the biggest one .,sadness
The fun is over .,sadness
The girls have so little time .,sadness
The governor sounds unhinged .,sadness
"The helicopter was destroyed , and the pilot is dead .",sadness
The kid hates me .,sadness
The man ends up looking like his heart attacked him .,sadness
"The military has been mobilized , but the violence is so widespread that it is impossible for the rescue services to respond .",sadness
"The moon's out , but there are clouds around .",sadness
The most damning testimony ... Comes from an abused and frightened child ... Who overcame his fear and his pain ...,sadness
"The most horrible thing was , you'd smile when you were mad .",sadness
"The moving finger had already writ and moved on , and nothing I could do would have canceled half a line , nor would my tears wash out a word of it .",sadness
The one that you and [PERSON] ditched .,sadness|surprise
The only place my parents ever mentioned coming from was overseas .,sadness
"The other day , you looked like you were still hurting .",sadness
"The people with the money in their hot little hands put her up there , and she could do no wrong .",sadness
The phone is dead .,sadness
The ponies were dying .,sadness
"The poor old governor has to go back to [LOCATION] and live on his pension , right ?",sadness
The queue was endless .,sadness
"The rolling balls , the second - hand phrases , the migraine headaches ... Shirt - tails , and tonight's speech : I turned yellow but my dog likes me .",sadness
The same all grind week after week . And so much stress .,sadness
The same force that makes the books in your world become empty makes me a prisoner in my castle .,sadness
The [PERSON] woman died today .,sadness
The trouble with me ? I'm not very good at looking ahead .,sadness
The truth is I wanted to quit .,sadness
The war in [LOCATION] .,sadness
The witness stand is a lonely place to lie .,sadness
The world was too ridiculous even to bother to live in it .,sadness
Their flowers are dead .,sadness
"Their privilege , their presumption .",sadness|surprise
Then a wasp stung out my eye .,sadness
"Then I lived in many European capitals , trying to forget something sad that happened long ago .",sadness
"Then I went to the liquor store I grabbed a bottle , and I started drinking .",sadness
"Then if you did get me well and I went to him , you wouldn't like it .",sadness
Then there were some who just got tired of living .,sadness
Then there's no hope .,sadness
Then there's nothing left for me .,sadness
Then what are you gonna come home to ?,sadness
"Then , one night , we were talking about how we hated the life , and how we had never done much of anything ourselves .",sadness
"Then , you have to go .",sadness
"Then , you still believed you could make a difference .",sadness
"Then , you'll want to say goodbye .",sadness
There are estimates out there that . million homeless kids are out on the street at any given time .,sadness
There are many who can not tell between good and evil,sadness
There is nothing I can do .,sadness
There isn't anything to do .,sadness
There must be something I can do .,sadness
"There was nothing that could be done for her , except wait .",sadness
There were some problems with ...,sadness
There's been enough bloodshed already .,sadness
There's more bad ?,sadness|surprise
There's no escape .,sadness
There's no reason for me to be here .,sadness
There's no time ...,sadness
There's no way I can have this kind of exposure .,sadness|surprise
There's nobody left around here now .,sadness
There's not much we can do .,sadness
There's nothing else I can do .,sadness
There's nothing I can do about it .,sadness
There's nothing we can do .,sadness
There's nothing you can do .,sadness
"There's one on the back , but it's not the right one .",sadness
There's someone crying .,sadness
There's still places I want to see and things I want to do .,sadness
These are the wrong keys .,sadness|surprise
They always have that same look on their face ...,sadness
They are the tears of Old [LOCATION] .,sadness
They both fell .,sadness
"They did the smash - and - grab , she was gonna tell the feds .",sadness
They didn't miss me at all .,sadness
They don't know themselves .,sadness|surprise
They failed .,sadness
They got away .,sadness
They got hard times as it is .,sadness
They had ten ... twenty of them in the back of this panel truck .,sadness
They had ...,sadness
They have lost the ability to communicate and reason .,sadness
They have no husbands and they cry .,sadness
They hold together and bring me bad luck .,sadness
They look like they've come to a funeral .,sadness
They meant nothing .,sadness
They mustn't get old .,sadness
"They pay , got that ?",sadness
They probably will start crying .,sadness
"They said I was crazy , so they sent me to a mental hospital .",sadness
They screwed him up .,sadness
They took his coat .,sadness|surprise
They tried .,sadness
They'd go to Congress and get more funding .,sadness
They're all dead .,sadness
They're blaming me for it .,sadness
They're gonna keep him in that foster home !,sadness
They're poorly !,sadness
They're pretty hopeless .,sadness
They've been kind enough .,sadness
Things like this create a bad feeling .,sadness
"Think of the years of suffering , deprivation and hardship among those awful savages .",sadness
This cutter's broken .,sadness
This dying sticks in my mind and makes me poor company .,sadness
"This has been a long week , Dr. [PERSON] .",sadness
This has been a terrible shock to them .,sadness
This hurts me in my heart .,sadness
"This hurts , [LOCATION] .",sadness
This is a dreadful miscarriage .,sadness
"This is a house of ill fame , and I'm a fallen flower .",sadness
"This is a man's world , a brutal world .",sadness
This is a very sad day for me .,sadness
This is all I'm capable of right now .,sadness
This is awful .,sadness
This is crazy .,sadness|surprise
This is dreadful !,sadness
This is history .,sadness
This is not a good place for you .,sadness
This is not my day .,sadness
"This is only the tip of the iceberg , as hundreds more have given us their testimony , but are too fearful to go on camera for fear of repercussions for themselves and for their families .",sadness
This is terrible .,sadness
This is the society we could have had a century ago .,sadness
"This kid's cryin' , man .",sadness
This licence has expired .,sadness|surprise
"This must be difficult , your life changing so drastically .",sadness
"This strange coffee is a bore , but what can I do when I can't sleep ?",sadness
"This time , in sight of my goal , it seemed as if I must meet defeat .",sadness
This was my bedroom .,sadness
This witness will testify about a bar glass . They have no bar glass .,sadness|surprise
This won't work .,sadness
Those were the last words she heard me say .,sadness
Though you may think you're having fun now you only hurt the one you love .,sadness
"Three men killed , and to what end ?",sadness
Three of your neighbors were killed last night .,sadness
"Three ships were lost , you know .",sadness
Time drags when you're tired .,sadness
To avoid bringing disgrace upon a clean and honourable state .,sadness
"To do this , we had to harden our hearts against the suffering outside .",sadness
To have to hear it in installments might prove unendurable .,sadness
"To the squad . Are they detaining it , it is ?",sadness
"To think of her struggles , her fruitless cries for help .",sadness
"Toad's friends tried to help him , but were always blocked .",sadness
"[PERSON] , will you ever get out from under Rocky's shadow ?",sadness
[PERSON] ...,sadness
"Tomorrow , [PERSON] ... My friend and mentor , will testify he thinks I'm guilty .",sadness
Too bad the girls are in [LOCATION] .,sadness
"Too little , too late .",sadness
"Too many passengers , I'm afraid .",sadness
Too much so,sadness
Tough cop falls for beautiful murderess .,sadness|surprise
Tragic .,sadness
Truth of the matter is I don't much like parties .,sadness
Trying to make her think her husband is still alive .,sadness
Turns out my life hasn't been my own for the last years .,sadness
Tusk doesn't have any friends .,sadness
Twelve to fifteen percent of the kids we serve were victims of human trafficking .,sadness
Two destroyers hit by mines ...,sadness
"Uh , here's , uh , here's this .",sadness|surprise
[PERSON] in office can cause damage .,sadness
"Unfortunately for you and everybody in this room , his deals fell through because the market dried up .",sadness
"Unfortunately , he couldn't find me .",sadness
"Unfortunately , I have to return to my children now .",sadness
"Unfortunately , Professor [PERSON] is dead .",sadness
"Unhappy Brom , already bested at every turn , saw himself once more outmatched .",sadness
ve never been to [LOCATION] L.A.[LOCATION],sadness
"Very well . I understand , doctor .",sadness
"[PERSON] , I'm not interested in this . Of course you're not .",sadness
Wait ! His troops are still out there,sadness
Wasn't it hard to ... To live with yourself After completely wimping out,sadness
We ain't had a chance to get this place too nice .,sadness
We all have to sacrifice something .,sadness
We are not important .,sadness
We buried him the next day .,sadness
We can go to the Fairmont ...,sadness
We can't do this to him !,sadness
We can't just leave him here .,sadness
We can't keep riding with our stern to the wind .,sadness|surprise
We can't live with lies .,sadness
We can't . We were never together .,sadness|surprise
We could have backed him up .,sadness
We did not ditch . We were working .,sadness|surprise
We didn't have a mortgage .,sadness
We don't belong here .,sadness
We don't understand .,sadness
"We had something special , but it's over .",sadness
We have to drop the case .,sadness
We haven't eaten yet .,sadness
"We know you're sad , buddy , but you got ta go to school .",sadness
We live in a border state where a lot of this cross-border sex trafficking takes place .,sadness
"We lost [PERSON] , go back !",sadness|surprise
We must have missed him .,sadness
We must leave tonight .,sadness
"We never had a nursery , [PERSON] .",sadness|surprise
We owed a great deal of money and I had no job .,sadness
We spoke to police lieutenant [PERSON] laker at the scene this afternoon .,sadness
"We tried that route , but we gave up .",sadness
We want to die !,sadness
We were all a part of what happened to her .,sadness
We were all praying for a miracle .,sadness
We were almost there and now all this is going to hold us up .,sadness
We were drilled like little soldiers .,sadness
We were just talking .,sadness
We were so very sorry about your father .,sadness
We won't leave this palace alive .,sadness
"We'd have got married , had a house and children .",sadness
We'll miss the complimentary beverage .,sadness
We'll never meat again,sadness
We'll say farewell to [PERSON],sadness
We're all alone in this .,sadness
"We're going now , and I was afraid I wouldn't see you again .",sadness
We're home free .,sadness
"We're in a war zone , [PERSON] : Two motorcycle officers horribly wounded in a crossfire , the police seemingly unable to rescue them in spite of several desperate , heroic attempts .",sadness
"We're looking at economic instability , we're looking at housing instability .",sadness
We're that kind of monster .,sadness
"We're the minorities , man .",sadness
We've been working too hard .,sadness
We've got to keep ... Keep daddy happy .,sadness
We've lost our picture .,sadness
We've lost the baby's heartbeat .,sadness
We've no other choice .,sadness
"Well , I didn't have the money .",sadness
"Well , I don't know , Captain .",sadness|surprise
"Well , I don't think I can do much , sir , but ...",sadness|surprise
"Well , I find in a moment of anger follows a thousand nights of sorrow .",sadness
"Well , I'd begun to feel that I didn't have any part in your life , that I was an outsider .",sadness
"Well , I'm sure things must have been difficult with your parents passing .",sadness
"Well , if he can ...",sadness
"Well , if it's anyone's fault , I expect it's mine .",sadness
"Well , it can't be helped now .",sadness
"Well , like I said , right now , I've got a bigger problem .",sadness
"Well , no wonder you're worn out .",sadness
"Well , now there's no sunshine in my life .",sadness
"Well , that's the problem . Um ... The bad guys took it .",sadness
"Well , this misery in my back ... ain't so good .",sadness
"Well , we're all sinners in here .",sadness
"Well , you know , there wasn't much we could do .",sadness
"Well , you're so much stronger than I am .",sadness
Were you close with the deceased ?,sadness
What a cruel shame that any man is made to suffer so .,sadness
What a shame .,sadness
What a waste of talent .,sadness
What did [PERSON] say to get you so upset ?,sadness
What difference would it make ?,sadness
What do you have ? What are you hiding ?,sadness|surprise
"What he did was , he just took my money .",sadness|surprise
What I feel towards you I'll have to feel for the rest of my life .,sadness
What if an RD conks out ?,sadness
What makes you think he'll listen to me ?,sadness
"What that child got to stand , the good Lord give her strength to stand .",sadness
What was your relationship with the deceased ?,sadness
What will happen to you after I've gone ? They like hearing my stories,sadness
What would you do if it was your child ?,sadness|surprise
"What , it's over ?",sadness|surprise
"What's the use of getting excited , [PERSON] ?",sadness
"Whatever I was , that was a long time ago .",sadness
When an hour alone with you was an impossibility .,sadness
When did he die ?,sadness|surprise
"When he held me , it wasn't the way a father should hold a daughter .",sadness
"When I got back to the hotel , I couldn't sleep .",sadness
"When I think of that kid , I want to cry .",sadness
"When I was a little girl , like so many others , there was no money to buy shoes for me ,",sadness
When I'm wearing a new bonnet ... all the figures I ever knew go right out of my head .,sadness
"When [PERSON] got seriously ill , you sent her to a home .",sadness
"When [PERSON] died , [PERSON] was only five .",sadness
"When she left me , I lost all pride .",sadness
"When they looked back , they saw the body of Little Man lie down among his friends .",sadness
When was the last time you saw her ?,sadness
"When we first went there , [PERSON] , he could barely speak .",sadness
"When you listen to the evidence , ask yourselves ... Why [PERSON] ... The finest prosecutor of this county ...",sadness
Where are you taking it ? - To the hospital .,sadness|surprise
"Whereas when you scratch the apprentice kid ,",sadness|surprise
"Which , incidentally , the worst day of my life .",sadness
Who - Who ? Who's sick ?,sadness|surprise
"Why are you crying , Mistress [PERSON] ?",sadness
Why can't I play with you ?,sadness
Why can't we have pancakes ?,sadness
Why did you choose Chipping Sodbury ? There is a convent there !,sadness|surprise
Why did you do it ?,sadness|surprise
Why didn't you tell me ?,sadness|surprise
Why didn't you write to me ?,sadness
"Why do you bother with her , eh ? She's nothing but trouble .",sadness
Why do you stand or sit as far away from me as possible ?,sadness
"Why do you want to die , Grandfather ?",sadness
Why do you want to shut me out in the cold like this ?,sadness
Why don't I do this right ?,sadness
Why don't you just go ?,sadness|surprise
Why don't you let me help you ?,sadness|surprise
Why is she crying ?,sadness|surprise
Why won't you let me help you ?,sadness
"Why , her last words were about you .",sadness
"[PERSON] , don't look so unhappy .",sadness
"With a baby , you never know what you're getting .",sadness
"Without you , [PERSON] .",sadness
Woman's work is never done .,sadness
Won't admit that it exists .,sadness|surprise
Would you call me [PERSON] ?,sadness
"Yeah , all right , you got a lot goin' .",sadness
"Yeah , but he's not gonna take me along any more , is he ?",sadness
"Yeah , ever since , uh , [PERSON] joined the firm , he's been trying to marry me off .",sadness
"Yeah , he was a good soldier .",sadness
"Yeah , I sure feel sorry for you , [LOCATION] .",sadness
"Yeah , I'd like to burn it out of my mind .",sadness
"Yeah , I'm afraid it is , [PERSON] .",sadness
"Yeah , my veneer popped off , yeah sucks .",sadness
"Yeah , probably he don't gonna run , which I don't name him a top jock to ride him .",sadness
"Yeah , she was my girl .",sadness
"Yes , but that doesn't ...",sadness|surprise
"Yes , I guess it's been a nightmare for you too .",sadness
"Yes , I noticed you'd packed .",sadness
"Yes , I was always afraid as a child .",sadness
"Yes , I'm afraid I was misquoted .",sadness|surprise
"Yes , it'll be a pity if this doesn't come off , too .",sadness
"Yes , [PERSON] found him slumped over his desk that morning ...",sadness
"Yes , Ma found him slumped over his desk that morning ...",sadness
"Yes , sir , I still have the scars .",sadness
"Yes , sir , my apologies .",sadness
Yes . I'd never have guessed .,sadness
Yet neither the husband or anybody else has been in to see her all day .,sadness
"You ain't got no place to go , [PERSON] .",sadness
You and [PERSON] just weren't right for each other .,sadness
You are going to get us all killed If you keep on antagonizing him .,sadness|surprise
"You are quite right , and I do not have the right , but I do love [PERSON] .",sadness
You came as an enemy to destroy me .,sadness
"You can at least , for Christ's sake ... lie to me .",sadness
You can shoot us now .,sadness
You can stay at my house because nobody really cares about me .,sadness
You can't afford this .,sadness|surprise
"You can't blame them , can you ?",sadness
You can't kill him .,sadness
"You can not come to the hospital , [LOCATION] .",sadness
"You can not tolerate the faith in humanity , Because if you do , all this ... The structure of your very existence ,",sadness
"You changed that , and you can't change it back .",sadness
You could call me a freak of nature .,sadness
You deserve the worst for what you did .,sadness
You did or did not get those records ? - I did not .,sadness|surprise
You didn't come to my wedding .,sadness
You didn't tell us ?,sadness|surprise
"You disapprove , sir ?",sadness|surprise
You do look pale .,sadness
You don't care about me .,sadness
You don't care whether I live or die .,sadness
"You don't have to say the words , Governor .",sadness
"You don't like me very much , do you ?",sadness
"You don't like me , do you ?",sadness
You don't like to see me enjoying myself .,sadness
You don't look excited .,sadness
"You don't really think I don't want you to do well ? No , [PERSON] .",sadness
"You don't remember , do you ?",sadness|surprise
You don't seem very excited about it .,sadness
"You don't sound very grateful , Dr. Blood .",sadness
"You don't think I can handle a twin engine at , feet , straight and level over some farm country ? I mean , come on , sir .",sadness
You don't want us to drink ourselves to sleep .,sadness
You go ahead and let the grieving process happen .,sadness
"You gonna cry , [PERSON] ?",sadness
You got one bad seed there .,sadness|surprise
"You got ta fix this mess , be it how you fix it with your girl , or how you fix it with [PERSON] , cos I just know my daughter doesn't deserve to be involved in this .",sadness|surprise
"You hadn't had much contact with her , then ?",sadness|surprise
You hate him ....,sadness|surprise
You hate me .,sadness
You have our deepest sympathy .,sadness
You have to go on the road and I have to go through what I'm going through .,sadness
You hurt his feelings .,sadness
You insist on putting me into a position that I don't in the least relish .,sadness
You keep avoiding me .,sadness
You knew how I felt .,sadness
"You know how I loved her , really .",sadness
"You know I talk to it sometimes , and I beg it to wake me up .",sadness|surprise
You know I've never been able to give you very much .,sadness
You know too much .,sadness|surprise
"You know , all fairness to alcohol , I've done stupid things when I was sober , too .",sadness|surprise
"You know , because you think of generals , and you think of Conservatives and Republicans as being very pro-military and business .",sadness|surprise
"You know , I still expect him to come home for dinner .",sadness
"You know , I wanted to blame myself for that .",sadness
You know . sometimes it feels like it's the only thing keeping us together .,sadness|surprise
You look a thousand years old .,sadness
You look like death .,sadness
"You look tired , Little Big Man .",sadness
You lose the feel of the cards when you have so much action ... day in and day out .,sadness
You mean you don't love him anymore ?,sadness
"You mean , Dad's not coming home anymore ?",sadness
You meet somebody and you only got one night to really get to know them .,sadness
You might have noticed I've got a slight weight problem .,sadness
You must forgive me .,sadness
You must get lonely .,sadness
You must love someone else .,sadness
You must rebuild what you've destroyed .,sadness
You mustn't cry anymore .,sadness
You only pretended to be my friend .,sadness
You poor child .,sadness
You really should be AM and FM ...,sadness|surprise
You reject it .,sadness
You said you'd never leave me .,sadness
You see . we're not like you think we are .,sadness|surprise
"You spent $ , at The Capital Grille ?",sadness|surprise
You suffered severe brain trauma .,sadness
You think I killed her .,sadness
You think it was me that beat you ?,sadness
"You think that by saying ,  I'm sorry ,  all the past can be corrected .",sadness
You think you should have done something different but it's not your fault that [PERSON] died .,sadness
You told me that when you overwork you get nervous and lose weight .,sadness
You were getting over your broken heart .,sadness
You will hate me now .,sadness
You won't get him .,sadness
"You won't stay here , and I can't go with you .",sadness
You wouldn't have come if you thought I was here .,sadness
"You , too , think I am too old , too ugly for a man to look upon with love .",sadness
You'd hate it .,sadness
You'll go on without me .,sadness
You'll lose your hair .,sadness
You'll see a puff of smoke from my exhaust when I cut in the motor . That's when you hit the magic button .,sadness
You're all I ever had .,sadness
"You're blacking out , waking up in places you don't remember , bleeding from where you were shot .",sadness
"You're fired , [PERSON] .",sadness
You're going bald too .,sadness
"You're good , but you're taking on a lot .",sadness
"You're just being used , you know .",sadness
You're just saying that .,sadness
You're killing me .,sadness
You're like another person .,sadness
You're not that person anymore .,sadness
You're right . He has turned against me .,sadness
You're wasting your time with me . I'm nothing .,sadness
"You've forgotten , this is the th century .",sadness
You've never known .,sadness
Your back prevented you from practicing six hours a day .,sadness
Your mom and I won't be very long .,sadness
"Your mom wasn't ... well , and she needed time to recover , to get better .",sadness
Your opinion is that this was ... A staged rape ?,sadness|surprise
Your vendetta has dragged on long enough .,sadness|surprise
Heavens ' name !,surprise
Hello ?,surprise
Her medicine !,surprise
Here are the keys !,surprise
Here's you all playing rooster with it !,surprise
"Hey , Captain . Captain , we left a treasure out there ...",surprise
"Hey , girls ! Hey , baby .",surprise
"Hey , hey , hey ! Where does it say",surprise
"Hey , hey , I'm off duty . Grand central station , please .",surprise
"Hey , if you think I look bad , you oughta see the other guy's knuckles .",surprise
"Hey , is that [PERSON] ?",surprise
"Hey , it's me !",surprise
"Hey , look at this , guys .",surprise
"Hey , look who's here !",surprise
"Hey , look .",surprise
"Hey , man , what'd you do this for ?",surprise
"Hey , these are keen !",surprise
"Hey , we got a survivor !",surprise
"Hey , who turned out the lights ?",surprise
Hey ! Want me to wrestle you up some breakfast ? Uh-oh !,surprise
Hey ! What's up ?,surprise
Hi ! - Hi ! - What the fuck are you doing here ?,surprise
His wife is calling from the cellar .,surprise
"Hmm , it was rather sweet .",surprise
Hmm . - We're not underwater . Yeah .,surprise
Hold it !,surprise
"[PERSON] , you never told me you had a brother [PERSON] .",surprise
Holy [PERSON] .,surprise
Holy mackerel .,surprise
Holy Moses .,surprise
Holy shit .,surprise
How about that ? Not bad .,surprise
How about -- this cereal is really good .,surprise
"How are we to answer this , [PERSON] and I ?",surprise
How are you going to sing ?,surprise
"How are you , [PERSON] ? - Fine . This is a surprise .",surprise
How big is this thing ?,surprise
How can you afford it ?,surprise
How can you ask me that ?,surprise
How come I never see you eating ?,surprise
How come she leave that job ?,surprise
How come we never met before ? - No idea .,surprise
How come we're just getting it ?,surprise
How come you bought one ?,surprise
How did eggs get into the conversation ?,surprise
How did [PERSON] and the newspapers get the [PERSON] story before you ?,surprise
How did the trust fund end up in [PERSON]'s name in the first place ?,surprise
How did this happen ?,surprise
How did we ever stand each other in that plane for three years during the war ?,surprise
How did you do that ?,surprise
How did you find that out ?,surprise
How did you get here ?,surprise
How did you get in here ?,surprise
How did you know about that ?,surprise
How did you know I was here ?,surprise
How did you know my name ?,surprise
How did you learn to fight like that ?,surprise
How did you manage to get so friendly with [PERSON] ?,surprise
How did you pull that ? What do you got ...,surprise
"How did you recognise me , Mr [PERSON] ?",surprise
How do they explain a man walking around with his neck broken ?,surprise
How do you know all that ?,surprise
How do you know how to do all of this ?,surprise
How do you know it's not you .,surprise
"How do you live with it , Miss [PERSON] ?",surprise
How great can you kiss ?,surprise
How they handle all this and ride a horse at the same time is beyond me .,surprise
How ?,surprise
How'd they know you were on this train ?,surprise
How'd you boys know where to find me ?,surprise
How'd you find us ?,surprise
Hsiao - tsing ? !,surprise
Hundred dollars a night ?,surprise
Hundreds !,surprise
"I am a clown , and puzzled only by his presence in a place such as this , among such people as us .",surprise
"I and [PERSON] we were already , and I would not believe so fast in someone I eat in him . I am not wrong , he has something in the sleeve .",surprise
I beg your pardon ?,surprise
I can be president of the [LOCATION] !,surprise
I can see that !,surprise
I can't believe it myself .,surprise
I can't believe it was you on the phone .,surprise
I can't believe it .,surprise
I can't believe that .,surprise
"I can't believe this is you , [PERSON] .",surprise
I can't believe this . I thought you said they had nothing in the hopper .,surprise
I can't remember . - You can't remember ?,surprise
I did a catalogue with his names and residences .,surprise
I didn't even recognize her .,surprise
"I didn't expect to be called to see the admiral , sir .",surprise
"I didn't expect to see you , Mrs. [PERSON] .",surprise
I didn't jump .,surprise
I didn't know I had one .,surprise
"I didn't know we were on a first - name basis , but how are you ?",surprise
I didn't know you played a saxophone .,surprise
I didn't know you were a music aficionado .,surprise
I didn't know you were married .,surprise
I didn't know you were still here .,surprise
I didn't marry her under my real name .,surprise
I didn't recognize you standing up .,surprise
I didn't think you'd shoot .,surprise
I discovered that actually [PERSON] was not in [LOCATION] ... when the storm of battle broke .,surprise
I do not even know who you are .,surprise
I don't believe it ! He was down and out and finished !,surprise
I don't believe it .,surprise
I don't believe what we have done .,surprise
I don't know if he was a good man or if he was a bad man .,surprise
I don't know these sailboats .,surprise
I don't know what it is,surprise
I don't know what to say .,surprise
"I don't know , the words just slipped out .",surprise
"I don't mean to be handing you no line , but that's pretty hard to believe .",surprise
"I don't mind it if you call me [PERSON] , you know .",surprise
I don't see any native girls hungry for affection .,surprise
I don't think I've seen you before .,surprise
I don't understand . You're already married .,surprise
I don't want this !,surprise
"I find this hard to say without sounding condescending , but I'm proud of you .",surprise
I forgot who I was .,surprise
I got a man here that sailed on the Golden Arrow And lived to tell about it .,surprise
I guess [PERSON]'s got more sense than both of us .,surprise
I guess that's why the old man gave it to you !,surprise
I had no idea !,surprise
I hadn't heard you'd sold the place .,surprise
I have to go now .,surprise
I haven't been up this early in years .,surprise
"I haven't seen you around their office , though .",surprise
I haven't seen you for a week .,surprise
I haven't seen you for days .,surprise
I just didn't believe it .,surprise
I just got wised up to something funny the last few days .,surprise
I just had the weirdest dream .,surprise
I just happen to be taking the same train .,surprise
"I just saved your life , and you still don't trust me ?",surprise
"I killed this person for their money , right ?",surprise
I know him .,surprise
I like the bubble . - Yeah ?,surprise
"I mean , if our system wasn't any good , why did they take us over in the first place , right ?",surprise
I must have been crazy .,surprise
I never imagined what was a work for woman .,surprise
I never know in advance when I'm going to be a genius .,surprise
I never mentioned any illness .,surprise
I never scouted this neighborhood .,surprise
I never thought I'd make it .,surprise
I never thought of it ...,surprise
"I never thought of that , sir .",surprise
I noticed an enormous difference between [PERSON]'s projected figures and the ones off the extro - budget in the [LOCATION] market .,surprise
I rehearse my story . I try to think of all the questions they'll ask .,surprise
I request a recess .,surprise
"I said , [PERSON] , you're already married .",surprise
"I saw it , but I didn't believe it .",surprise
I saw the same book in her room .,surprise
I sent you all those letters .,surprise
"I should be back in [LOCATION] , sitting in front of a typewriter , making all this up for a movie .",surprise
I sit here and I can't believe that it happened .,surprise
I think so . Sure . Um ...,surprise
I though you didn't like blood sports .,surprise
I thought communications were out .,surprise
I thought he didn't drink .,surprise
I thought he didn't have any trusted friends except you .,surprise
I thought he was kidding .,surprise
I thought he was sick .,surprise
I thought I gave you plenty of time to ...,surprise
I thought I knew all of Grandpa's friends but I don't seem to recognize you .,surprise
I thought I was someone who I wasn't .,surprise
I thought it was all over .,surprise
I thought it was the old man's,surprise
I thought politics interested you .,surprise
I thought that was you .,surprise
I thought they said they was from [LOCATION] .,surprise
I thought they were with [PERSON] .,surprise
I thought you said she got on the helicopter .,surprise
I thought you said something .,surprise
I thought you were a confirmed private .,surprise
I thought you were fast asleep .,surprise
"I thought you were getting fatter , Mama !",surprise
I thought you were supposed to eat fish on a Friday .,surprise
I thought you were ...,surprise
I thought you weren't a romantic .,surprise
I thought you weren't coming home till tomorrow .,surprise
I thought you wouldn't see [PERSON] now you're back with [PERSON] .,surprise
I thought you'd be happy .,surprise
I thought you'd be old .,surprise
I thought you'd be thrilled to death .,surprise
I thought you'd gone .,surprise
I thought you'd question him .,surprise
I thought you'd want to come back and finish that concerto you were writing .,surprise
I thought your favourite was chicken .,surprise
I thought your little cousin was going to sell the stock .,surprise
I understand perfectly .,surprise
"I was amazed at his violent reaction until the evidence came to me that he owned those very 200 , acres .",surprise
I was just calling because I'm having a game night .,surprise
I was lucky I come across her last .,surprise
I wonder what he's doing with Mr [PERSON] .,surprise
I wonder what he's got against the marines ?,surprise
I wondered why I was suddenly being treated with respect .,surprise
I wouldn't have believed it .,surprise
I wouldn't think of such a thing !,surprise
I. . . didn't think I'd ever see you again .,surprise
"I'd always heard how badass you Grimms were , but your mother was a complete letdown .",surprise
I'd have to lead them through .,surprise
"I'd offer you something harder , but you don't drink ?",surprise
I'll be damned .,surprise
I'll be surprised . What about years ?,surprise
I'm actually beginning to like them .,surprise
I'm always getting winked at these days .,surprise
I'm impressed .,surprise
I'm not playing games right now .,surprise
"I'm pregnant , you know .",surprise
"I'm sorry , I'm conducting an examination .",surprise
"I'm sorry , ma'am , but you're needed in the Situation Room .",surprise
I'm surprised at you !,surprise
I'm surprised you didn't buy more than one dress yesterday .,surprise
"I've been called a lot of things , but  comfortable  !",surprise
I've been looking everywhere for you .,surprise
I've never been invisible before .,surprise
I've never done anything like that before in my life .,surprise
I've never seen anything like it before .,surprise
I've never seen such activity .,surprise
I've seen him !,surprise
If anyone had told me this morning that I'd decide to go to [LOCATION] ...,surprise
"If he is to be sacrificed before [PERSON] , why is he not painted red ?",surprise
"If I'd only known , I'd have come straight home .",surprise
"If not [PERSON] , who is it ?",surprise
"If that's all what we all thinking , why isn't someone just come right out and say it ?",surprise
"If you find any keys , hang on to them .",surprise
Impossible !,surprise
In charge of piers and warehouses ?,surprise
In her medicine cabinet ?,surprise
"In other words , you don't know ?",surprise
Incredible !,surprise
Incredible .,surprise
"Intriguing young lady , Miss [PERSON] .",surprise
Is Backpage an innocent facilitator or do they actually have a more active role in fashioning the kinds of ads that are actually being placed ?,surprise
Is he always like that ?,surprise
Is he really our cousin ?,surprise
Is it for this that you hold me back from a raid on [LOCATION] ?,surprise
Is it real ? Is it real pig ?,surprise
Is it really him ?,surprise
Is it supposed to work right away ?,surprise
Is it true the ballet's moving out ?,surprise
Is she the one in the painting ?,surprise
Is that chilli ?,surprise
Is that right ?,surprise
Is that so far from your desire ?,surprise
Is that true ?,surprise
Is that what this is ?,surprise
Is that what you want ?,surprise
Is that what you wanted ?,surprise
Is that what you're worried about ?,surprise
Is that why I had to come alone ?,surprise
"Is this absolutely where you live , my dearest one ?",surprise
Is this how it goes ?,surprise
Is this our new car ?,surprise
"Is this [PERSON] , who we went to [LOCATION] with ?",surprise
Is this some sort of a gag ?,surprise
"Is this the time , or I am blind ?",surprise
Is this Truth or Dare ? Say what ?,surprise
"Isabel , you look very lovely tonight .",surprise
Isn't that a dog up there ?,surprise
Isn't that the truth ?,surprise
Isn't that what this is all about ?,surprise
Isn't that what we planned for six months in your bedroom ?,surprise
Isn't there a guard ?,surprise
Isn't this a school day ?,surprise
Isn't this about professionalism ?,surprise
Isn't this the same desk ... ?,surprise
It astonished me .,surprise
It is nothing like we figured out .,surprise
It looks better on you .,surprise
It looks different here .,surprise
It must have been here all day .,surprise
"It sounds ridiculous , but the soldiers never lifted a hand to stop us .",surprise
"It stung at first , but now I can't feel a thing .",surprise
It was fine . You've been away all this time ?,surprise
It was the only game I could find where I wasn't holding markers on somebody .,surprise
"It was , uh , bound in human flesh , inked in blood .",surprise
It wasn't even loaded .,surprise
"It wasn't something that we could see , it wasn't in the paper .",surprise
It's a belt that makes its wearer invisible .,surprise
It's a CIT ?,surprise
It's a glitch in your system .,surprise
It's a little foggy that you're pissed about 'cause I thought -- ´,surprise
It's a miracle they lasted as long as they did .,surprise
It's a miracle .,surprise
It's a new car .,surprise
It's a one - way street !,surprise
It's a whole new deal .,surprise
"Now , this man is good .",surprise
"Now , what's this About your having a religious problem ?",surprise
"Now's your chance , go !",surprise
"Of course , a box !",surprise
"Of course , it's absurd that a priest would be involved .",surprise
Oh my God ! This is like romantical .,surprise
Oh my God ! You guys are all a bunch of freaks .,surprise
"Oh , come on , it's just a joke .",surprise
"Oh , did I ? Uh , I am .",surprise
"Oh , don't say that !",surprise
"Oh , fuck !",surprise
"Oh , God , it even has a barn .",surprise
"Oh , here we are . - Oh .",surprise
"Oh , how can you tell that from here ?",surprise
"Oh , I almost forgot .",surprise
"Oh , I see .",surprise
"Oh , is that [PERSON]'s idea ?",surprise
"Oh , is that what you told the general ?",surprise
"Oh , it was just ...",surprise
"Oh , it's just surprising .",surprise
"Oh , it's still there .",surprise
"Oh , my God !",surprise
"Oh , my god ! For $ , , anyone who put -- puts this here - And pulls the trigger .",surprise
"Oh , my god ! What are you doing ?",surprise
"Oh , my god .",surprise
"Oh , my goodness .",surprise
"Oh , my gosh !",surprise
"Oh , my !",surprise
"Oh , no , no , no .",surprise
"Oh , no ! - Oh , yes !",surprise
"Oh , professor ... just a moment .",surprise
"Oh , Sorry [PERSON] .",surprise
"Oh , that's what you're working on ?",surprise
"Oh , there we go . Look at that .",surprise
"Oh , this is a Kandinsky !",surprise
"Oh , what are you doing here ?",surprise
"Oh , you got me . - That better ?",surprise
"Oh , you have tobacco !",surprise
"Oh , you must be from around here .",surprise
"Oh , you understand the occult !",surprise
Oh !,surprise
Oh ! Sorry . You made me jump .,surprise
Oh .,surprise
"OK , fine . Then --",surprise
"OK , you know the drill .",surprise
"Okay , good luck I guess !",surprise
"Okay , we have , uh , chamomile , [PERSON] --",surprise
"Okay . You're kidding , right ?",surprise
"Old man , how long have your been here ?",surprise
"Old man , why are you carving my name ?",surprise
On an island famous for its fruit and vegetables ?,surprise
On your head ? She hurt my head .,surprise
One man muzzling a whole state ?,surprise
One !,surprise
"Ooh , its breath was like a furnace !",surprise
or something ? - Fuck ! - [PERSON] .,surprise
Or was I the man of the future ?,surprise
"Out there , you got me a little wrong .",surprise
Outstanding !,surprise
Outstanding .,surprise
Painter ?,surprise
"Pardon me , are you an explorer ?",surprise
"[PERSON] , they just caught this guy .",surprise
Profess --,surprise
Professor ?,surprise
Qualified ?,surprise
Quite an act .,surprise
Rakonin has just given me the most amazing news .,surprise
Really !,surprise
Really .,surprise
"Remember , when you invited me ?",surprise
"Right , Lieutenant ?",surprise
[PERSON] ! We're family !,surprise
[LOCATION] has done the impossible .,surprise
Safe from what ?,surprise
Saint Deus . What she said ?,surprise
"[LOCATION]'s not that great , you know .",surprise
Satan !,surprise
"Say , wait a minute .",surprise
Script girl .,surprise
Seems he has a taste for beef .,surprise
Seems much slower than the other eight times I've seen it .,surprise
Selah .,surprise
Senator [PERSON] decided this with you ?,surprise
She could not have been with [PERSON] .,surprise
She did what ?,surprise
She does not dance no more ?,surprise
She eats !,surprise
She gave you that ?,surprise
She has the name of a man .,surprise
She kissed you ?,surprise
She knew something .,surprise
She really do all that dancing ?,surprise
She wants to talk to me ?,surprise
She was the one ... who got you the passport to go to the [LOCATION] .,surprise
She was wearing them tonight .,surprise
"She wears the pants alright , but somehow she always strips her gears .",surprise
"She won't answer her helm , sir .",surprise
She's empty .,surprise
She's flying straight to [LOCATION] to be with her father ?,surprise
She's getting outta range !,surprise
She's in labor now ?,surprise
She's not taking that .,surprise
She's pregnant ?,surprise
She's pretty full on .,surprise
She's two hundred years old .,surprise
"Silly , it never occurred to me .",surprise
Since you're sitting in the corner . You're usually a power table kind of girl .,surprise
"Six months ago , who'd have thought we'd be spending Christmas together ?",surprise
Smuggle their manuscripts out to the [LOCATION] ?,surprise
So how can you tell the difference ?,surprise
So it really is the same old [PERSON] that we all knew and loved .,surprise
So that's what those things are for .,surprise
So that's what you came to see me about ?,surprise
So that's where the old raunch kept his stash !,surprise
So there really is someone named [PERSON] -[PERSON] !,surprise
So why didn't you invite [PERSON] ?,surprise
So you don't think that's funny ?,surprise
So you're behind all this .,surprise
So you're [PERSON] .,surprise
"So , a rose is not a rose , and an umbrella has nothing to do with rain .",surprise
"So , how is it you know so little about cars ?",surprise
"So , I can not imagine , my dear [PERSON] , why you should wish to involve yourself .",surprise
"So , I heard you we're going to propose to [PERSON] in some theme park .",surprise
"So , what can I do for you ?",surprise
"So , you're a lawyer now ?",surprise
"Some unidentified walk - in is telling us the Russians are way behind , they can't hurt us , we can pull in our horns .",surprise
Someone gathered the powders to sleep to the tonic ?,surprise
Someone we know ?,surprise
Someone's shown up to bail the city out .,surprise
Something about your mother .,surprise
Something very unusual has happened .,surprise
Something's happened to the dog .,surprise
"Sometimes , in the middle of the night , I sit up and wonder where I am .",surprise
"Sounds great , but what is it ?",surprise
"Strange men , you mean ?",surprise
Strelnikov is dead . - What ?,surprise
Styles Court is even glorious !,surprise
"Suck on that . Hey , who's there ?",surprise
"Suppose I could prove it to you . Suppose I asked you for your help . Would you give it to me , without telling anybody , not saying anything to anyone ?",surprise
Sure I do .,surprise
"Take all the time in the world , Barley .",surprise
Talk what things over ?,surprise
Tell me what [PERSON] was doing with a bribery file .,surprise
Tell me what ?,surprise
"Tell me , what keeps you from burning out ?",surprise
"That chorus , they work really hard .",surprise
That huge place over there ?,surprise
That is outrageous .,surprise
That is some horse .,surprise
"That meteor is either very light , which is unheard of , or it's hollow .",surprise
"That name's kinda familiar , ain't it , Mink ?",surprise
That only took two seconds .,surprise
That surprises me even more .,surprise
That surprises me .,surprise
That was close .,surprise
That was his wife's plantation ?,surprise
That was my girl . Wait .,surprise
That was some road trip .,surprise
That !,surprise
That's a big surprise .,surprise
"That's a hell of a story , Bell .",surprise
"That's a lot of love , to give up the money he's making .",surprise
That's a terrible lot of money for a working woman to pay .,surprise
"That's a twist . - Oh , a fruit twist ?",surprise
That's a weapon in your world ?,surprise
That's all ?,surprise
That's confusing the issue .,surprise
That's incredible .,surprise
That's not bad for a blind man .,surprise
That's not judge [PERSON] .,surprise
That's not unusual .,surprise
That's odd .,surprise
"That's right , $ , .",surprise
"That's some ride , huh ?",surprise
That's some sign you got on the door out there .,surprise
"That's strange , my brother can't drive like that .",surprise
That's the biggest pot yet .,surprise
That's the boy wonder ?,surprise
That's the first encouraging thing you've said .,surprise
That's very rare .,surprise
That's why I couldn't remember anything on Saturday .,surprise
That's why you brought me here ?,surprise
The back door !,surprise
The Belgian of the village ?,surprise
The best ! - Mr. [PERSON] !,surprise
"The bus , the bus !",surprise
The chauffeur ? The stable boy ?,surprise
"The creatures were about uh , four foot .",surprise
The defence has an interesting point .,surprise
The dog grabs the gorilla and swings what ?,surprise
The dove was a ghost ?,surprise
The Enquirer . The Star . Variety .,surprise
The first person who's nice to us is another out - of - towner .,surprise
The heavyweight champion is down !,surprise
The horse ? - The horse .,surprise
The island's ours ?,surprise
The killer ! - There's no killer here .,surprise
The Lady herself Inglethorp !,surprise
The Martians had calculated their descent with amazing perfection .,surprise
"The Miss [PERSON] ? I don't believe it . My brother , [PERSON] , told me all about you .",surprise
The [PERSON] !,surprise
"The old man can still catch , huh ?",surprise
The old man was right after all !,surprise
The President doesn't know it's occurring .,surprise
The princess has been acting very strangely .,surprise
The ring !,surprise
The stewardess is flying the plane ?,surprise
"The suspect's body , who we now believe is our Jack the Ripper copycat , was discovered late last night .",surprise
"The things are walking fast , my friend . Perhaps fast too much .",surprise
The tree is alive ?,surprise
The woman that let her in swears your secretary told her she was with the National Transportation Safety Board .,surprise
"Then again , you never can tell .",surprise
Then he was relieved unjustly ?,surprise
Then why are you hanging around here ?,surprise
Then you weren't angry because I wasn't there ?,surprise
"Then , suddenly , I vomited on my family . Hmm .",surprise
"Theoretically , it should have a much greater effect .",surprise
"There are you , free to come and go as you please , and you choose to stay here .",surprise
"There I was , face to face with [PERSON] .",surprise
There is something strange about that boy !,surprise
There ought to be some ...,surprise
"There she sat , gazing at me with her big eyes .",surprise
There's a airplane on you . - You drew an airplane on me ?,surprise
There's a shitload of that .,surprise
"There's a wireless in this hut , sir .",surprise
There's somebody at the door .,surprise
There's somebody out there .,surprise
"They are wise , these old women !",surprise
"They don't know he's here , do they ?",surprise
They got ta be out of their minds !,surprise
They haven't even been touched !,surprise
They just all happened to be in the same place ...,surprise
"They laugh and kiss , then they scream and beat each other .",surprise
They must've wiped this place clean .,surprise
They sent you . - What ?,surprise
"They told me you had a wine cellar , but I didn't believe it .",surprise
They told me you wouldn't see me .,surprise
They took [PERSON]'s body ? He can't even bury her ?,surprise
They wouldn't let you take your dog ?,surprise
"They're real , aren't they ?",surprise
They're unbelievable .,surprise
They've all left their tire tracks on the desert roads .,surprise
This doesn't make sense .,surprise
This heat is really something .,surprise
"This horse is a running motherfucker . - No , shit . - Yeah .",surprise
This is a better game than I thought .,surprise
This is a surprise .,surprise
This is absurd .,surprise
This is an unscheduled surprise .,surprise
This is quite a pleasant surprise .,surprise
This is quite a setup they have here .,surprise
This is the bridal suite ?,surprise
This is the largest police car I've ever seen .,surprise
This is your idea ?,surprise
This kid's taking this too good .,surprise
"This morning this place was filled with books , wall to wall !",surprise
"This one's on the house . - Thanks , but ...",surprise
This was the most - watched event in the history of the National Press Club .,surprise
This ? Do you know what this is ?,surprise
Those bathing beauties you've been watching haven't raised your temperature one degree in a month .,surprise
Those men hadn't even thought of that .,surprise
Thought I saw some resemblance .,surprise
Thought she wants to get an education .,surprise
To cover it up .,surprise
"To me , man is a tremendous creation , an inconceivable thought .",surprise
"[PERSON] , the baby ?",surprise
"Tonight ? No , no . No feathers .",surprise
Tri Face !,surprise
Trubel killed [PERSON] ?,surprise
Trubel ?,surprise
Two men believed responsible for the attack were captured .,surprise
Two rings ... purse .,surprise
Two whole days !,surprise
"Uh , I'm late for a meeting .",surprise
"Uh , I'm not remembering anything .",surprise
"Uh , it's an interesting case .",surprise
"Uh , something like that , yes .",surprise
Uh ... we're just gonna do nothing ?,surprise
"Um , should I wait for you ? No , no .",surprise
Um ... I'm always getting myself into these kinds of things .,surprise
Um ... Yeah .,surprise
Unbelievable .,surprise
Uncle [PERSON] ?,surprise
Underwater ?,surprise
Unless he's looking for something else .,surprise
"Usually , this woman is gentle as a dove .",surprise
Vinnie !,surprise
Wait a minute now .,surprise
"Wait a minute , how much is this ?",surprise
"Wait a minute , I'm ahead of you .",surprise
Wait a minute . While you had what's - her - name sitting on your face ...,surprise
"Wait , and you never went to the cops after all these years .",surprise
Was it a cop ?,surprise
Was it so difficult ?,surprise
Was she really sick ?,surprise
Was that the phone ?,surprise
Was ?,surprise
Wasn't he that shop's bill collector ?,surprise
We all thought you were dead .,surprise
"We don't know much about anything , do we ?",surprise
We found his badge .,surprise
"We got a real mess here , man .",surprise
We have to look beyond normal .,surprise
We lost them ! I think we lost them ! - Thank God !,surprise
"We miss one payment , and you can foreclose ?",surprise
We need an IV right now !,surprise
We thought Monsignor [PERSON] will take over the building fund .,surprise
We weren't expecting you for a while yet .,surprise
We weren't thinking of going quite that far with it .,surprise
We wound up on a train . - A train ?,surprise
We're being attacked !,surprise
"Well , haven't you seen the paper ?",surprise
"Well , I must say you're quite different from what I expected .",surprise
"Well , I never thought I'd see the day .",surprise
"Well , I never thought I'd spend my wedding night with you , [PERSON] .",surprise
"Well , if his books are any indication , he has lived quite a life .",surprise
"Well , it has a firm hand , I must say it .",surprise
"Well , look who's here .",surprise
"Well , that wasn't very nice .",surprise
"Well , that's a lot of them . Whoa .",surprise
"Well , that's not a very even trade .",surprise
"Well , there it is .",surprise
"Well , you said the name of the boat on television . I knew it was [PERSON]'s .",surprise
Were you a guest ?,surprise
Were you alone ? - Yes .,surprise
What a charming idea for [LOCATION] to surprise us with a lady comrade .,surprise
"What a comeback , [PERSON] ventura !",surprise
What a levitation move ! [PERSON] said unto him ...,surprise
What a man !,surprise
What a strange - looking dogl,surprise
What a surprise to see you .,surprise
What a tool !,surprise
What about dynamite ?,surprise
What about him ?,surprise
What about the herd ?,surprise
What about the horses and the cattle ?,surprise
What about the treasure ?,surprise
"What am I doing here , [PERSON] ?",surprise
What an extraordinary mother .,surprise
What are the chances of finding that ?,surprise
What are they doing here ?,surprise
What are those lights ?,surprise
What are you doin' here ?,surprise
"What are you doing here , [PERSON] ?",surprise
What are you doing in here ?,surprise
What are you doing with my uncle's briefcase ?,surprise
What are you doing with this guy ?,surprise
"What are you doing , making a career out of this ?",surprise
What are you doing ?,surprise
What are you doing ? !,surprise
"What are you doing ? ! - So long , guys .",surprise
"What are you doing ? All right , come on .",surprise
What are you gonna do all by yourself ?,surprise
What are you gonna do there ?,surprise
What are you talkin' about ?,surprise
What brings you back so early ?,surprise
What did he bring his pigeons for ?,surprise
What do think I contacted you for ?,surprise
What do you mean by that ?,surprise
"What do you mean , call ?",surprise
"What do you mean , there's no more money ?",surprise
"What do you mean , they're gonna try ?",surprise
What do you need money for ?,surprise
What do you want the carpenter for ?,surprise
What does my height have to do with anything ?,surprise
What else do you have to tell ?,surprise
What happened in church ?,surprise
What happened to him ?,surprise
What happened to your coat ?,surprise
What happened ? Where are the others ?,surprise
"What has happened to your friends , Father ?",surprise
"What he could be is your son . Yeah , he's my seedling ' ...",surprise
"What I say is , why go on living with them if they can't stand them ?",surprise
What in the hell are you doing here at this hour of the morning ?,surprise
What in the world is all this ?,surprise
"What is that , a threat ?",surprise
"What kind of a girl are you , anyway ?",surprise
What kind of an answer is that against a $ million world gross ? You don't say .,surprise
What kind of mission ?,surprise
What made you think you could get in ?,surprise
What makes you think there's something the matter with her ?,surprise
What on earth have they been doing to you ?,surprise
What parade ?,surprise
"What precinct , sir ?",surprise
What revenge ?,surprise
What sort of a man are you ?,surprise
What that !,surprise
What the blaze is going on here ?,surprise
What the hell does  it purport to describe ?,surprise
What the hell ? - To see if she was a Grimm .,surprise
What the ...,surprise
What was what ?,surprise
What were they counting on ?,surprise
What were you seeing him about ?,surprise
What would a plate like this be doing in a World War II munition ship ?,surprise
"What , are you smuggling furs or something ?",surprise
"What , do you think I consider it recreation ?",surprise
"What , just to see me ?",surprise
"What , somebody had a saxophone ?",surprise
What !,surprise
What ? !,surprise
What ? I think we've found ourselves an angel .,surprise
"What ? What , daddy ?",surprise
What'd you just say ?,surprise
What'll take to get you to realise I'm givin' you a chance to pull yourselves together ?,surprise
What're you still doing here ?,surprise
What's all the celebrating ?,surprise
What's all this for ?,surprise
What's going on between you two ?,surprise
What's he doing there ?,surprise
What's he saying ? - He says he's an Egyptian sailor .,surprise
What's his name again ?,surprise
What's [PERSON] got to do with this ?,surprise
What's that for ?,surprise
What's that got to do with it ?,surprise
What's the big deal about Him suffering on earth if He knew He was going to rejoin His Father in Heaven ?,surprise
What's the great rush ?,surprise
What's the idea of turning her down ?,surprise
What's the matter with my policy ?,surprise
What's the matter with you ? What happened ?,surprise
"What's the matter , kids ?",surprise
What's this about a film ?,surprise
What's this Chicken Volavent ?,surprise
What's this doin' in your ear ?,surprise
What's this with the orange bow on here ?,surprise
What's weak about wanting ?,surprise
What's what like ?,surprise
What's with [PERSON] ?,surprise
What's with those cicadas anyway ?,surprise
"What's your hurry , honey ? He's not gonna run away !",surprise
What's your school counsellor wan na see me for ?,surprise
What's Zharkov doing on the plane ?,surprise
When did that start ?,surprise
When did you discover that ?,surprise
When did you get back ?,surprise
When did you know ?,surprise
When does he ever hear me swear ?,surprise
"When I came here , I thought this was gonna be a 30 - day stretch , maybe 60 .",surprise
"When we say not bad , we don't mean not bad .  - We mean it's bloody marvelous . - Yeah ?",surprise
Where are the females ?,surprise
Where are the new boys ?,surprise
Where did [PERSON] get his share of money ?,surprise
Where did I see your face before ?,surprise
Where did she get a bag to match those shoes ?,surprise
Where is [PERSON] ? !,surprise
Where is everybody ?,surprise
Where'd this come from ?,surprise
Where'd you get the money ?,surprise
"Where'd you get this , exactly ?",surprise
Where's all the money today ?,surprise
"Where's [PERSON]'s old lady , man ? ,",surprise
Where's that wonderful music coming from ?,surprise
Where's your sense of humor ?,surprise
Where's your uniform ?,surprise
Wherever did you find her ?,surprise
Which I wonder if I'm in his present company .,surprise
Which items ?,surprise
Who are you calling this late ?,surprise
Who do you think it is ?,surprise
Who is he ?,surprise
Who is she ?,surprise
Who is this delivery from ?,surprise
Who is this woman ?,surprise
Who let you in ?,surprise
Who ordered this ? - The gentleman did .,surprise
Who said I'm moving ?,surprise
Who told you that ?,surprise
Who took her body ?,surprise
Who was so interested ?,surprise
Who wears a thing like that ?,surprise
Who were you expecting ?,surprise
Who would he choose ?,surprise
"Who , you mean the current acting President of the [LOCATION] ?",surprise
Who ?,surprise
Who ? - I don't know .,surprise
Who's askin' to see me ?,surprise
Who's probably taking the day off again ?,surprise
"Whoa , look at that .",surprise
Whoa ! - A goldfish .,surprise
Whoa ! [PERSON] !,surprise
Why am I here ?,surprise
Why are we peddling our precious possessions to the world at this time ?,surprise
Why are you asking me all these questions ?,surprise
Why are you here ?,surprise
Why are you saying these things ?,surprise
Why are you so good to us ?,surprise
Why aren't they over Diamond Head ?,surprise
Why aren't they telling us anything ?,surprise
Why aren't you chasing ambulances ?,surprise
Why aren't you helping [PERSON] with my surprise birthday party ?,surprise
Why can't I say it ?,surprise
Why can't they get along without us ?,surprise
"Why [PERSON] , what are you doing here ?",surprise
Why did the inspector allow me to say all those things ?,surprise
Why did they pull out ?,surprise
Why did you change words in the middle of the sentence ?,surprise
"Why did you do it , [PERSON] ?",surprise
Why did you ever go there at all ?,surprise
Why did you get married ?,surprise
Why did you run away ?,surprise
Why did you shoot him ?,surprise
Why didn't you ask me ?,surprise
Why didn't you take her home ?,surprise
Why didn't your operator look at the other indicators ?,surprise
Why do you say that ?,surprise
"Why do you want to make yourself a slave to this dull business , when you could be on a lovely yacht , with a lovely man , visiting the Greek islands , seeing all the world ?",surprise
Why do you writers take such chances ?,surprise
Why don't they use something easy to get ?,surprise
Why don't you fire her ?,surprise
Why have you been carrying the bags with you all the time ?,surprise
Why is he driving ?,surprise
Why is he leaving that position ?,surprise
Why is he letting him go ?,surprise
"Why is he naked , Sergeant ?",surprise
Why is it that you know so much about them ?,surprise
Why is there a statue of a husky ?,surprise
Why is Willy coming here ?,surprise
Why isn't he at his desk ?,surprise
Why isn't he traveling with you ?,surprise
Why not you ?,surprise
Why on earth did she come here ?,surprise
Why should I take the chance that I lose it ?,surprise
Why should that worry you ?,surprise
Why should the signing of these articles be suddenly held up ?,surprise
"Why should today be any different , you know what I mean ?",surprise
Why would he buy a bible ?,surprise
"Why would they arrest you , Father ?",surprise
Why would they change it now ?,surprise
Why wouldn't they have told me ?,surprise
Why you drinkin' that cold coffee ?,surprise
"Why , [PERSON] , you aren't supposed to know anything about that .",surprise
"Why , if it isn't our friend the sharpshooter .",surprise
"Why , you don't have to hide .",surprise
Why'd you stop ?,surprise
Why's she making those funny noises ?,surprise
Will you please tell me how you knew that ?,surprise
"With the transit trouble , I didn't expect to see you on time .",surprise
Witness interviews ?,surprise
Women just love single male parents .,surprise
Won't those two years in court be expensive for you ?,surprise
Would you like me to go back and get [PERSON] out ?,surprise
Wouldn't they have done it anyway ?,surprise
Wouldn't this be faster ?,surprise
"Yeah , and I wish I could keep it !",surprise
"Yeah , I knew it ! He said it's only a guess ! I still say it's p.M.S.",surprise
"Yes . Yes , I'd like to hire you as an employee .",surprise
Yes . Yes . Plays cards like an English officer and a gentleman .,surprise
"Yesterday I was greatly amazed when I came from the market ... and found you'd made your bed , sir .",surprise
Yesterday they didn't even have a kid and now they have a seven - year - old .,surprise
Yet you turned to him for advice when you wouldn't turn to your husband .,surprise
You ?,surprise
You are here looking for a friend ?,surprise
You are ?,surprise
You broke your husband out of prerelease ?,surprise
You can do this ?,surprise
You can tell from here ?,surprise
You can't go down there !,surprise
You can't leave me here alone .,surprise
You clean up real nice .,surprise
You could love me ?,surprise
You could tell just by looking at him that half the time he didn't know where he was .,surprise
You couldn't leave your girl ?,surprise
"You count good , but where's the change ?",surprise
You did not bore me .,surprise
You didn't expect me to stay away ?,surprise
You didn't get legal advice ?,surprise
You didn't know he's back ?,surprise
"You didn't know that about [PERSON] , eh ?",surprise
You didn't put anything for job history .,surprise
"You don't believe that stuff , do you ?",surprise
You don't even know him !,surprise
"You don't like jazz , pal ?",surprise
You don't like what you're doing ?,surprise
You don't often see a set of charlies that nice .,surprise
You don't say ?,surprise
You don't seem the least bit worried about the pending charges against your secretary .,surprise
You dreamt I lost some weight ?,surprise
You forgot your shoes .,surprise
"You gave $ 50 , for this horse ?",surprise
You get off wearing women's clothing ?,surprise
You go expecting these things to happen and they do .,surprise
You go for the piano for the first month .,surprise
"You hadn't seen him in years , and yet you say he was an old friend .",surprise
You have a lot of faith in us !,surprise
You have a resemblance to him .,surprise
You have changed .,surprise
"You have the most unusual name , too .",surprise
"You hiding him , boy ?",surprise
You intend to take it yourself ?,surprise
You knew that too ?,surprise
You know Mr. [PERSON] and Mr. [PERSON] from before ?,surprise
"You know something ? Off the screen , I don't think I've ever seen you laugh before .",surprise
You know this guy ? - Yeah .,surprise
You know what we ought to do ? Steal the money for ourselves .,surprise
You know when I realized that ?,surprise
"You know , come to think of it , It is a rather interesting conception .",surprise
"You know , for a minute , that [PERSON] almost had me convinced I was wrong .",surprise
"You know , for an Italian kid , you ain't got a bad butt .",surprise
You look different .,surprise
You look pretty good up there yourself .,surprise
You lost your ship ?,surprise
You love her or what ?,surprise
You love him ?,surprise
You made me remember things that I had forgotten .,surprise
You mean I'm supposed to take mama's place ?,surprise
You mean in the morning ?,surprise
You mean [PERSON] was here ?,surprise
You mean somebody she let in opened the windows so it looked like a break - in ?,surprise
You mean they're throwing punches ?,surprise
You mean to say I have this all to myself ?,surprise
You mean to tell me you wear a different dress for different times of the day ?,surprise
You mean you haven't even heard from him ?,surprise
You mean you're through with the case ?,surprise
You mean you're trading in your horse for a wagon ride ?,surprise
"You mean , he has a key to your home ?",surprise
"You mean , people can hear me now ?",surprise
"You mean , you could sell us but you won't ?",surprise
You must have a strong stomach to want to see that sort of thing .,surprise
You must love that guy to do what you did for him .,surprise
You never gonna get married ?,surprise
You never know what is looking ... or what you think .,surprise
You never spoke about it .,surprise
You never told me your father was ...,surprise
You never used to drink it straight like that .,surprise
You never wore that before .,surprise
"You one of them rare youths , yeah ?",surprise
You only get one pass at it .,surprise
"You protect a fruit stand , man , a shoeshine parlor , you know ?",surprise
"You really like her , [PERSON] ?",surprise
You really want it that bad ?,surprise
You remembered my favorite color .,surprise
You said she was coming with us .,surprise
You shot Mr. [PERSON] !,surprise
You sound further away than that .,surprise
You sound like a woman with a mission . I am .,surprise
You spoke for him .,surprise
"You steal a little swordfish , and [PERSON] should lighten up ?",surprise
You still workin' on that deal ?,surprise
You suggested I needed a representative on [PERSON] .,surprise
You sure this is the right address ?,surprise
You sure you ain't got me mixed up with somebody else ?,surprise
You sure you want to do this ?,surprise
"You surprise me , Mr. [PERSON] .",surprise
You tell these men and Senator [PERSON] what to do ?,surprise
"You think he's gonna say , I've had it  ?",surprise
You think so ?,surprise
You think the soldiers are Russian ?,surprise
"You thought I was in this for the money , [PERSON] ?",surprise
You tryin' to adopt a kid ?,surprise
You two know each other ?,surprise
You walk awful fast for a little thing don't you ?,surprise
You wan na infiltrate a motorcycle gang you don't know how to ride a motorcycle ?,surprise
You want me to go in there ?,surprise
You want us to believe that ?,surprise
You were married .,surprise
You were told about the vortex ?,surprise
You weren't on the team the last time we beat you .,surprise
You won't believe it until you see it .,surprise
You won't believe this .,surprise
You won't stand for it ?,surprise
You wouldn't be offended if I call the police ?,surprise
"You wouldn't close him down if you were [PERSON] , would you ?",surprise
You wrote me letters ?,surprise
"You , the most innocent of them all ?",surprise
You'd be surprised how many nice people dine with them .,surprise
You'd think they'd let a man keep his hair .,surprise
You're a detective now ?,surprise
You're a month early for the book fair .,surprise
You're a rare specimen,surprise
You're betrothed ?,surprise
You're [PERSON] ? !,surprise
You're crazy .,surprise
You're full of surprises .,surprise
You're getting out .,surprise
You're going to the police ?,surprise
You're happy all the time ?,surprise
"You're home a little early , aren't you ?",surprise
"You're kidding , right ?",surprise
"You're meaning ' the monster , ain't ya , mate ?",surprise
"You're not beginning that again , are you ?",surprise
You're not going to hang me ?,surprise
You're not going to marry him ?,surprise
You're not gonna believe this .,surprise
You're not married ?,surprise
You're not thinking of committing a crime ?,surprise
You're not trying to get a story ?,surprise
"You're not usually so slow on the uptake , [PERSON] .",surprise
"You're probably wondering what I'm doing here in this box. ,",surprise
You're probably wondering why I'm here .,surprise
"You're really the tolerant type , [PERSON] !",surprise
"You're right . But it wasn't me , sir .",surprise
You're saying she's not from the island ?,surprise
You're saying that someone made it look as if it had been forced from the outside ?,surprise
You're still dressed ?,surprise
"You're sure of that , are you ?",surprise
You're the busiest woman I ever saw .,surprise
"You're up early , Mr. President .",surprise
You've always had to work ?,surprise
You've been to the top of the Sistine Chapel ?,surprise
You've come home .,surprise
You've finished the whole investigation ?,surprise
You've gone too far !,surprise
You've got a beard ! You're a man !,surprise
You've got a gun .,surprise
You've got a woman here ?,surprise
You've made no protests yourself ?,surprise
You've seen what ?,surprise
"Young man , you think this thing won't fly ?",surprise
Your book is brilliant ... but it lacks scope .,surprise
Your brother taught you to kiss ?,surprise
Your chest again .,surprise
"Your hands are sunburned , aren't they ?",surprise
Your mommy took you to the hospital because you were hurt .,surprise
