text,label
But you're lying .,disgust
I didn't know you were married .,surprise
"All right , you big bastard , come on .",disgust
How are you going to stop them ?,fear
No one wants to fly with you .,anger
I'm trying to find some peace with this and you're not helping .,anger
"Every time I run into you , you tell me whatever shady thing just went down was about the greater good or that it didn't happen , or this , that , or the other .",anger
It was awful !,sadness
"If I thought you were the slightest bit interested , I would .",anger
I thought you'd be old .,surprise
Does not this makes you laugh ?,surprise
"You wan na stay out of prison , right ?",anger
That's all you can do . You're right . You're absolutely right .,anger
"Well , that's very thoughtful of you .",joy
Yeah . Too good .,fear
Everyone was in mourning .,sadness
Who said I'm moving ?,surprise
I know you're crazy about me .,joy
You're the little guy that tried to make off with my queen .,disgust
"Oh , he's hurt !",fear
What's he got to do with this thing ?,anger
"Why , this was given to me by a very dear friend .",joy
"All right . - Okay . - It was nice to meet you , mark .",joy
You don't know me .,anger
Stop the whore .,disgust
"One , that I don't mess up as a manager .",fear
"Um , look , can we just forget last night ?",fear
This is paradise .,joy
Don't let her order you around .,anger
"Okay , we have , uh , chamomile , [PERSON] --",surprise
Absolutely hilarious .,joy
"The other day , you looked like you were still hurting .",sadness
"As if all my life I had lived in a dark place , and all at once the lights went on .",joy
Turn back the clock ?,anger
Completely out of our hands . - I don't accept that . - It's out of your hands .,sadness
I'd rather take a whipping than mend fences .,sadness
It's probably bullshit .,anger
Who gave you this idea ?,anger
And ten minutes later I got the call ... that the court had found in our favor .,joy
"[PERSON] , what the hell have you done to the coffee ?",disgust
He went after him like ...,fear
"This kid's cryin' , man .",sadness
Something's wrong .,fear
Come on . I want to dance .,joy
Here we go again .,fear
Drop that cannon .,anger
We're free .,joy
When I left her she was alive !,fear
Keep your men here !,anger
I won't be made a fool of .,anger
"[PERSON] , why are you so cross ?",surprise
Then you'll get rid of me .,fear
"A perfect place to lose anybody , but this little doll's our cover story .",anger
So that at least narrows down where they are right now .,joy
Now what makes you think I hate her ?,surprise
You and [PERSON] will be doing the dirty crockery alone this evening .,disgust
She really do all that dancing ?,surprise
It's time .,joy
She's on her way . - Fine .,anger
"So far , I hate it .",anger
"And what will you do then , [PERSON] ?",anger
It's like falling off a log .,sadness
Faster ? ! ...,fear
"She was a prisoner as I was , and he just heard that she's dead .",sadness
Don't leave without saying goodbye .,sadness
"They would be bugging your phone , surveilling you hours a day , and they wouldn't have tipped you by sending [PERSON] . I -",fear
I swear . I don't know where you get it from . But you !,anger
Why don't you kill him .,anger
"It was , uh , bound in human flesh , inked in blood .",surprise
"That night , we went dancing .",joy
Police are about to release a statement about the circumstances of her death ...,sadness
"He had a bad moustache , a lot of bad habits .",disgust
Poor darling .,sadness
"You one of them rare youths , yeah ?",surprise
What do you need money for ?,surprise
How did you learn to fight like that ?,surprise
We thought anybody can understand this .,anger
That soda shop was something .,joy
Do you believe that ?,surprise
Thank you . Good night .,joy
"Oh , God . Where's my wimple ?",fear
"When we first went there , [PERSON] , he could barely speak .",sadness
"To tell the truth , [PERSON] , tonight we're a little bit nervous .",fear
"Look , it was great to see you again , okay ? I just --",sadness
Who told you that ?,surprise
"Do you feel the ecstasy , [LOCATION] ?",joy
"Ah , there he is .",joy
"Because it is in love with her , clear .",joy
It was nice of your mother to let you come .,joy
Don't you want to go to [LOCATION] ?,surprise
Terrific !,joy
"You know , I still expect him to come home for dinner .",sadness
This is not my day .,sadness
"You really like her , [PERSON] ?",surprise
"I never thought I'd see the day . Will you move over June , I can't see my knockout of a granddaughter ?",sadness
"What am I doing here , [PERSON] ?",surprise
I'll go to the club car to get you something to eat .,joy
Figure out which one you are and call back .,anger
Snap out of it ! He took my [PERSON] !,anger
"What , do you think I consider it recreation ?",surprise
"It is not my [PERSON] , [PERSON] .",anger
"Thanks , Rock .",joy
"Ladies , please , can you please quiet down ?",anger
What happens to the gold in our safe ?,fear
I'm so happy for you .,joy
"Oh , good gracious .",fear
Damn you !,anger
"Good heavens , these Russian names .",surprise
Don't drink alone .,sadness
"[PERSON] päätti ottaa teidät [PERSON] tilalle ? , Why didn't you tell me ?",anger
You're the busiest woman I ever saw .,surprise
"Oh , boy .",fear
It's because of you people that I can not get outside !,disgust
Go get them and get them quick !,fear
We need an IV right now !,surprise
Don't do it haphazardly This spell is hard to reverse,fear
I make flowers grow .,joy
He's doing fine .,joy
"When [PERSON] got seriously ill , you sent her to a home .",sadness
Give me a minute .,anger
I can't understand half of them and I used to be a lawyer .,sadness
"May I say , my dear Colonel , that it's good to breathe the air of the Gestapo again .",joy
"What kind of a father are you , anyway ?",disgust
"Now , don't be a child .",disgust
Everybody except me .,sadness
I was too nervous .,fear
What if an RD conks out ?,sadness
It's rather funny .,joy
You shouldn't be in here .,anger
My [PERSON] is dead .,sadness
"Man , they'd lock me up from now to [PERSON] .",fear
[PERSON]'s my boy .,joy
"All right , though , innit ?",joy
That surprises me even more .,surprise
She loved racing .,joy
"When the shooting starts , don't forget to duck .",fear
But these are criminals .,surprise
"Hey , Beef , if [PERSON] says the van was empty , the van was empty .",anger
"Young man , you think this thing won't fly ?",surprise
"I wonder how she likes it now , being ordered about by an ex-chorus girl .",disgust
"A horse - ranch Indian , a drunken gunfighter , a sex maniac ... and an uncle !",surprise
"In the dream , the destroyer's destroyed .",fear
This is only just for it is they who betrayed you by surrender .,disgust
Why do you wear that rug ?,disgust
I've got a scar .,sadness
"[PERSON] , what happened ?",surprise
The girls have so little time .,sadness
It breaks my heart .,sadness
It's not like they'll miss it .,disgust
On your head ? She hurt my head .,surprise
And so I clicked it and ... There was the pictures of my daughter .,surprise
Please come . Come and take me .,sadness
"And I appreciate it , [PERSON] .",joy
"Good job , good job .",joy
She loves us very much .,joy
Not a bad family to marry into .,joy
I do not peek .,anger
Maybe that's where they're keeping the kids .,surprise
I can't trust nobody .,fear
"There are you , free to come and go as you please , and you choose to stay here .",surprise
Too bad the girls are in [LOCATION] .,sadness
I must find a place to get out of this downpour !,anger
Humans are dumb .,disgust
A lady wouldn't work for this outfit .,anger
Who told you to step up on my sneakers ?,disgust
"For once in my life , I'm telling --",anger
I'll give you two .,joy
She has such a beautiful mouth too .,joy
You're starting to piss me off .,anger
What am I supposed to do ? Go to a halfway house for wayward SAG members ?,anger
When neighbors call -- Not that they do call ... I see them sniffing ... sniffing .,disgust
He's still emotionally unstable .,fear
"I told you , he didn't even know I was going to do it .",anger
What a tool !,surprise
Time's over for drifters and outlaws and those who got no backbone .,disgust
"Spirits soared , women swooned , and gods were created , gentlemen .",joy
"Maybe you're sorry you married me now , [PERSON] .",sadness
You have no way of knowing the way that I think .,anger
I really missed you .,sadness
Hit him in the head .,anger
Mommy shoulda ' taught you to knock .,anger
"Well , we're all sinners in here .",sadness
"[PERSON] , is you going out of your mind ?",anger
"No , these are mine , I gave you money .",anger
She's pregnant ?,surprise
"You mean , people can hear me now ?",surprise
You protest too much .,anger
"That was magical , that [PERSON] stuff .",joy
She tried to kill me because I told her about Nately .,fear
I hate jumping out of a perfectly good airplane .,anger
"Okay , we have fruit juice , soda , Mudslides are blending , Or I can make you a daiquiri , if you prefer .",joy
I got too messed up ' bro .,sadness
[PERSON] finally agrees .,joy
I don't know if I can afford it .,sadness
Louder !,anger
Looks like trouble ahead .,fear
What's with you lately ? I'll take care of this .,fear
"It wasn't about the money , it was just about the anger .",sadness
What a charming idea for [LOCATION] to surprise us with a lady comrade .,surprise
I broke my heel on my shoe .,sadness
I won't let [PERSON] live like this .,anger
The world was too ridiculous even to bother to live in it .,sadness
And no one will believe me .,sadness
♪ A media - opoly ♪,joy
"It's very important to relax , old boy .",joy
Please !,fear
"We're here to scout , not engage .",disgust
"You ain't really gonna let them take that baby , are you ?",fear
He went into [PERSON]'s chamber .,surprise
"I might have been a lot of things , but I never was a tramp .",disgust
What the fuck is this ?,anger
But the way this one exploded required some type of detonator .,fear
They're okay .,joy
Because when you talked about murder on the tapes ... I assumed it was just hallucination .,sadness
Sit down .,anger
Coochie ...,anger
Forgive me .,sadness
You came as an enemy to destroy me .,sadness
Let's try it again . ♪ There was old man Nemo ♪,joy
Must be very good .,joy
Get out .,anger
"God , it's in perfect shape .",joy
Objection overruled .,anger
Is that so far from your desire ?,surprise
"Play fair with me , fat man .",disgust
No pain .,joy
Don't you ever sleep ?,surprise
When did you discover that ?,surprise
"Oh , [PERSON] ! God !",fear
Wait a minute .,anger
We've come to wish you gladness .,joy
All we want is to live on the land of our fathers in peace .,fear
That is my greatest and most enduring love .,joy
The woman that let her in swears your secretary told her she was with the National Transportation Safety Board .,surprise
"Yeah , call the cops .",anger
It wasn't even loaded .,surprise
You insist on putting me into a position that I don't in the least relish .,sadness
I must go .,sadness
How about -- this cereal is really good .,surprise
What else could I do ?,anger
I think they're gonna kill you with the press too .,fear
"Hello , everybody .",joy
Miss what ?,surprise
No good asking you !,anger
You're the serious one .,anger
Nothing ever really dies in the House .,anger
You're wasting your time .,anger
I'll make friends and enemies to please myself .,anger
Nothing's impossible .,joy
"My , we're a jolly crew , aren't we ?",joy
"Well , I no longer wish to buy your company and take it apart . I don't want anyone else to either .",anger
Poor boy .,sadness
"Miss [PERSON] , I have discovered how to retard the ageing process .",joy
"If we quit , some Federal judge take away your money .",fear
You've got great timing .,joy
How much time has the world got ?,fear
I wonder if it isn't a curse to be wised up like you and me .,sadness
[PERSON] talked him out of it .,joy
Everything okay ?,joy
You're in no condition to discuss it .,anger
Maybe I'm tired of one - night stands .,sadness
"Give me a break , we just met !",anger
Money !,joy
Isabelle !,joy
That'll be a good start .,joy
Everybody !,joy
They're trying to take his old man's land .,disgust
She is the most immoral young lady I have ever seen .,disgust
And anyone who doesn't do right according to nature and my mother I will blow his head off .,disgust
A command is a lonely job . It isn't easy to make decisions .,sadness
Yet neither the husband or anybody else has been in to see her all day .,sadness
Poor lieutenant laker .,sadness
Who is this delivery from ?,surprise
You always blame me !,anger
What'll take to get you to realise I'm givin' you a chance to pull yourselves together ?,surprise
Holy mackerel .,surprise
It sounds to me like you have an agenda .,fear
"You couldn't lend us something more like you are wearing , could you ?",disgust
Play ball ! Yeah .,joy
"Oh , m done rehearsing .",joy
"This is our honeymoon night , and that's all I care to think about .",joy
I have to work .,sadness
Sorry more people weren't there to hear it .,sadness
"Get in the drawing room , lock the door . Don't let anybody in . Don't answer for anybody , all right ?",fear
We're prisoners of war .,fear
Kiss my ass .,anger
Yet men have killed and proved a reason ... and been set free .,disgust
"It's just when you say these things are closing in on me , it's like a nightmare .",fear
I didn't know what I was doing .,fear
I thought they were with [PERSON] .,surprise
What's a girl to do when a man keeps following her around ?,fear
The doc just looked at us and shook his head .,sadness
Don't need anybody right now .,anger
"They're real , aren't they ?",surprise
God - damn it !,anger
"Hey , no !",fear
We went back to square one .,disgust
On an island famous for its fruit and vegetables ?,surprise
It's [PERSON] .,anger
I've been having weather problems .,sadness
"Good , daddy .",joy
Why are you here ?,surprise
I wouldn't want anybody to think I wasn't hospitable .,anger
You better be careful .,anger
"Wanted for horse - thieving down in Seven Rivers , ain't you ?",disgust
It is so wonderful to meet the uncle of darling little Junior .,joy
"[PERSON] , you got here fast .",surprise
Get your hands off him or I'll call the Metropolitan scuffers !,anger
"Well , he was old enough to be your father .",disgust
"What are you guys , a bunch of cripples ?",disgust
You think I was born yesterday ?,anger
"Come on out , you bastards !",disgust
She hates me .,anger
When are you gonna fight a real fighter ?,anger
But you're safe .,joy
I love a persistent wall .,joy
You didn't say grace .,anger
"Yeah , I dreamt about trains .",joy
Otherwise ... she'll kill him .,fear
"No , I told you I don't wan na do that anymore .",anger
Did you want to see me ?,surprise
"Yes , I think I do .",joy
How'd you boys know where to find me ?,surprise
Tell him you're gonna play games on his fucking head .,disgust
Been dead over hours .,sadness
"Well , uh , actually I'm just having coffee . I'm not having breakfast or anything .",fear
"For chrissake , where did she come up with [PERSON] ?",anger
"You do , you look amazing , isabel .",joy
"Not my book , anyway .",anger
"[PERSON] , what have you done my little sister ?",anger
They found my fingerprints on a glass of beer in her apartment .,fear
What do you call it ?,anger
Strange that I should be called a destitute woman when I have all these riches locked in my heart .,disgust
"No , it isn't . Just because we aren't expecting resistance , don't relax on this one .",fear
I don't think you understand the situation . These guys are religious zealots .,fear
Tell him it's none of his business .,anger
Some poor son of a bitch on a public - indecency charge ... Paid off a PA to have his case dismissed .,anger
"If he breaks the law and it crosses this desk , he pays for it .",anger
This is the captain speaking .,fear
Nothing . Nothing .,sadness
Keep your mouth shut !,anger
I forgot who I was .,surprise
"[PERSON] , look at me !",anger
Let's go see the bearded lady .,joy
"Well , I mean ... when you admire a man , you just go all out .",joy
Look at all that underwear .,surprise
I love this !,joy
"Enjoying the party , Captain [PERSON] ?",anger
Don't get too used to those long lunches .,disgust
"[PERSON] , you had no right to do something like that .",anger
We don't understand .,sadness
"You can beat it out of me , but it won't do you any good .",anger
I'm just an old farm boy .,sadness
"Six months or so ago , I fell in love with one of them .",joy
I'm a frightened tramp .,fear
"Have fun , sweetie ?",joy
I don't want to discourage --,sadness
There will be no more movies for days .,anger
Amazing .,joy
What's this mess ?,disgust
OCP cut our salaries percent and canceled our pensions . Now they refuse to even talk to us .,anger
Wish for our lives !,fear
They must have wonderful materials to make a thing like this .,joy
What use is courage if you have no head ?,disgust
"Except we're not behind schedule , we're ahead of it .",joy
I want those two guys banished from her life .,anger
"Hey , you shut up !",anger
Subject is violently antisocial given to delusions of godhood . And he's hopelessly addicted to narcotics .,sadness
"Did you got , like , baby einstein show with him ?",anger
What are you doin' here ?,surprise
"With the speechwriting , I don't want to do it anymore .",disgust
Take a look at these wrinkles and these here grey hairs .,disgust
You a fifty - dollar whore ? - What are you doing ?,disgust
Pull yourself up .,anger
"Your hands are sunburned , aren't they ?",surprise
I didn't mean to kill him .,fear
"I hate you , [PERSON] .",disgust
I can't believe it .,surprise
It ended very badly .,sadness
I felt guilty about always being away from you and Papa .,sadness
You think you're the only guy in this paw that wants out ?,anger
There isn't anything to do .,sadness
I'm supposed to be your partner here .,anger
Let that be a lesson to ya .,anger
Three of your neighbors were killed last night .,sadness
I told him not to expect me to pull the [PERSON] into shape overnight .,anger
"Well , how else was I supposed to get [PERSON] to come home ?",anger
Maybe he's got the flu or something,sadness
I sure hate to lose her for some reason or other .,anger
"You think that's gonna fix it , huh ?",anger
So you'd better be a good little girl and eat your porridge .,anger
You ?,surprise
"I don't say that with any kind of blame or accusation , but that is when it started .",sadness
On the way home we did loop - the - loops so that I could see the moon upside down .,joy
You couldn't leave your girl ?,surprise
I thought your favourite was chicken .,surprise
This is your problem .,anger
You don't look excited .,sadness
How did we end up talking about your death from my drug test ? I don't understand .,sadness
Why won't you let me help you ?,sadness
Don't look down !,fear
"You hadn't seen him in years , and yet you say he was an old friend .",surprise
You don't see what's happening .,anger
You're going bald too .,sadness
You're out of your minds !,disgust
Nothing's going wrong .,joy
I only hope it isn't too high for you here .,fear
"Hey , professor !",joy
I'm just starting to feel like ... Pretty alone .,sadness
I think you're cute .,joy
"What kind of a girl are you , anyway ?",surprise
Our friend  [PERSON] .,disgust
"I thought you were getting fatter , Mama !",surprise
Assembly completed .,joy
Most people think they're beautiful dresses on beautiful women .,disgust
Sucker !,disgust
"I said , [PERSON] , you're already married .",surprise
"Come on , it's me , [PERSON] .",fear
Must you flirt ?,disgust
Come clean right now . Uh ...,fear
I'm not coming in there !,anger
I don't need a doctor . I need a promoter .,anger
"Any guy who says he can fence $ 50,000 , is crazy .",surprise
"It was self - defence , for [PERSON]'s sake !",anger
I'll shoot the son of a bitch in the balls !,disgust
You don't get the truth in the Senate .,disgust
When a threatening power lands in our capital we don't meet them with tea and cookies .,anger
"Well , we won't stand for it .",anger
I wish I could share your confidence .,sadness
I thought he was sick .,surprise
None of this departmental - loyalty crap .,anger
"In spite of glasnost , my friend's novel can not yet be published ... in the [LOCATION] .",anger
I cast thee back to hell !,anger
We want to die !,sadness
I don't want to lose you .,fear
A real Jekyll and [PERSON] .,disgust
[PERSON] were coming out of his nose .,disgust
"When I came here , I thought this was gonna be a 30 - day stretch , maybe 60 .",surprise
"You thought I was in this for the money , [PERSON] ?",surprise
"[PERSON] , I - I - I love you .",fear
He went ' bang ' !,surprise
Remember how white and fluffy she used to be after I gave her a bath ?,joy
Where did [PERSON] get his share of money ?,surprise
We don't want none of his gratitude !,anger
Just put on your coat .,anger
Tragic .,sadness
"Daddy , there are balloons floating away .",sadness
Almighty Sir ... do not drop us in the claws of the eternal death ...,fear
"Well , I don't .",disgust
He was nice .,joy
They'll kill us first .,fear
"He got wounded somewhere in [LOCATION] , and they sent him home .",fear
Why didn't you tell me before my wife left ?,anger
To be enraged with a dumb brute that acted out of blind instinct is blasphemous .,disgust
We've just won the White House .,joy
The captain left a sinking ship .,fear
"Ooh , its breath was like a furnace !",surprise
"Hey , ass - wipe , All the emo freaks belong on the bleachers . Go !",disgust
I am seeing .,joy
I'll tear it out of the calendar .,anger
Sent what ?,fear
Time flies when you're having fun .,joy
"You can't take a bill nobody's heard of and discuss it among 96 , men .",anger
That's entirely ... why don't you bring [PERSON] in to make sure the phone gets answered ?,disgust
"Don't kick me , I won't shut up .",anger
"Reluctantly , I may add .",anger
You said you'd never leave me .,sadness
You'll just have time to change .,anger
I wanted to blame myself even for the man who had taken me .,sadness
"I couldn't hate you , so my hatred turned into an insane fear .",fear
I'm so relieved .,joy
I mistakenly trusted these demons and slaughtered righteous officials To atone for my sins,sadness
But you can't .,sadness
Am I really good enough ?,fear
That's a cute puppy .,joy
"You steal a little swordfish , and [PERSON] should lighten up ?",surprise
Garter belt ?,surprise
"♪ A whale of a tale , and it's all true ♪",joy
Your father wears tight underwear ! And I can't stand your mother ! Your father wears tight underwear !,anger
What are you staring at ?,anger
Does this mean [PERSON] and Miss [PERSON] are engaged ?,surprise
She wasn't even there .,anger
"Well , I don't know whether I can believe all this .",fear
"You're up early , Mr. President .",surprise
I thought you were fast asleep .,surprise
"Ms. [PERSON] , this is an outrageous situation .",surprise
I'll be sorry to leave Faith .,sadness
You ...,anger
Don't try and tell me the runway's too short .,anger
He ran over [LOCATION] like you'd run over a dog and never bothered to stop his car .,disgust
But I don't care about any of that now .,sadness
"I said you're smart , but I'm not a fan , OK ?",anger
Twelve to fifteen percent of the kids we serve were victims of human trafficking .,sadness
How come you bought one ?,surprise
It is not the one .,sadness
"After this , I doubt we shall be allowed to live at all .",fear
"An ongoing retainer on a claiming horse ... that makes tremendous sense . My money , kid ... that's a kiss - off for getting bumped .",joy
[PERSON] ? ! Are you Elder [PERSON] traveling incognito ?,surprise
"I'm awfully unhappy , Mom .",sadness
That's a nice souvenir to have .,joy
I was threatened .,fear
"No , but he's not feeling well .",sadness
"No , you have never loved me .",sadness
"All right , let's get the hell out .",fear
I killed her .,sadness
Because I already have it .,anger
"Oh , very good !",joy
You break the brake .,anger
That seems a pity .,sadness
Go on . - Go on . Yeah .,joy
Francis !,anger
That's the only chance you got left .,sadness
"I've been looking for you all over , hoping you were dead .",disgust
"Hey , I love you .",joy
"Summertime , all you can smell is the garbage .",disgust
I'm not talking about him .,anger
Come on ! Come on ! - No !,anger
"God damn , I better not see her naked on payday .",disgust
"It's the son of a bitch who painted this car , that's who . Yeah , that's what a real criminal is .",disgust
Look how stupid you're acting .,disgust
A queen has no hour for love .,sadness
I'm afraid I can not accept your evaluation of Cdr . Owynn .,sadness
"Let him back in , [PERSON] , now .",anger
"Hey , fuck off !",anger
Haven't seen you in a long time .,surprise
Jesus ... - Christ on a crutch .,surprise
She said she thought it was very thoughtful of me .,joy
[PERSON] thinks he's a smart - ass .,disgust
You let everyone sit around while you took your petty revenge ?,disgust
They've been setting up weird radar sensors all over downtown .,fear
More shopping ?,joy
"One more to go , chicken .",anger
We'll search out their weaknesses .,anger
She's fainted .,fear
"Sorry , boys .",sadness
I did not ask your advice .,anger
"Well , I - I believe ... I believe things have gone far enough .",fear
Now we have all the assholes in one room .,disgust
I hope I never get old and have to be in a wheelchair and have to depend on the ushers to help me out of church .,sadness
I was too late .,sadness
"Why , we's the two most friendly vibrations you ever seen .",joy
"How did you recognise me , Mr [PERSON] ?",surprise
What're you gonna do with me ?,fear
Don't walk away from me .,anger
And we're finished playing the key cities .,anger
You kissed him on the mouth ? - It was nice .,joy
Wait a minute now .,surprise
Why did you ever go there at all ?,surprise
You can't leave me here alone .,surprise
It's our new swimming pool !,joy
My boss'll have your job !,anger
"It's good , isn't it ?",joy
"At my age , you got ta think about retiring .",sadness
It's nice to have company for tea .,joy
Everyone has baggage they bring to a relationship .,sadness
"What he would do one day , he would gladly undo the next .",disgust
Home sweet home .,joy
I - I'm in here .,fear
They're very nice .,joy
I call it to your attention that only one of you has reported here this morning properly dressed .,disgust
"You can at least , for Christ's sake ... lie to me .",sadness
I'll teach you to make meaningless small talk to everyone ...,disgust
"Oh , how I have longed to hold this child .",joy
You little piece of shit .,disgust
I guess that's why the old man gave it to you !,surprise
I couldn't be certain your apartment was safe .,fear
We are happy !,joy
Behave yourself .,anger
Which hedgehog ?,anger
It gives me a terrible pain .,sadness
What made you think you could get in ?,surprise
Some gang of cutthroats and murderers .,fear
Are we supposed to just sit here and wait ?,anger
Never return to [LOCATION] .,disgust
Or it might've just fallen overboard dropped there by some drunken old rummy .,disgust
I told him his wife was a dyke .,disgust
You make me sick with your heroics .,disgust
Isn't that her dancing with that nice - looking young fellow over there ?,joy
It was a pleasure .,joy
I asked you to dance three times and you didn't wan na .,sadness
"You know how I loved her , really .",sadness
"Yo , yo , yo !",joy
It's a damn nightmare .,fear
"Oh , fuck !",surprise
Do you really want to know ?,surprise
Is that a fine - lookin' woman or what ?,joy
Any more than I could on that night I saw [PERSON] for the last time .,sadness
Everybody else thought it was funny !,surprise
My back is getting bad .,sadness
What do they want with us ?,fear
I wouldn't think of such a thing !,surprise
They tell me you've been on your toes since you got here .,fear
Will you get out of here !,anger
"Nice tits , sure , But a face I wouldn't want to Wipe my feet on .",disgust
"No , my colleagues and I didn't find Captain [PERSON] a perfect officer .",disgust
[PERSON] ? What kind of a name is that ?,anger
"I wanted [LOCATION] , but I wasn't counting on it .",sadness
Even if they got lost somewhere .,fear
I don't want to harm you .,sadness
"[PERSON] , it's getting late .",anger
"I get two bucks an hour , plus ten per cent of that goes to a bail fund .",sadness
"Run , [PERSON] !",fear
They were wonderful .,joy
This is the miracle I wanted .,joy
Not good . Let's not get caught in the car .,fear
They got ta be out of their minds !,surprise
"You're not going anywhere , scuzzball !",anger
Was a [N-WORD] ?,disgust
I'm always delighted to meet [PERSON]'s friends .,joy
Please . Please listen to me .,fear
We're rich !,joy
There's no reason for anyone to come after me .,disgust
You're in great danger .,fear
How thoughtful .,joy
"On the other hand , they do have some rather nasty habits .",disgust
"[PERSON] , you don't got a forehead , you got a eight - head .",disgust
How come we never met before ? - No idea .,surprise
"[PERSON] , I'm worried .",fear
What do you hope to accomplish ?,anger
I'm sorry about this .,sadness
"Hell , we could bring in the whole god damn New York Knicks just to make sure your trash hits the basket ! How's that ?",anger
"It's yours , I want you to have it . It's for you .",joy
To avoid bringing disgrace upon a clean and honourable state .,sadness
Leave her alone .,anger
Let's dance !,joy
The dopes are going to inherit the earth anyway .,disgust
How do you expect to enjoy your honeymoon if you can't relax ?,anger
"Oh , my boobs are killing me .",disgust
Have you been drinking ?,disgust
Maybe we're about to find out .,fear
What do you want here ?,anger
A good thing my reactions are so fast,surprise
It's my party and I'll cry if I want to,anger
You sound further away than that .,surprise
Get off of that train .,anger
[PERSON] didn't even look at me .,surprise
That's it !,anger
I think he's right . - I don't want to hear it !,disgust
What kind of mission ?,surprise
Looks like the Lord sends me about every misery he can think of just to try my soul .,sadness
[PERSON]'s crying ! [PERSON]'s crying !,fear
Don't push . - What's wrong ?,fear
It's urgent !,fear
You're really wasteful !,anger
There's a lovely fire in the living room .,joy
Like staying here all night uninvited .,disgust
I had such a good time .,joy
"Well , good to see you boys made it through the war all right .",joy
"God , what's our status ?",fear
A depressing characteristic .,sadness
I was just taking a rest after battling some ghosts and you say I'm blocking your way,anger
"Oh , come on . It just would have been some cushy white - collar resort .",sadness
It was a blessing and God was watching over us that day when they made that decision .,joy
What about dynamite ?,surprise
"Any of you guys call me [PERSON] , and I'll kill you .",anger
"You need money , and quickly .",fear
Why is Willy coming here ?,surprise
"In other words , it doesn't hurt a bit .",joy
That's just my nature .,sadness
I swear that man moves like dead lice were falling off him .,disgust
She seems very unusual . - Yeah .,disgust
"For God's sake , shut that up !",anger
Roll one !,joy
"As far as discretion goes , what were you and [PERSON] doing , comparing notes ?",surprise
It must be in your genes .,joy
That !,surprise
Over my dead body .,anger
Don't you dare .,anger
From now on we are .,joy
"Stand back , Inspector , or I'll shoot you .",anger
"A strange voice , a set of instructions that might have come from anywhere .",fear
"No harm at all , mate .",joy
"You're wasting yourself on this kid , then hanging us up for nothing .",anger
"Drop it , okay ?",anger
I've been robbed .,fear
"Gentlemen , please don't go .",fear
He's taking the day off ?,surprise
"I'm awfully sorry , darling .",sadness
So help me God .,fear
He suffered me to buy him a new suit ... and to get him a job at his old hospital .,surprise
What the hell does  it purport to describe ?,surprise
"And as I was relating this to him , our missiles started shutting down one by one .",fear
We're all alone in this .,sadness
The pretty one on the right . I think she likes you .,joy
You act mighty happy this morning .,joy
"Could've told the truth , fucked them all , had the cigarette with me . That is such bullshit !",anger
It was Father's Day ... the last time I heard from her .,sadness
"We kill the rebels , we kill the rebellion .",anger
I didn't mean it that way .,sadness
But I don't know why because we're just having a nice evening at home watching a movie .,anger
I do hope it won't affect your ego !,disgust
I'm sorry to hear about your little loss .,sadness
Traitor !,disgust
It would have been deliciously wicked .,joy
I want to kill you .,anger
Because you like power .,disgust
"I'm sorry , the coffee's gone .",sadness
[PERSON] god - damn holy reverent shit !,disgust
You've had your trial .,fear
It doesn't happen often these days .,sadness
She went by taxi .,disgust
No you can bring that back .,anger
"You're an operator , not a policymaker . Get used to it .",disgust
I don't see how you have the gall to face me !,anger
"She ... She does not speak for the rest of us , Mr. [PERSON] .",fear
I feel so bad for [PERSON] .,sadness
"That's strange , my brother can't drive like that .",surprise
"Where is your courage , Comrade [PERSON] ?",disgust
That's the worst thing I've ever heard in my life .,sadness
What can you expect from filthy little heathens ?,disgust
I'm warning you .,anger
How did I get mixed up with a bum like him ?,disgust
I really am in a hurry .,fear
Do what he says .,anger
We ... we have a few more questions to ask .,fear
Now you know that the saddest thing in the world is life .,sadness
"If it's so beautiful down there , why ...",joy
And you know what ? They offered us a job .,surprise
I knew there was treasure down here !,joy
"If you print anything now , I'll be exposed .",fear
Somebody's gonna get hurt .,fear
Where is [PERSON] ? !,surprise
"We weren't even there very long , and I had to buy all those darn dresses .",anger
Was that the phone ?,surprise
"Anyway the orders promoting him to Detective , First Grade , have already been cut .",sadness
What the fuck ... !,anger
You've come home .,surprise
That's perfectly all right .,joy
I don't think you should drive .,fear
Saving his life was the final insult .,disgust
"Wh ... what do you want me to do , pa ? Git another girl ?",fear
"Morning , sir .",joy
You're running the risk of harming your children .,fear
I got troubles of my own .,anger
As much as I would regret saving his .,anger
You took him to a freaky fortune lady who scared the shit ...,disgust
"It hurts , hurts , hurts .",sadness
I'm not going to the chair 'cause that ape got trigger - happy !,disgust
If you want Mr. [PERSON] to leave this house alive you must convince him you're healthy and happy .,anger
"Fucking come on , then !",anger
I shall live and he shall die .,anger
"You murdered your own god , by accident .",disgust
Put them back .,anger
"God keep us , keep us all .",fear
"Oh , sh -- I'm sorry .",sadness
No wonder he's worn out .,sadness
I didn't mean to oversell .,fear
Might not get another chance .,sadness
But my shirt is wet .,anger
"If you do that you'll get nothing , except maybe the police after you .",fear
Won't those two years in court be expensive for you ?,surprise
"Who appear to be inconvenient , or troublesome through knowing too much .",fear
"Now , this will get him !",anger
Our prayers were answered .,joy
"God , I love you !",joy
"No . - [PERSON] , you're not finished .",anger
We're losing the wind !,fear
"Don't fuck with me on this one , [PERSON] .",anger
Can I have some more ? - Yeah .,joy
"You ever make me look stupid , you're dead .",anger
I won't vote on it until I get my questions answered .,anger
I don't think you'll be able to stand it long .,fear
It's a wonder we make a profit at all .,fear
We're way out of our league !,disgust
What about the horses and the cattle ?,surprise
"Lovely woman . - Yes , I imagine what is .",joy
Is that what this is ?,surprise
I'm listening to you eat .,disgust
"This is good whiskey , we got it on a raid .",joy
Do you always lie ?,disgust
You sit and discuss your sports and your young ladies and ...,disgust
She'll never come back no more .,sadness
Where's the bastard that runs this shithole ?,disgust
What a man !,surprise
It's okay . It's okay .,joy
My argument with [PERSON] had nothing to do with any sudden realization .,anger
You got something to say about our plan ?,anger
I hear she comes real cheap .,disgust
"I loved you for it , just as my father did .",joy
"If I wanted to come in , no lock could keep me out .",anger
"Well , when you are fat , you don't move so fast .",disgust
"I wanted to blame myself for my dad's drinking , for my mom's crying all the time and her emotional breakdown .",sadness
You want to give her another shot at him ?,anger
You're probably wondering why I'm here .,surprise
And she got in a car accident .,sadness
You run in the same circles .,disgust
"Well , she simply said that you're a fat , pompous , bad - tempered old tyrant .",disgust
"When [PERSON] doesn't get his laundry , disaster !",disgust
It has a wonderful ring .,joy
Was ?,surprise
I can't believe it was you on the phone .,surprise
You had me scared for a minute .,fear
"If they don't they may learn to appreciate it , but it will never become part of their soul .",disgust
"Do not do this to me , [PERSON] .",surprise
I'm sorry to have bothered you .,sadness
"When that bomb blows , we'll lose our oxygen fast .",fear
"What's the matter with you , [PERSON] ?",anger
Mint juleps always make me sing .,joy
We must have missed him .,sadness
Wouldn't wan na mix your pleasures .,disgust
"I'm afraid it can't be done , sir !",fear
"Now , if you'll pardon me , I'm busy .",anger
"Handy little thing , isn't it ?",joy
"The rolling balls , the second - hand phrases , the migraine headaches ... Shirt - tails , and tonight's speech : I turned yellow but my dog likes me .",sadness
Can't anyone love me without it being life or death to them ?,sadness
"Look , money !",surprise
I really belong in jail .,sadness
Bye .,sadness
It's a miracle .,surprise
We've run into a fog system not previously reported .,fear
"Yeah , it's nice .",joy
"You make me sick when you speak , [PERSON] .",disgust
"Yeah , do you mind ?",anger
"This could look bad for OCP , [PERSON] .",fear
You can't even call ? We'll be stashed away .,anger
"What am I , a pit stop ?",anger
"Just let my man shoot here , okay ? Just take it easy . $ on this .",anger
"Kindliness and sincerity , and if you'll forgive me , modesty , mean more to a husband than all the wit and beauty in the world .",joy
"I'm always hiding from him , but he finds me .",anger
Who else worries about another male like that except a [GAY SLUR] ?,disgust
Caught in the act .,surprise
That would be risking your neck .,fear
"You're doing fine , all right .",joy
"Look , Doctor , this ain't [LOCATION] or [LOCATION] or wherever you come from .",disgust
"Perhaps he killed [PERSON] , too .",fear
She's been through enough .,sadness
We haven't eaten yet .,sadness
That was fun .,joy
Are you serious ?,surprise
I'm the one that left you that note today . That's so strange .,fear
"But he's an angry guy . Picks up something , kills her .",sadness
Why would he buy a bible ?,surprise
"They certainly want you to stay on . It's just , they felt when it came to head of department ...",fear
I'm sick and tired of hearing about him .,disgust
That's a real woman .,joy
[PERSON] is a man of luck .,joy
"It was a good party , wasn't it ?",joy
I don't believe you !,anger
A legend on this force is dead .,sadness
"You're meaning ' the monster , ain't ya , mate ?",surprise
I'm so bored with this face .,disgust
"I was in a shop once , and I saw a postcard with a beautiful house on it , right by the sea .",joy
I don't want any of that slop .,disgust
I hardly number pirates among my acquaintances .,disgust
"Let me tell you , young lady , it is never easy to be the son of a successful father .",sadness
There must be an error .,fear
"I didn't expect to be called to see the admiral , sir .",surprise
"Well , the tall guy is not really a friend .",disgust
We just have to find someone else with more sense .,disgust
Excuse me ?,surprise
How did you get here ?,surprise
[PERSON] equals [PERSON] .  This is [PERSON]'s handwriting .,surprise
"The most beautiful poetry can be about simple things like a cat , or a flower , or rain .",joy
Somebody help me !,fear
Who was it ?,anger
It can't be that difficult .,anger
You'd think they'd let a man keep his hair .,surprise
There's a lot of things she could ask me but she won't say one darn word .,anger
I said no !,anger
"[PERSON] , if there's one thing I know about , it's Mr. [PERSON] Q. Public .",joy
What kind of a system is this ? Can you move these cars out of here ?,disgust
Turn me loose and get out .,anger
How come I never see you eating ?,surprise
It's a pity some of you fellows haven't anything better to do .,disgust
Art here saw her fighting him off .,anger
Giants !,surprise
He don't care about you and he don't care about me neither .,sadness
I never scouted this neighborhood .,surprise
There's no time ...,sadness
"Now , listen , don't you go around being attractive to anybody but me .",anger
She does not dance no more ?,surprise
He's worse than [PERSON] Tex.,disgust
"No , no , I will not go crawling back to that woman",disgust
"Of course I'm talking about Delta , you twerp !",anger
I'm tired of this baby crap !,disgust
"I've had a lot of fun , [PERSON] , I saw some shows , went to nightclubs .",joy
I'm so glad you've come home safely .,joy
Happy to have you with us .,joy
"Some unidentified walk - in is telling us the Russians are way behind , they can't hurt us , we can pull in our horns .",surprise
Mr. [PERSON]'s changed with the times .,surprise
I don't aim to have that threesome prowling ' my property no longer .,anger
Now I've really lost her .,sadness
Tri Face !,surprise
And we'd like you to explain it to the sister superior .,disgust
Glad to see you .,joy
"Aye , it might be the monster , all right !",fear
Which items ?,surprise
See ? I might as well be in a Mother [PERSON] .,anger
"He lost all his patients , he didn't wan na go to the office .",sadness
Well done .,joy
You ain't gonna take no car .,anger
"It hasn't been all that pleasant for you , has it Mr. [PERSON] ?",sadness
What could possibly be the matter ?,anger
"You , too , think I am too old , too ugly for a man to look upon with love .",sadness
"Here , faster , before the planes are back .",fear
"I hope so , sir . - You hope so ?",anger
"I guess I don't take criticism very well . But I mean , I've had one day of work on this and two conversations about what's missing in my performance .",sadness
What the hels going on ?,anger
"[PERSON] , it's just a disease .",sadness
You're lyin' !,disgust
We're gonna freeze to death .,fear
"I am happy you're out of jail , [PERSON] .",joy
"It ain't all that easy , son ....",sadness
The witness stand is a lonely place to lie .,sadness
Don't know if I'm ever gonna get my nails done now .,sadness
The man ends up looking like his heart attacked him .,sadness
I can't take any more of it .,sadness
They make me .,fear
"I swear to God , if I have to cut up another body for a potion .",anger
They seem so childish .,disgust
"If you die , your type will be extinct",sadness
With lunch !,joy
Painter ?,surprise
And that they wouldn't hold Backpage responsible was very disturbing to me .,anger
Call Dr [PERSON] .,fear
That's good . Seven' fines  ' since we left the match .,joy
"Don't try anything rash , or you're dead along with everyone else .",fear
"You know how long l've been looking for you , you spic fink ?",anger
"Yeah , no , no !",fear
I thought you'd gone .,surprise
This is bullshit !,anger
"If you did your cheekbones better , you could look like [PERSON] .",joy
You're contaminated .,fear
Did not it have to be resting ? Yes .,anger
I caught a cold on the plane .,sadness
It is useless to ask .,anger
Get outta the way .,anger
"[PERSON]'s people were ready to go , but the FSB replaced the crew .",anger
[PERSON] ? How'd I get here ?,fear
"God , it was bright .",anger
I'm not exactly ashamed of that one myself .,joy
I never see anything happen .,sadness
Anything that man tells me will be a lie .,disgust
Get between the treads !,anger
Who took her body ?,surprise
Leave that paintbrush here !,anger
"[PERSON] , could I have a word with you ?",fear
"There's no place out there for graft or greed or lies , or compromise with human liberties .",joy
Right in the middle of our celebration ... the firebase got hit by a mortar attack .,fear
It's a boy !,joy
It wouldn't have worked .,sadness
How awful .,sadness
"Oh , you must be from around here .",surprise
I never danced in public before .,fear
Unless he's looking for something else .,surprise
"Autographed by the criminal himself . Hey , buddy , are you gonna read it or buy it ?",anger
Why am I here ?,surprise
"You seem easily impressed by numbers , captain .",disgust
"When that light hits the water , this boat will be compromised .",fear
What are they fighting about ?,anger
Get it and no one'll get hurt .,anger
"Fuck off , [PERSON] .",anger
It's a background check .,anger
"I like my side of the courtroom . The pay is not so good , but the air is a lot better .",joy
Come on . Cut it out .,anger
"It's ugly , old and musty .",disgust
Melancholy sight .,sadness
"Rocky , I'm sorry .",sadness
We can't do this to him !,sadness
No morality ?,disgust
Right . And the living room nose and the kitchen forehead and den ears .,anger
"When she left me , I lost all pride .",sadness
He's sure gonna bear down on me .,anger
We're celebrating .,joy
Get us some frickin' pretzels or something .,anger
I think it sucks . - What sucks .,anger
"Be careful , you'll put my cigar out .",fear
"This kid , bulldozing his way into our lives .",disgust
He got kicked upstairs .,surprise
I was a friend of the Human Beings until they stole my wife .,disgust
"In the meantime , I'll be dead .",fear
Either you're a fool or an inhuman woman .,disgust
Abandoned ... Like someone left for dead ...,sadness
I'm not some gun for hire .,disgust
"Open the door , asshole !",anger
She's always in the bathroom !,anger
People do when they've been ill .,sadness
"[PERSON] , I am in danger .",fear
And now we need a law enforcement unit able to meet the enemy on his own ground and carrying enough firepower to get the job done .,fear
"I'm leaving you , my dear .",sadness
I put my ass on the line for nothing !,anger
And you found out ?,surprise
This fucking guy's scaring me .,fear
"And if there was , I sure as hell wouldn't tell you , colonel .",anger
"Um , should I wait for you ? No , no .",surprise
Can not afford a dowry to each of his daughters .,sadness
"Oh , I'm so sorry , but we just couldn't .",sadness
"Listen , today is my birthday and the girls give me a party .",surprise
"He was my friend , you dumb bitch !",disgust
Whether or not you're handicapped .,anger
I smell blood .,fear
Don't let me go down .,fear
Tell the boys anyone caught arguing with a depositor will be fired .,anger
A lot of junk all right ...,anger
"Even so drunk , your brain is the greatest this side the [LOCATION] .",disgust
"You're very much in love with [PERSON] , aren't you ?",joy
"Okay , it was just a thought .",sadness
Turn off that goddamned alarm !,anger
What are you doing ? - Shh .,fear
What if I can't take it off ?,fear
Collision speed ! Full !,fear
What's he doing there ?,surprise
"Close your mouth , dear .",anger
"If that slob was a penologist , I'm a jet airplane pilot .",disgust
Thank [PERSON] for the nice dinner .,joy
"You are the fool , Mr [PERSON] .",disgust
I just got wised up to something funny the last few days .,surprise
It's all that's left of him now . Just a box of bits and pieces .,disgust
Casualty report ?,sadness
Like [PERSON] lost control ?,surprise
"Then , one night , we were talking about how we hated the life , and how we had never done much of anything ourselves .",sadness
"Cool , thank you .",surprise
"Contempt for the law , that's what you've got .",disgust
We don't belong here .,sadness
"What's biting you , [PERSON] ?",anger
"Uh , it's an interesting case .",surprise
Shoddy work will not do .,disgust
"I was so alone , and suddenly you were there .",sadness
You don't know how much satisfaction it's been to me .,joy
Do I have to find out for yourself ?,anger
Who's probably taking the day off again ?,surprise
We actually did recoveries of crashed saucers .,joy
Thought she wants to get an education .,surprise
I seem to be spoiling everybody's brandy and cigars ... and dreams of victory .,sadness
That night was the happiest night I ever had .,joy
Seven passengers and two crewmen were killed .,sadness
"You are a class - A fuck - up , you know ?",disgust
He ain't God .,disgust
"If you had any chivalry in you , or were nice ...",disgust
I was very angry with him .,anger
You'll see how cold my blood is when that coward comes back !,disgust
"Wipe first your chin , drunkard , and then the table !",disgust
I'm as good as [PERSON] ever was and I'm tired of being called a damn robot !,anger
What's with [PERSON] ?,surprise
It's utterly beautiful .,joy
"[PERSON] , will we be lonely tonight ?",sadness
They ended up having a pretty good thing .,joy
"Yes , it was wonderful .",joy
"There's something wrong with us , something very , very wrong with us .",fear
You're betrothed ?,surprise
This is as far as we dare to take you .,fear
"Well , just 'cause I'm hungry . - I'm gonna get something to eat .",joy
"Yeah , she's wonderful .",joy
"Nobody knows how to talk , just grunt at each other .",sadness
"Rape , sex crimes , child molestation .",disgust
All I could think of was that they were going to kill me .,fear
"I'm not opening that door and neither are you , and if you try ...",fear
They had ...,sadness
You dare hold your queen up to ridicule ?,disgust
"Father , I'm at the end of my rope .",sadness
I knew you were gonna say that .,disgust
This one's already taken .,disgust
Not going to do it .,anger
[PERSON] was killed .,sadness
I'm afraid so .,fear
"Stop , you !",anger
You can't order me to do that .,anger
And yet with all that ... they still want to try it again ?,fear
How this could become part of the legacy of The Village Voice is depressing to me .,disgust
"It's just you know that sometimes ... Well , you're not wanted .",sadness
"Well , I ain't scared .",anger
Jealousy can be destructive .,sadness
He's as bad as his uncle .,disgust
If there's any decency in you ...,disgust
By making a lot of idiotic loans ?,disgust
He told you to tell me that too ?,surprise
Get these men out of here .,anger
"Hey , [PERSON] , while you're down there trying to figure out the female race ... you might as well take a bath .",disgust
It could still come back at any time,fear
You're a month early for the book fair .,surprise
Ghosts ?,fear
Come on ...,disgust
How much further into the rectory are you going to push it ?,anger
"Excuse me , I'm looking for a man .",anger
We're being wiped out !,fear
That's odd .,surprise
They gave me a piece of candy in the store .,joy
"Strange men , you mean ?",surprise
"If the rights of the individual are not respected by the group , the group can not exist .",anger
"I'm quitting the game , [PERSON] .",anger
Helping me . This isn't helpful .,anger
"Rock , go !",fear
Give him a good laugh .,joy
Pleasure meeting you .,joy
Look at us . You feel cursed because you were born with it .,disgust
"Oh , my god .",surprise
"Sorry , I'm just trying to make polite conversation .",anger
The war in [LOCATION] .,sadness
It works !,joy
I hated you ...,disgust
How can I sleep when they stole my children ?,fear
She's got a witch's brain .,disgust
Look at all the smiling faces .,joy
"Since when is the disppearance of a human being considered trash , in your estimation , Ms Bantam ?",disgust
"You wan na say some more , you ugly bastard ?",disgust
An engineer ?,surprise
"While violence cloaks itself in a plethora of disguises , its favorite mantle still remains sex .",disgust
You'll stump to [LOCATION] with the rest of us .,anger
Now he's found me .,fear
And sure enough we had some spectacular successes .,joy
"If I go , you'll ruin me .",fear
"Two years ago , you asked my father my hand .",joy
Can't watch it .,sadness
We've been working too hard .,sadness
Is this Truth or Dare ? Say what ?,surprise
My career will be ruined .,fear
You can put that away .,anger
Brave ?,fear
"Poor boy who made it , ex-cop .",sadness
Don't make me shoot you .,anger
What's the vulture doing ?,disgust
Can we ever believe again ?,sadness
Pull yourself together and I'll let you go .,anger
I don't want any luck .,anger
Something about a place called [PERSON] .  He's dying .,sadness
One way to pleasure .,joy
And he was so sorry for locking me up .,sadness
How much longer ?,disgust
Get Off !,anger
"But people just respected him , respected his , uh ...",fear
It's for a good cause .,joy
"Oh , here we are . - Oh .",surprise
"He's a punk , Rocky .",disgust
There's something very wrong here .,fear
I'm not really . It'll be a long time before I can even be with another dog .,sadness
"King [PERSON] says not only do I have to kill you ,",fear
"Intriguing young lady , Miss [PERSON] .",surprise
He just got drunk and stared .,disgust
"Now's your chance , go !",surprise
I'm looking good .,joy
I hope he dies of pneumonia . - Did you see that shit ?,anger
"Wherever you got that specimen from , Doctor ... You sent it to the chemist ... While you were secretly communicating with Mr. [PERSON] ...",disgust
My brother seems to have forgotten his courtliness .,disgust
"Admiring the view , [PERSON] ?",joy
"This is your shit bucket , folks .",disgust
This is an attempt to paint the defendant as a lunatic .,disgust
"Mister , is this Heaven here or not ?",fear
"My pleasure , sisters .",joy
It's like that time in [LOCATION] when he made me walk ... stripped down to only my long - handles and my hat .,fear
"That was pretty fancy wrestling , kid .",joy
"Be gone , Satan !",anger
Today's just taking shit down .,anger
"Boy , you amaze me .",surprise
Tell the cobbler I am delighted to have it .,joy
Why don't you  try it ?,anger
I don't think so .,anger
He is an upwardly - mobile super-achiever and lives in a condo on [LOCATION] .,disgust
It's wonderful stuff .,joy
Poor child .,sadness
He's in love .,joy
He seems to know everything else .,surprise
There was no way I could get in touch with my husband .,fear
It's too young for a heart attack .,fear
"Hmm , it was rather sweet .",surprise
The man with the sweat was more pleasant than you .,disgust
"I will not go back where I came from , because I do not like it there .",anger
"Sir , is human life at stake ?",fear
"But when the sick one is yourself , you can not run away .",sadness
"You can not come to the hospital , [LOCATION] .",sadness
I do not even know who you are .,surprise
You don't fuck with my box !,disgust
He probably doesn't remember me .,sadness
Aren't you ever satisfied ?,anger
"I try to help , but he doesn't listen to me , and I've got my own grief to work through .",sadness
"You have the most unusual name , too .",surprise
"We had something special , but it's over .",sadness
"Boys , sweep them out of the gutter .",disgust
Because I love only you .,joy
He's about to blow the whole machine to smithereens and you with it !,fear
I am a swan !,joy
Is Backpage an innocent facilitator or do they actually have a more active role in fashioning the kinds of ads that are actually being placed ?,surprise
Would you call me [PERSON] ?,sadness
No use leaving all those repeating rifles lying out there to rust .,anger
"And not for Mr [PERSON] , love him as I may .",disgust
"Look , [PERSON] , I - I've known all along That you were stealing food and treasure .",sadness
Stand by and see his wife insulted ?,disgust
I got my rights !,anger
Why is he driving ?,surprise
Leave your celery .,anger
He's hurt pretty bad .,fear
That's too much gun for a man to have just for shooting rabbits .,anger
This is all I'm capable of right now .,sadness
A man dropped you off unconscious . Who ?,fear
I would wear the same gown I wore when you were my favourite beau .,joy
We .  Who the hell are  we  ?,anger
That's very sporting of you .,joy
I'm ... I'm sorry .,sadness
She kissed you ?,surprise
I must have worn out your machine .,sadness
It's a liability .,sadness
This is more like it .,joy
We were all a part of what happened to her .,sadness
How stupid .,disgust
What's the idea of turning her down ?,surprise
It's crazy .,disgust
"Damn it , shut up !",anger
Don't open that .,fear
Like hell it isn't .,anger
Designed to make your life a more annoying place to be .,anger
I'm saved !,joy
I'm busy as the devil !,anger
Does the clown work for [PERSON] too ?,disgust
I thought you'd be thrilled to death .,surprise
"But now , I don't suppose I shall ever see it again .",sadness
"Now , be careful , children .",fear
Did you ever wan na sleep with a man ?,surprise
"I'm sorry , I didn't mean to , you know ...",sadness
I tormented you with an old hatred that's no longer real .,sadness
"[PERSON] was that he had a co-conspirator who laundered the money for him , but no one could figure out who it was .",anger
Bad dog !,disgust
Those are damn fine men .,joy
Or - or maybe you mean embarrassing the badge .,fear
"Mind your own business , would you ?",anger
What does it matter ?,anger
"For a buck , you get a shooter , and a cigar , and a dance with the beautiful bride .",joy
It's a belt that makes its wearer invisible .,surprise
"She does though . Well , I should say my goodbyes .",sadness
It's not so simple . What the hell isn't so simple ?,anger
"[PERSON] , are you familiar with Article of Navy regulations ?",fear
He's such a nut about that car and driving fast ...,fear
"You know , maybe it's better you're not staying here .",anger
This is plain stubbornness and you know it .,anger
"We won , [PERSON] .",joy
Fuckin' machine took my quarter .,anger
"You're dead , you sons of bitches .",anger
The horse ? - The horse .,surprise
Daisy's leaving you .,sadness
A man who would come here as a virgin .,disgust
"[PERSON] , are you all right ?",fear
glad to see you're out of jail .,joy
You think you're fast over land I'll go underground !,disgust
Get on the roof !,fear
Everything these days is pictures .,disgust
You mean I can't have me no credit to grow me no crop this year ?,anger
Who you looking at ?,anger
"Hurry , it's lovely up here",joy
"We'd have got married , had a house and children .",sadness
I've called you dozens of times .,anger
"Please be more careful in the future , Captain .",fear
"Francis ! Pay the guy , will you ?",anger
Did you ?,surprise
"Imagine , an important part of my life wasted between whistles .",sadness
[LOCATION] has always been able to crack your neck .,anger
"Hey , this is pretty nice , being served in my own home .",joy
[PERSON] hates caffeine .,anger
I read it in a report this morning and ...,sadness
Doesn't it frighten you that there's a killer at large ?,surprise
But how do you know that if you weren't there ?,surprise
There'll be a slight delay .,anger
"Diamonds in your hair , rubies on your fingers .",joy
"Put my fucking car back on the track , will ya ?",anger
There's nothing I can do about it .,sadness
This is an unscheduled surprise .,surprise
We're that kind of monster .,sadness
"You didn't get it , [PERSON] .",disgust
What's that got to do with us ?,anger
We were scared to hell .,fear
"Go dry yourself , [PERSON] .",anger
They have lost the ability to communicate and reason .,sadness
"Uh , I'm late for a meeting .",surprise
It's a very busy time right now .,anger
You think you should have done something different but it's not your fault that [PERSON] died .,sadness
Why are you looking at me ?,anger
"[PERSON] , you are a slave as long as [PERSON] possesses you .",sadness
"I see them coming , baby I'm throwing myself in the fucking ocean !",fear
We got everything we need . - Okay . Great .,joy
"Thank you , Mr. [PERSON] .",joy
Is it bleeding ?,fear
I was so proud .,joy
Maybe he'd better start carrying his own matches . Oh ?,surprise
"I love the moment of their death , when I am one with [PERSON] .",joy
It's difficult holding her .,fear
"We needed to see what you were capable of , [PERSON] , and I've a family to protect .",anger
"Please , I'll go to the old ladies ' home if you don't do something .",fear
You are probably an embezzler .,disgust
You're full of surprises .,surprise
That'd really get me in trouble .,fear
"Look , friend , I already told you , you don't know me .",anger
What in the hell are you doing here at this hour of the morning ?,surprise
It could get you in trouble .,fear
I am going to report you to the police .,disgust
"Well , I. . . my dad was a high - powered accountant .",fear
Will you please tell me how you knew that ?,surprise
"Well , you never even asked me why I was going .",anger
"There's no doctors upstairs , and there's no way out of here .",fear
I thought I was the best stud - poker player in the world .,sadness
"Look , the tone of this is so unprofessional .",anger
Is that why I had to come alone ?,surprise
"So are you , but I admit it openly .",anger
It was our last evening together .,sadness
I did not want to miss that .,sadness
Something ya got for Christmas ?,joy
"[PERSON] , look out for the Red Car !",fear
You think I got this job because I fucked some fat - cat friend of [PERSON]'s .,anger
"He loves you so much , and he absolutely dotes on the kids .",joy
The country agencies are in desperate need of these funds .,fear
[PERSON] planted something up in his office to frame me .,disgust
I'm sick .,sadness
You must not do this thing to him .,anger
And then I - I don't know what happened .,sadness
Get out of here before I throw you out .,anger
He says it's dangerous to spend the night in the village .,fear
"No , [PERSON] !",surprise
Impossible !,surprise
All that gossip !,surprise
"There's one thing you oughta know , professor ...",fear
Abracadabra !,surprise
You've all won first prize .,joy
Your parents have been calling all day long .,anger
"You see , [PERSON] , there are certain advantages to being on the sick list .",joy
"You're just like Grandma , always judging me .",anger
I'm an old man who will live until I die .,sadness
But [PERSON] told me she was with you .,surprise
"They're not to come here , you understand ?",fear
Get out of my office .,anger
"An immense reservoir of nature , Where I roam at will .",joy
I don't believe it !,anger
This is only going to make it worse for you .,anger
He seemed like a really nice guy .,joy
So the basic problem is that I'm still around ?,anger
Sweet !,joy
"Ah , I'm sorry !",joy
"He's so damn mean , he can't get along with anybody .",disgust
"Not bad for an old - timer , huh ? I'll say .",surprise
I'll always regret that I didn't .,sadness
"Don't give me that . I know enough about weights and measures to know holes aren't allowed , no corrective holes .",anger
You listen to me .,anger
Nobody can call me the things he did .,anger
I was lucky I come across her last .,surprise
I was very sick when I was a boy .,sadness
Let him speak !,anger
Am I okay ? Everybody's worried sick about you .,anger
"Why don't you stay where you belong , in yo - yo land ?",disgust
"You shut up , Dude , and listen to me .",anger
Get back .,fear
"On the Polhemus thing , what the fuck is happening to the fingerprints report ?",anger
I didn't recognize you standing up .,surprise
My brother is in prison .,sadness
It's a lovely night for the party .,joy
"Old man , give me the keys !",anger
Get one more car done and we'll see .,disgust
Don't joke .,anger
I think I'm gonna faint .,fear
Can we even do this ?,surprise
Was it a cop ?,surprise
I command thy putrid spirit Be banished from this child's soul .,anger
"Fucking A , sir .",joy
She has the name of a man .,surprise
Isn't that wonderful ?,joy
What makes you think he'll listen to me ?,sadness
It was hideous .,disgust
But what happens if ...,fear
Then you did it alone !,anger
I'm not proud of that .,disgust
Everybody is afraid here .,fear
I hope you like it .,joy
"Well , I must say you're quite different from what I expected .",surprise
You're under arrest .,fear
You're afraid of what may happen if the war comes ?,fear
The fish that got away is always the biggest one .,sadness
"When I was in the corps , I was olive drab , or camouflage , or dress blues or whatever was the fucking uniform of the day .",anger
You're gonna regret this !,anger
He was kidnapped . Kidnapped ?,surprise
A guy that's talking about he's gonna solve all your problems .,anger
"Wonderful , my dear fellow .",joy
And this smog doesn't help anyway .,disgust
Hell !,anger
That huge place over there ?,surprise
Put the man in the cauldron immediately,anger
It's wonderful and sweet champagne !,joy
"I know how you feel , but don't ask me to do anything that'll break my heart .",sadness
"Darling , he'll never be able to support you .",fear
"True , but the soldiers would kill us before we got to the river .",fear
Show me how to punish Perseus for this blasphemy !,disgust
Seemed worried about it .,fear
You must come from the Stone Age .,disgust
I needed it .,joy
Now what's all this ?,surprise
I ain't through talkin' with you yet !,fear
"Please , can I have a look , please , please , please .",joy
"Would we have approved killing him in babyhood when he was innocent , or killing his mother , or slaughtering his remote ancestors ?",disgust
"With a little money , you can get almost anything .",joy
Why do we kill people who kill people to show that killing is wrong ?,disgust
Now you've had it !,anger
I've been looking everywhere for you .,surprise
"Now , you got any more smart talk ?",disgust
Suspicious old goat .,disgust
I don't want to die .,fear
Fuckin' wearin' me out .,sadness
I don't suppose it looks like much to a lady ... but I can't help being proud of it .,joy
How can I ?,sadness
"But until we figure it out , it may be a good idea for you to stay at home .",fear
"Boy , those English sure have a lot of guts .",surprise
"I am the medical examiner and the chief pathologist in the city , and they've cut me out .",anger
You know the table is good .,joy
Do you wish me to translate [PERSON]'s letter or not ?,anger
I hope they haven't spotted us .,fear
Why aren't you working ?,anger
"You're good , but you're taking on a lot .",sadness
"Well , I never said that .",anger
You shouldn't fool with that .,anger
You're still dressed ?,surprise
He died kind of slow .,sadness
Watch your head .,fear
I had the pleasure of meeting you in your beautiful shop .,joy
Do you question my word ?,anger
"What is it , [PERSON] ?",fear
"Aw , [PERSON] , now what ?",disgust
I was so worried that ...,fear
It's beautiful .,joy
When he finds out our dam is at his boys camp he'll start asking questions .,fear
"I'm not going back to work now , thank you very much .",anger
"Yeah , and the husbands are happy .",joy
I don't know what I may tell you .,fear
I have to come all this way to tell you this ?,anger
"If you'd walked when I said , I wouldn't have been there .",anger
"In fact , I'm just about to haul nuggies .",joy
Since when am I Baby ?,anger
This is so embarrassing .,disgust
Keep the line straight !,anger
"Nothing Mr. [PERSON] has to say means shit to you , does it , [PERSON] ?",disgust
I suppose they were all in love with you .,joy
They have every right to invade ours .,anger
How did you get to be a captain ?,disgust
"If he can't find enough facts to break you with , I'll give him a couple .",disgust
"Looks like you're gonna owe us some money , fat boy .",disgust
"It's fine , just a little pain .",sadness
It's the saga of a man with very little charm and even less courage .,disgust
She did what ?,surprise
It's been over a week you've been gone .,surprise
Watch that enthusiasm . This is the [PERSON] .,anger
That's it .,joy
"But I'm missin' it , man .",sadness
"You gave $ 50 , for this horse ?",surprise
"Look , lon , what you did to me with this woman .",disgust
"You know , I'm no doctor , but I could swear this youngster's inebriated .",disgust
She's a beautiful tough cookie .,joy
"Hey , there's no one better than old [PERSON] .",joy
Nice to meet you .,joy
"When I think of that kid , I want to cry .",sadness
I've reconsidered my position on your acquisition offer .,disgust
I know how you talk about me .,anger
"Oh God , what a mess .",anger
"Aren't you pleasant . - Yes , when I wan na be .",surprise
"I guess everybody had given up hope , including the doctors .",sadness
It's your fault .,disgust
But I'm always going to be a killer .,anger
Why must I always be the one who puts the cat out .,anger
"Hey , you can't talk to me like that .",anger
We have a winner !,joy
You're only acting .,anger
Now tell me you're glad to see me .,joy
"Hey , look at this , guys .",surprise
You go ahead and let the grieving process happen .,sadness
What kind of an answer is that against a $ million world gross ? You don't say .,surprise
"[PERSON] , you're weird .",joy
How did you know about that ?,surprise
"But you do remember this , don't you ?",anger
How did you get in here ?,surprise
They are all happy all the time .,joy
"No , I just thought we could spend the day together .",sadness
"Ever since they lost our luggage you have been sourcastic with me , and irritable , and insensitive and intolerant !",disgust
Take care !,joy
"Because soon you'll be history . That's enough ! In the name of God ,",anger
I served next to your jellied spine for two decades .,disgust
You suffered severe brain trauma .,sadness
Did you bring that guy in here ?,anger
It kills many brave men .,fear
You're not telling me anything I don't know .,anger
A cockroach !,disgust
"The sun's still high , you can try it again .",joy
I'm involved with someone else .,sadness
I want to be a good dad .,joy
You realize your contacting the saucer violated our instructions .,anger
Give me the lighter .,anger
He's a wonderful man .,joy
Shut up or you're dead !,anger
We will fire him into the eternal darkness as a testimony to our piety and godliness .,disgust
What the hell ? - To see if she was a Grimm .,surprise
You weren't supposed to touch [PERSON] !,disgust
"Well , don't bring his troubles to me .",anger
Why go on taking chances ?,fear
There's somebody out there .,surprise
Be happy in your work .,joy
Brought about by what is know as  the miracle of love  .,joy
You must love someone else .,sadness
Get that goddamn thing on film !,anger
I ... just afraid to lose you .,fear
He was here two weeks before I knew he'd moved in .,surprise
"So what do we do about the hostage situation , sir ?",fear
"[PERSON] , don't press it this time .",anger
"In this business , one should joke a little .",joy
We didn't have a mortgage .,sadness
"What are you doing here , [PERSON] ?",surprise
I'm pleased to meet you .,joy
"The girl is my concern , not yours .",anger
Banks today have got to be careful .,fear
Woo ! Hey .,joy
The coward's code !,disgust
"She was drowned , poor dear , while she was sailing near [LOCATION] .",sadness
knots through the harbour ?,surprise
"Oh , you got me . - That better ?",surprise
"Somebody help me , please .",fear
The Enquirer . The Star . Variety .,surprise
Young lady .,anger
I can't sleep .,sadness
This is absurd .,surprise
"If we let him live , could he forgive us ?",fear
I thought your little cousin was going to sell the stock .,surprise
This sure is a happy day to me .,joy
And we are now beautiful .,joy
Get out while we're still ahead and alive .,fear
"You wan na fire me , fire me .",anger
"But when I see you with him , I feel better .",joy
Two rings ... purse .,surprise
"Say , I understand those Mexican señoritas are still pretty as ever down there .",joy
I hate them .,anger
Aren't you human ?,anger
You go for the piano for the first month .,surprise
Perfect for a single man living alone .,joy
They're gonna be tough to run out .,fear
Send somebody for the militia .,fear
They hold together and bring me bad luck .,sadness
I knew my ill - fitting clothes were unsuited to the exertions that lay before me .,fear
"Quiet , please !",anger
"All right , next time I hear it , I am taking it away .",anger
"Oh , don't say that !",surprise
Mac ...,surprise
There's no need for sarcasm .,disgust
"Much later , [PERSON] !",disgust
I'm talking about you .,anger
"By the way , [PERSON] , about your car ...",sadness
Murdered angels don't go to Heaven .,sadness
"I think the least people could do is to say they're sorry , or ... something .",sadness
We got 'em again !,anger
Such a beautiful bride .,joy
That does sound nice .,joy
It isn't like it used to be .,sadness
How can you want me now I'm like this ?,fear
Besides I can't -- l can't afford to lose bucks .,fear
And the next Backpage is gonna come along unless we fix the CDA .,fear
I'll get in trouble !,fear
It's nothing . - Nothing at all .,sadness
( chuckles ),joy
"She's a wonderful wife to me , too .",joy
"He wasn't a boy , he was seventeen .",anger
I'd be too scared to do it .,fear
I feel useless because I was born without it .,sadness
[PERSON] was so excited about your coming .,joy
And I got so drunk I puked spaghetti everywhere .,surprise
My champagne is not properly cooled .,disgust
You go expecting these things to happen and they do .,surprise
Shit's gonna hit the fan .,fear
This hysterical [PERSON] who tried to kill her husband .,disgust
I'm a perfect surgeon .,joy
These are some of the highest ranking military officials in our defense program .,fear
I looked everywhere for my wife but couldn't find her .,sadness
I'll get even with you . I'll get even with you .,anger
There's a real cab up there .,joy
"And then , of course , there was the unexpected and , I must say , regrettable suicide of [PERSON] .",sadness
Grown - up men playing with monkeys .,disgust
"Well , if the [PERSON] tries anything like that with me ...",anger
Why don't you both shut up ?,anger
"It adds a few miles to our trip , but somehow I've become a little sentimental .",sadness
Why the hell did you think that was an appropriate thing to do ?,anger
There are many who can not tell between good and evil,sadness
We all have to sacrifice something .,sadness
Isn't it divine ?,joy
You're beginning to realize maybe the public knows more about public relations than you do .,joy
How long will you be able to keep the litigation going on your own resources ?,anger
We just hit the jackpot .,joy
I was afraid of that .,fear
Rushing home to a hot apartment to listen to the automatic laundry and the electric dishwasher and the garbage disposal and the nagging wife .,disgust
"Um , I found someone else to -- to take your room ,",disgust
"For a boy , it was a kind of paradise .",joy
You've never known .,sadness
"What , are you guys blind or something ?",anger
Ask him !,anger
Anybody would be ashamed of that .,disgust
A dead man has one half - hour to raise his roll outside and get back in the game .,anger
[PERSON] is the best cop I ever saw .,joy
"As it is , this is not the life I want for our children , for myself and for you .",sadness
"Well , young man , you seem to be enjoying yourself .",joy
I know it's a terrible time .,sadness
You walk awful fast for a little thing don't you ?,surprise
"No , not tonight .",disgust
There's no need for that .,anger
I want you to pull over and stop so's we don't have an accident or worse .,fear
"So , if you folla us again , I chop your arms off , OK ?",anger
"But , you see , it's really his wife that's keeping them apart .",sadness
What have I done now ?,fear
We're going to be killed !,fear
"Now she's going back today , soon as we give 'em a full stomach to travel on .",joy
"You've forgotten , this is the th century .",sadness
A little restraint ?,anger
That's something you'll never hear from me as long as you live .,anger
You're alive !,joy
What a nasty man .,disgust
You can't come in .,anger
The best died there .,sadness
She's in labor now ?,surprise
"Did they hit you , [PERSON] ?",fear
It's a trap .,fear
We'll let them decide . Face the window .,disgust
Both ? - ( chuckles ),joy
We have shown the two such a joy !,joy
I wonder what he's doing with Mr [PERSON] .,surprise
Assholes trying to round them up and put them in the back of trucks .,anger
"I hate to do this , but I think we better get him to a hospital .",fear
They got ta be punished .,disgust
How long do you think we'll have to stay in this hellhole ?,disgust
[PERSON]'s divorce left him in a state of disorder .,sadness
We throw ourselves at your mercy .,fear
"Ah , [PERSON] , old chum .",surprise
You poor child .,sadness
"Please , be careful .",fear
Except blurt out a total confession .,joy
You have to be a pig !,disgust
"Did it ever occur to you , [PERSON] , that the prince looked everywhere for [PERSON] just so that he could put the shoe back on her foot ?",anger
There's nothing else I can do .,sadness
There must be something I can do .,sadness
"Anyway , I practically had to beg her to take plastic , and you know how backed up that is .",fear
It's a monster !,fear
That cunt is no good .,disgust
"You are wrong , [PERSON] .",anger
Out of my court before I order your arrest !,anger
I can see that !,surprise
"But they were lights , they were flying around .",surprise
"Yeah , everything's great .",joy
"I regret your aggressiveness , [PERSON] .",disgust
What was your relationship with the deceased ?,sadness
"Thank you , but I wouldn't dream of disgracing the family with a divorce .",sadness
How are you guys ?,anger
Uh-oh .,fear
"Sit down and relax , and ... be brilliant .",joy
Do exactly what I tell you and there won't be any problems .,anger
I haven't had a job in four months .,sadness
That was lovely .,joy
Is that why you hate them so much ?,anger
We've been doin' real good .,joy
"Goddamn , is that bitch on the rag or what ?",anger
We were just telling some old war stories .,joy
"You mean , he has a key to your home ?",surprise
What the fuck are you doing with those ?,anger
"Miss Windy , the villa has been ransacked",fear
So tired .,sadness
You sit down and pull up your pants and where would it get you ?,disgust
Shoot the fuck down !,fear
There isn't anybody I can call for help .,fear
"So anyway , I wan na tell everybody that the flight over was really nice .",joy
Found hair in your comb .,disgust
"l can't stand this shit . - Hey , [PERSON] , please .",anger
"Trouble is that the Kid might be nervous , big game like this .",fear
You never told me your father was ...,surprise
♪ ♪ What are you thinking ?,joy
What the hell are we supposed to do with these ?,anger
"I love them , though .",joy
Don't worry about me .,joy
We're gonna leave you . Do what you have to do .,anger
Life back over there is hard .,sadness
You knew that file didn't have a damn thing to do with my case .,anger
Oh I bet you do ... and then minutes later every cop in the state'd be after us .,anger
I have worked and struggled to make myself an American .,sadness
"Okay , you have fun .",joy
Don't do anything foolish .,disgust
Can you explain your testimony that there is more stringent posting rules for selling a motorcycle than selling a - year - old ?,anger
Now let him win it back !,surprise
It sounds frightening .,fear
"Oh , [PERSON] , I'm worried about what you'll do at the inquest tomorrow .",fear
Nobody messes with the Healys !,anger
Ringo !,joy
"Well , look who's here .",surprise
"It's terribly expensive here , [PERSON] .",disgust
"Let go , you asshole !",anger
I shot him .,anger
"With a baby , you never know what you're getting .",sadness
"Breathe normally , And ease out slowly . Ready ?",fear
Everybody's mother's got to die sometime .,sadness
I'm sure you don't mean that .,sadness
We already know the rest .,anger
I don't wan na see you split up .,sadness
We need to warn [PERSON] and [PERSON] .,fear
I couldn't do anything .,sadness
I like !,joy
It wouldn't take that long if we had the right kind of government .,disgust
He'll never see another if he doesn't learn about [PERSON]'s artillery .,anger
"No , he's no [LOCATION] .",fear
I thought he was kidding .,surprise
A pleasure .,joy
"Now , then I find myself in [LOCATION] with no money .",sadness
What the hell was that ? !,fear
I was crazy with jealousy .,sadness
I'll miss that man .,sadness
I guess I'm just exhausted .,sadness
"Then , suddenly , I vomited on my family . Hmm .",surprise
Put up your hands !,anger
Morphine syrette . Give me a morphine syrette . I got it .,joy
"Watch where you drive , artist .",disgust
"Oh , foo - foo says hello , too !",joy
It's because I'm a wonderful lover .,joy
Don't hurt him .,fear
They won't go .,disgust
"To begin with , a thief .",disgust
Are you a scarecrow's son ?,disgust
"Years ago , when we still had executions in the state he used to volunteer as a witness .",disgust
Good stuff .,joy
"This has been a long week , Dr. [PERSON] .",sadness
"You can always find somebody to set you up , right ?",anger
"He objects , she sustains , every time . The old flame's still burning , huh ?",surprise
Why were you hiding the evidence ?,disgust
That's sweet .,joy
"You disturb the neighbors , I'll cut you up and eat you for dinner .",disgust
"I mean , didn't you feel like A complete piece of gutless , spineless , Primordial slime ?",disgust
Why don't you go play with your friends ?,joy
Did anybody ever tell you that you smell like the future ?,joy
You rat !,anger
The question is abusive .,disgust
Have you forgotten it ?,surprise
Are we in danger ?,fear
I'm just not certain it's the right thing .,fear
That's why you're getting older and she's getting younger !,anger
No ...,surprise
How can you ask me that now ? I'm sorry .,disgust
Things like that are none of our business .,anger
Don't do it !,fear
How you going to stop me ?,anger
You may believe what you like .,anger
And I don't want to go to Hotel Terminus .,sadness
I really like your singing .,joy
"Two good and happy years , for me at any rate . The night he fell to [LOCATION] ,",joy
"Then I went to the liquor store I grabbed a bottle , and I started drinking .",sadness
I do not want to hear one more insubordinate word ... from anyone in this platoon .,disgust
It's a bitter substitute .,sadness
It's a train robbery .,fear
"I loved him , but you know ...",sadness
Let's get the skiff out and shove off !,joy
Once that secret mentions the visit of the president at a secret air base for the purpose of inspecting things from outer space .,disgust
The job's too tough for you .,disgust
"Glad you liked it , Grandfather .",joy
"I like that man , with the sort of blue nose .",joy
"Say bye - bye , now . Bye to daddy .",sadness
"And as long as you terrorize me , I'm gonna fight you .",disgust
"She's got many men in her life , and they take her to lots of different clubs .",joy
We're all old friends .,joy
Frank . The Benzedrine's got my teeth wiggling .,disgust
She's flying straight to [LOCATION] to be with her father ?,surprise
Occupational hazard ?,fear
"We know you're sad , buddy , but you got ta go to school .",sadness
I'm glad you fellas happened along .,joy
You must forgive me .,sadness
"A vast area would be uninhabitable , with many cancer cases later .",fear
"My dear , he is attractive , isn't he ?",joy
Autumn ?,surprise
To cover it up .,surprise
Scrub all day and I can still smell it ...,disgust
This kid's taking this too good .,surprise
Goddamn little bitch secretary .,disgust
"But right now , I can't think of one .",surprise
I just love it when it's so nice and warm .,joy
Go get them ! No !,anger
Watch your manners .,disgust
It's a matter of life and death .,fear
"How do you live with it , Miss [PERSON] ?",surprise
You know what we ought to do ? Steal the money for ourselves .,surprise
You ain't gonna get nobody to come out here .,anger
"You feel better , [PERSON] ?",joy
"We need to talk and actually catch up , But ... I feel weird about this .",disgust
Feels like we're going down .,fear
What about the herd ?,surprise
"I'm sorry , Rock .",sadness
You stole them turnips from [PERSON] and it's the wrong time of the year for stealing .,disgust
This is our song .,joy
But you can not help her .,sadness
You got to get me out of this mess !,anger
They brought their fuckin' toys with 'em !,disgust
All right . I'll talk to [PERSON] .,anger
I like being with him and I like thinking about him .,joy
"Yours will , depend on it . Because you're like all criminals , you're greedy .",disgust
Are you sure ?,fear
[PERSON] really digs you .,surprise
"I Iove you , [PERSON] .",joy
"Hey , Crystal , I want to show you this . Now , what's gonna happen here ...",anger
It's so remote I thought I would ... be safe there . I figured no one could find me .,sadness
"I might get bit , after all .",fear
The back door !,surprise
"It's like [PERSON] , you see ?",joy
There they are !,joy
These are death row inmates !,fear
"Ignore that beast , [PERSON] . You joined the church Because you had no talents , no skills ,",disgust
I wouldn't have had it any other way .,joy
So you've decided to have me removed piece by piece ...,disgust
"I'm not concerned to hear your reasons , man .",anger
"I once went without food for 147 , days .",sadness
He was killed .,fear
I'm gonna leave .,anger
I ought to run him out of the house .,anger
That's a sign you must be pretty happy .,joy
You done it .,joy
Mine was big as a grapefruit .,joy
You won't believe it until you see it .,surprise
You won't stand for it ?,surprise
Someone's tampering with the security circuits .,fear
I triangulated her cell .,joy
"Is this [PERSON] , who we went to [LOCATION] with ?",surprise
I thought communications were out .,surprise
"What he could be is your son . Yeah , he's my seedling ' ...",surprise
Isn't that an intriguing challenge ?,joy
Why don't you sit down and try not to waste my time ?,anger
Why does a solid businessman like you want to get into pornography ?,disgust
Don't make me feel like this .,sadness
And there's a big difference between love and infatuation .,disgust
The girl you thought you knew was quite nameless and without reality .,disgust
You're back .,disgust
"Mom's making me go to college at home . Listen , I can't really hear you .",anger
If you ever talk to me like that again ... I'll make sure you never win another election in your life .,disgust
"Why , you want a road trip ?",anger
Soon they'll make admirals out of captains with guts .,anger
Creeps .,disgust
"I saw it , but I didn't believe it .",surprise
Do not say to me that I have anything to live for .,anger
You took [PERSON]'s body .,disgust
"Why do you bother with her , eh ? She's nothing but trouble .",sadness
"I try to instil them a notion of order and method , and they always disappear for the bar !",anger
Get on out of here !,anger
I would call ... revenge .,anger
You must rebuild what you've destroyed .,sadness
Must be a beautiful horse .,joy
Buy it or wreck it !,anger
"Well , ain't that good ?",joy
They took [PERSON]'s body ? He can't even bury her ?,surprise
Don't mind [PERSON] .,anger
"Well , now there's no sunshine in my life .",sadness
Oh Sugar ! That sounds like so much fun but Guess who's back together with your dad .,joy
Like what ?,surprise
"I worry about you , that's all .",fear
"I am a clown , and puzzled only by his presence in a place such as this , among such people as us .",surprise
Really !,surprise
"Now , look . You're a vaguely amusing and not unattractive guy , but I'm not even remotely interested .",disgust
"Now , that was probably a mistake because now you're in danger anyway .",fear
Nobody's gonna ruin the union !,anger
You think you know something about law .,disgust
"They liked each other immediately and got married ,",joy
"Hey , don't worry !",joy
She's very unhappy .,sadness
Don't shoot !,fear
That's very funny .,joy
"Well , no wonder you're worn out .",sadness
Our reputation wouldn't be worth a nickel .,fear
"Oh , [PERSON] , I'm a coward .",fear
It's unbelievable .,surprise
I'd only mess that up too .,sadness
"Those two guys and [PERSON] , shit man , I seen them take on a gang of guineas with nothing but a knife and a broken bottle in their hand .",fear
You didn't know he's back ?,surprise
"Yes , I noticed you'd packed .",sadness
I enjoy to live .,joy
Just one ?,surprise
One two three !,joy
"And we will be very , very happy and very , very rich .",joy
She's more frightened than anything .,fear
They meant nothing .,sadness
"[PERSON] , I don't want to hear it .",sadness
We have lots of little problems like this .,disgust
"Officer , please , for God's sake , they're looting the Food King !",fear
I was afraid of making a fool of myself .,fear
There's trouble down here .,fear
Anything serious ?,fear
It is out of the question .,anger
What the hell are you doing ?,anger
Why don't you shut up and go back where you came from ?,anger
You're not going to hang me ?,surprise
I wish it made me feel good too .,sadness
"As you can see , the available forces have been badly distributed .",anger
That's how much you bother me .,anger
"The suspect's body , who we now believe is our Jack the Ripper copycat , was discovered late last night .",surprise
Isn't that pretty ?,joy
"Leon , why are you so good to us ?",surprise
"I'm sorry this had to happen , [PERSON] .",sadness
If you thought as much about being honest as you do about being smart ...,disgust
Please be careful .,fear
Let's face it .,disgust
"Nice going , asshole !",anger
No one asked her to worry about me ...,sadness
Cut the conversation .,anger
You did . - Come on .,joy
"These guys , they don't do it for money . - What ? - They don't do it for money .",fear
"The dishes are on the table , the refrigerator door was open ...",disgust
ve never been to [LOCATION] L.A.[LOCATION],sadness
You like our wide open spaces .,joy
But if the last powder was taken there is two days it can not be very important .,anger
Sucker .,anger
I just happen to be taking the same train .,surprise
"Oh , my God !",surprise
That ain't [LOCATION] .,anger
I don't want my picture taken .,anger
Shangri - la on dope .,joy
I'll argue with him about it later .,anger
lt's good you told me . lt's very brave .,joy
But I'm very happy to have met you .,joy
"Senator [PERSON] , I'm pleased you could make it .",joy
"King [PERSON] , voodoo priest of the [LOCATION] posses .",fear
"You're a hard man to kill , Admiral .",anger
I went crazy .,sadness
"No , [PERSON] ! Don't !",fear
You never spoke about it .,surprise
"Please come back , [PERSON] .",sadness
I didn't mean anything bad .,sadness
We've been very happy here .,joy
What a creature must sit on the throne ... who lets a man like you deal out his justice .,disgust
The men aren't gonna be happy about what you've been doing .,anger
It's three years since my last confession .,fear
That ought to teach those [LOCATION] to stay away from my house .,disgust
Then give me your home number .,anger
You skip meetings I'm supposed to go to .,anger
We can't let you out of here . You know that . Of course .,fear
or even scrap,disgust
Now she's going to [LOCATION] to measure glacial melt . By herself .,fear
"You know , the four fragile fingers , and the long arm , real short joint .",anger
"If your mother were alive , she'd be so happy .",joy
"Then , you'll want to say goodbye .",sadness
I'm my own master ... for the first time in my life .,joy
"So I hit the casino floor , I'm walking out , heart's in my mouth .",fear
I was running out of things to say .,sadness
The majority of children that we see trafficked online have been trafficked on Backpage .,disgust
"They're savages , savages",disgust
More than two ?,surprise
I am thinking of you .,joy
"Hey , who turned out the lights ?",surprise
"Whaddya trying ' to do , make it a short day ?",anger
What do you want to do about the body ?,fear
What about if they engage us ?,fear
It felt good .,joy
"You rinse , you get this glob of plaque you got ta spit out .",disgust
It takes away the pain .,sadness
The Lord don't hold with anybody that steals around planting time and he sure don't hold with anybody that steals and then lies and says he didn't .,disgust
"If you don't give me my $ 200 , I'm going to tell a policeman how you got it and he'll make you give it to me , 'cause it's mine .",anger
"Oh , that's just great , [PERSON] !",joy
The helicopter has been hit !,fear
"Don't joke with me If we wait too long , that monster will get us",fear
"What I say is , why go on living with them if they can't stand them ?",surprise
"Stall their deliveries , push them off the streets !",anger
"You don't like jazz , pal ?",surprise
I thought you said something .,surprise
"I shouldn't have hit [PERSON] , shouldn't have picked up the telephone ...",sadness
It was a nightmare .,fear
"[PERSON] , I don't mind you being stupid , but this is crazy .",disgust
"With what money , and what about us ?",fear
All I want to do is make things as difficult as possible .,anger
"Violence prone , obsessive / compulsive personality , a history of excessive physical force throughout his years as a [LOCATION] police officer .",disgust
Send your cops home then .,anger
That's your funeral .,disgust
You've taken advantage of my wife .,anger
"Excuse me , Doctor , but that would be a tragic mistake .",fear
"If I spoke , you barely answered .",sadness
So that's what those things are for .,surprise
"You want to come into this house , you ring the damn bell !",anger
Don't you see me standing right here ?,anger
Do I actually see this ?,surprise
And runnin' late as usual .,anger
You don't often see a set of charlies that nice .,surprise
"You know , it's dangerous for you to be here in the frozen food section .",fear
What if [PERSON] should overhear you ?,fear
"You're a liar , boy .",disgust
"No , this is my daughter's night . Really . Come on .",anger
Swell !,joy
I know you think I'm crazy .,sadness
"You don't sound very grateful , Dr. Blood .",sadness
Christ ! We've got no alternative .,anger
She could not have been with [PERSON] .,surprise
This heat is really something .,surprise
But I thought we were gonna be partners .,sadness
Witness interviews ?,surprise
I am not powerful enough,sadness
Better you than your mother .,disgust
I hope I'm not obscure .,fear
The facing page looks as intellectual as a snake .,disgust
You mean to tell me you wear a different dress for different times of the day ?,surprise
"[PERSON] , get back upstairs with the brat .",disgust
He's a little bit grumpy right now .,sadness
It's you .,fear
Barley ?,surprise
Maybe they heard something .,fear
Double six . Ouch .,surprise
It's too stupid . Perhaps .,sadness
She has a lovely time .,joy
You broke your husband out of prerelease ?,surprise
Seems much slower than the other eight times I've seen it .,surprise
"itself but simply a tool , as language is to thought .",joy
"Well , I'm happy , anyway .",joy
There's nothing we can do .,sadness
"Well , that's pretty sweet .",joy
Don't be nostalgic .,anger
I don't believe it ! He was down and out and finished !,surprise
It was nice of you to break your date .,joy
"I mean , aside from all of this junk .",disgust
He don't get it .,disgust
The death of [PERSON] is a tragedy .,sadness
"Yeah , he's a first - class asshole , that's for sure .",disgust
We're not ? - Mm .,fear
[PERSON] accuses [PERSON] of introducing a boys camp bill for his own profit !,anger
"It's all right , don't shoot !",fear
"That meteor is either very light , which is unheard of , or it's hollow .",surprise
"And think of her - if she knows nothing , she's safe .",joy
Quite an act .,surprise
I never signed any contract !,anger
My sweetheart gave it to me .,joy
We've created a problem .,fear
He's a beautiful kid .,joy
They're vicious killers ! Wait a minute !,fear
"You fat , disgusting slob !",disgust
"Yeah , we got unfinished business ! Her and me .",anger
"Noise , what's that noise ?",surprise
"I - I am working on it , and I will figure it out .",fear
"If [PERSON] comes back , I'll give him a bust right in the mouth .",disgust
My back's giving me hell .,sadness
Really scary .,fear
"It is completely well now , mother .",joy
"Thanks , Dad .",joy
"No , you mustn't !",anger
"Wait a minute , I'm ahead of you .",surprise
It's a disease .,disgust
We'll never get to the airport .,fear
Please don't cry anymore .,sadness
Perseus and [PERSON] will be happy together .,joy
Look at those darling dogs .,joy
Don't look right or left .,fear
I'll tear you apart !,anger
"What the fuck are you doing now , man ?",disgust
They say it is the skin of a dead snake .,disgust
Please save us .,fear
"You've got me worried , dear .",fear
"You in ? - Uh , sure , I'll shoot a rack with you . - L - listen , kid , kid .",fear
♪ - Oh ! - ( Laughing ),joy
But how can there be a question ?,surprise
"Out there , you got me a little wrong .",surprise
He was my brother .,sadness
A lie .,disgust
Our steamroller methods are getting too hard for your sensitive soul ?,disgust
Don't ruin it .,anger
"Lieutenant , do you have any idea how [PERSON] knows these details ?",anger
I'm too old to be traded in .,sadness
Run away now or I'll kick you .,anger
"So when I see you having all these things that I didn't have , I , like , live through your eyes .",sadness
We're not interested in him .,disgust
"Well , you said the name of the boat on television . I knew it was [PERSON]'s .",surprise
What a gruesome proof of the power of the press .,disgust
Me not work ?,surprise
"Your client knows that if I go to jail , he and his friends will go with me .",fear
"Acknowledge , over .",anger
Smack him in the face !,anger
Can you make it ?,fear
I'm glad to help .,joy
The service in this hotel is terrible !,disgust
Why can't I say it ?,surprise
They're all dead .,sadness
My boy [PERSON] !,joy
I'm surprised at you !,surprise
Get out of my way .,anger
"It's a lot of time , especially when it stands still with loneliness .",sadness
He is inspired by the new openness here .,joy
"The creatures were about uh , four foot .",surprise
♪ On nights like this with the moon above ♪,joy
"Your refusal to speak to me is tediously immature , [PERSON] .",disgust
"It's like they're running an errand , and they happen to spot the one they love across the street running a different errand .",surprise
I told you never to ask me how I feel .,anger
What is it to you if I leave ?,anger
That's much better .,joy
"You get your belly full of food , and you're a lover .",joy
♪ For me and you ♪,joy
"You wouldn't close him down if you were [PERSON] , would you ?",surprise
"Well , that's the problem . Um ... The bad guys took it .",sadness
And see that you get out of town .,anger
He walks into the house without even knocking .,disgust
I love those .,joy
"When [PERSON] died , [PERSON] was only five .",sadness
You know Mr. [PERSON] and Mr. [PERSON] from before ?,surprise
No thanks .,anger
"I want one hero , not two mutineers .",anger
What can you do ?,disgust
"Now , this man is good .",surprise
"I don't know much about him , but I'd say he has good taste .",joy
How can you be so cruel and unfeeling ?,sadness
The time had come to look the devil in the eye and send him to hell where he belonged .,disgust
"It's a passion that continues to grow , ... The more the King is drowning .",fear
"Oh , did I ? Uh , I am .",surprise
I think I could turn and live with animals .,disgust
I've had it up to here .,anger
"My God , stop him !",fear
You go to the embassy !,anger
"Make peace , you idiot .",anger
"Look , if I'd have been careful piloting that reconnaissance plane during the war , you wouldn't have had the chance to take the pictures that won you a medal , and a good job , and fame and money .",anger
"[PERSON] -[PERSON] , how do you do ?",surprise
"So , you'll work your way through all the gangsters ?",fear
Argh ! Kaili !,anger
I think it was fun and sexy .,joy
It drags at your heart till ... you can't do anything but look back .,sadness
I request a recess .,surprise
"That sounds swell , [PERSON] .",joy
That would be just great .,joy
"And I was with some boys in the neighborhood , and we saw this and went ,  Oh , My God !",surprise
Terrific .,joy
"She seemed too restless , too tense , too withdrawn , and [PERSON] , when he wasn't looking at [PERSON] , he was watching [LOCATION] look at Maria .",sadness
She was coming after me with this gun right in her two hands .,fear
Drink to the winner !,joy
Why have you come back when nobody wants to see you ?,disgust
How do I know you'll jump ?,fear
That's why your wife dumped you .,disgust
Crazy out of your skull .,disgust
"I didn't know we were on a first - name basis , but how are you ?",surprise
"You know , I'm not so fond of raising money , but I think it's idiotic to turn that job over to him .",disgust
We're gonna end you ...  And all this ...,anger
You gave him a plane without checking with Operations ?,anger
Why don't you fire her ?,surprise
"Oh , that's what you're working on ?",surprise
That's the stuff he fills the children's heads with !,disgust
Don't you have any respect for yourself ?,disgust
"Hey , [PERSON] , that's fantastic .",joy
Cause I said so .,anger
"It is a lot of crap , sir .",disgust
"You put my eye out , you bitches !",anger
You mean I'm supposed to take mama's place ?,surprise
He's crazier than I am .,fear
Your money couldn't begin to pay for the window you broke .,disgust
"[PERSON] , my sympathy for your loss --",sadness
And I stormed out .,anger
"Judge , it's our theory that Mr. [PERSON] is being framed in this case .",surprise
Don't think I'm too scared of [PERSON]'s gang to do what's necessary .,anger
I'm not denying anything .,anger
You preached about faith and other rubbish .,disgust
"Yes , [PERSON] found him slumped over his desk that morning ...",sadness
I'm distraught to hear that .,sadness
Were you alone ? - Yes .,surprise
There's nobody left around here now .,sadness
"Oh , God .",fear
"The boy's doing so poor these days , why not take him along and air him ?",sadness
After that we found out that it wasn't the Russians .,disgust
I haven't been up this early in years .,surprise
Professor [PERSON] is gonna spot us .,fear
"Oh , dear me .",fear
You want what you want when you want it .,disgust
It's gonna be a massacre .,fear
Cannonball !,joy
"Why , [PERSON] , you aren't supposed to know anything about that .",surprise
He was here ?,surprise
They're so nice to have .,joy
My heart soars like a hawk .,joy
What if the police find you here ?,fear
You'd hate it .,sadness
That's dangerous .,fear
I never mentioned any illness .,surprise
"Listen , take it , $ .",joy
"I do declare , it looks like my head's gonna split open with all this singing and yelling and hallelujah - ing .",anger
That's quite a knife you carry .,fear
"I like your tie , too .",joy
What do you dream about ?,disgust
I was coming down the steps and there was the watchman lying dead at my feet .,fear
You ain't calling the tune !,anger
"You're more than welcome to bring her , or him , along .",joy
Only a gourd - head would ask a stupid question like that .,disgust
I love Russians .,joy
"Listen , [PERSON] , or [PERSON] , whichever one you are ...",anger
We just having a little fun .,joy
I'm afraid of you ?,fear
But it was worth it .,joy
"It's too late , isn't it ?",fear
"She also has a drinking problem , and I have no idea where she is .",disgust
I'm paralysed with happiness !,joy
It's moving back against the wall .,sadness
I've seen men rape an old crippled woman in a wet ditch .,disgust
I can wind this one up in six weeks .,joy
It could have been a dead end .,fear
[LOCATION] laughed at my theory .,sadness
We weren't thinking of going quite that far with it .,surprise
You may join the others belonging to my uncle ... and henceforth you may take your orders from him .,disgust
It's just that ... the breeding is no longer working .,fear
"Probably not , hon , but somebody else's folks will be ... all that sand to brush off .",anger
♪ Any time that I would ask her ♪,joy
"You know something ? Off the screen , I don't think I've ever seen you laugh before .",surprise
You're not going to work with these monsters ?,fear
I'm not sure how much good all this talking's doing .,sadness
"For me , the fun went out of it after [PERSON] died . It was never any good , really , after that .",sadness
I do hate you !,disgust
Where's that wonderful music coming from ?,surprise
Adalind went into labor .,joy
It is the monster !,fear
Looks like we got a slumber party on the third floor .,surprise
A gunfight .,fear
"Why , that's right !",joy
"[PERSON] , I have the most terrible news for you .",sadness
"Oh , I just don't think I'm gonna have the time for it .",sadness
He wants to die !,fear
He talks about the great lie  .,sadness
"It's a pleasure , I assure you , [PERSON] .",joy
It's an insult .,disgust
"I bet you don't even like girls , do you ?",disgust
I got a man here that sailed on the Golden Arrow And lived to tell about it .,surprise
You stay and cook one of your raw dinners .,disgust
Don't you call my husband ...,disgust
It's a dead man .,disgust
That's how friends roll .,joy
"I should be back in [LOCATION] , sitting in front of a typewriter , making all this up for a movie .",surprise
There's got to be guns in this house .,fear
I have no close folks .,sadness
"I said some bad things about the boy , but we can explain that to the exuberance and excitement of youth , because he's certainly changed his ways now .",joy
We can't stop at anything until we've smashed this yokel ...,disgust
I can't tell you how glad I am to see you .,joy
"Is that right , Shooter ?",anger
Isn't technology wonderful ?,joy
Aren't they wonderful ?,joy
It looks very nice on you .,joy
"But , you see , if this thing here controls you , it's gonna burn you and everythin' else around you up . That's right .",fear
That means we're in grave trouble .,fear
How far does a girl have to go before you'll notice her ?,sadness
So you're [PERSON] .,surprise
"I don't want any lesson , Shooter .",anger
Was he hurt bad ?,fear
This was the most - watched event in the history of the National Press Club .,surprise
"[PERSON] , you want a laugh ?",joy
"For three months , we've been listening to that sad sack spout his unhinged tirades , day in and day out , because we were promised % of the ransom .",disgust
[PERSON] was a good man . Tough break .,sadness
"Probably I'm prejudiced , but it seems to me that [PERSON] is a pretty cute young lady .",joy
I'm his prey .,fear
"Then I turn my back , and he steals a glass .",disgust
What about us ?,fear
"Now , I don't date teenagers .",disgust
You've made no protests yourself ?,surprise
No further questions .,disgust
I thought you'd be happy .,surprise
"Pretty good shooting , young fella .",joy
"We were wandering around , that's how we got robbed .",fear
I'll tell my mother !,anger
A bus ?,surprise
You wicked boy .,anger
"Bad for you , worse for me .",sadness
"We headed south , and excitement ran high .",joy
He is my friend .,joy
There's a airplane on you . - You drew an airplane on me ?,surprise
A man I've admired and worshipped all my life .,joy
Who the hell is that ?,anger
"If you find any keys , hang on to them .",surprise
I'm enjoying this .,joy
We should both go .,fear
"Oh , thank you . Yes !",joy
Is this record correct or not ?,anger
I am very busy ... please !,disgust
"Please , this job means everything to me .",fear
I completely agree .,joy
"The Miss [PERSON] ? I don't believe it . My brother , [PERSON] , told me all about you .",surprise
Damn it .,anger
I hope so .,fear
I hope [PERSON] isn't watching .,fear
"May it please the court , I submit that my entire line of defense ... is based on the proposition that persons of the female sex ... should be dealt with before the law as equals of persons of the male sex .",anger
I think we have had enough ... Unsupported accusations for one case ... Dr. [PERSON] .,anger
"And then , I see your face .",joy
That was the hope .,joy
"And whoever it was tried to murder me , too .",fear
"So after 129 , hours of being buried alive , at last , freedom seems in sight .",joy
"[PERSON] , I might have died a happy man .",sadness
"[PERSON] , there's no way the DA handles a case like this himself just because I work for you .",anger
Ma !,joy
"She went straight to the local sheriff , who , fortunately , happened to be a particularly good friend of ours .",joy
I can't breathe !,fear
It is very simple .,joy
Not a fucking dent !,anger
"Doctor's here to examine you , freak just so no one can say we laid one finger on you .",anger
You have a resemblance to him .,surprise
Out of the question .,anger
Why would they change it now ?,surprise
"Like I said , they'll call you if they need you .",anger
I'm in a strange man surrounded by strangers in a strange room !,fear
I love soothing a man .,joy
I can say no more .,sadness
You're positively an incredible human being .,joy
I couldn't take my eyes off of that girl and her baby .,joy
"I love you , my little [PERSON] .",joy
You goin' back ? Nah .,disgust
I have to warn the Soviets in the clearest possible terms that they risk taking us to the brink of an armed confrontation with incalculable consequences for all mankind .,fear
You took her from my house last night !,anger
I sent you all those letters .,surprise
"Theoretically , it should have a much greater effect .",surprise
It does feel better to get it out .,joy
Are you trying to get me killed ?,fear
There's still places I want to see and things I want to do .,sadness
It's good .,joy
You stay out of my way .,anger
"Uh , something like that , yes .",surprise
"Mom , you must have had a bad dream , that's all .",fear
I met her at the grocery store . - ( babbling ) - isaac .,joy
I am not unauthorised .,anger
"Lads , they're drunk .",disgust
"[PERSON] , it's perfect .",joy
But what's that thing in my back pocket .,fear
You'll have them for a while . Great .,joy
I feel some concern for his safety .,fear
Don't even breathe !,anger
"Ace , king , .",joy
I've only got hours .,fear
I'll swear that into my own grave .,disgust
I'll never have a girl like that,sadness
"Well , if there's one thing I know , it's how to wear the proper clothes .",joy
You were too rough the last time !,anger
"Good game tonight , guys .",joy
"To tell you the truth , [LOCATION] frightens me .",fear
You made me remember things that I had forgotten .,surprise
"Come on , hurry ! Hurry !",fear
Who would he choose ?,surprise
Hey ! Want me to wrestle you up some breakfast ? Uh-oh !,surprise
Fuck it !,anger
"Splendid , thank you , sir .",joy
A little rush ?,anger
Every dog I ever knew seemed to have a very nice life indeed .,joy
Open the windows !,anger
[PERSON] has every paper lined up and he's feeding them doctored - up junk !,disgust
"Never , in any crisis of your life , have I known you to have a handkerchief .",surprise
"Somebody ! Open the fridge , damn it !",anger
He asked you not to get those records ?,anger
It can be absolutely breathtaking .,joy
"Good to see you again , friend .",joy
"Ooh ! Oh ! In the name of the holy father ,",joy
Except the way she was killed .,fear
But there's no dirt in here . - I know .,surprise
You might have noticed I've got a slight weight problem .,sadness
Halt negotiations immediately .,anger
There's nothing you can do .,sadness
You see that gun in his hands ?,fear
No need to shove !,disgust
"For God's sake , be careful .",fear
Slow down or you'll get a ticket !,fear
"And that scares the shit out of me , kid .",fear
[LOCATION] has done the impossible .,surprise
Moon !,joy
Next time remind me to bring some aspirin .,anger
What are we gonna do ?,fear
Get in the car .,anger
"Miss [PERSON]'s feeling a heap better today , Mr. [PERSON] .",joy
I can't think of anything more sappy .,disgust
He used to make me bend over while he whipped me with his belt .,fear
♪ And I think to myself ♪,joy
I should feed a strange mouth ?,disgust
Your hair looks nice today .,joy
"I've , uh , really enjoyed this little chat .",fear
I'm afraid we lost our patient .,sadness
They're coming to kill you !,fear
Didn't you tell me to call you in five minutes ?,anger
I don't need you monitoring my intake .,anger
I can't stand it here any longer .,anger
He'll snap any day .,fear
They wouldn't let you take your dog ?,surprise
"Well , that's right , ma'am .",joy
Can you still keep going on ?,fear
"Now , these legs are very nice .",joy
I'm going to jump .,sadness
The devil with him !,anger
"Please , continue .",sadness
You're just some fucking pussy . Fucking pussy !,anger
Here they are in all their glory !,joy
It is absurd !,disgust
I'm just fine .,joy
That's not bad for a blind man .,surprise
You got that ?,anger
So make them pay .,anger
"Anyway , the president of this teamster local back east set up a phony welfare fund , right ?",disgust
The question is what are you doing here ?,anger
They transform ex-civilians into men without minds .,anger
This thing goes to a man's head .,disgust
"Oh , it's still there .",surprise
But you haven't had much respect for them .,disgust
"That's a hell of a story , Bell .",surprise
That's pretty flip .,joy
"Please , [PERSON] , ple ... - You have to love me ,",anger
Something's going on .,fear
"So [PERSON] , make me the drink you made the night [PERSON] was shot .",joy
l hate not having eyebrows .,anger
Now you want to give him another ?,surprise
"[PERSON] , all of this is very confusing .",surprise
Get your ass movin' !,anger
"So far so good , senor .",joy
"Come back , here !",anger
What are you gonna do all by yourself ?,surprise
"They're going to nail us , no matter what we do .",fear
Who is there ?,fear
I'm not leaving this house today !,anger
These are precarious times .,fear
I know how to use this ! - Don't make me use this thing !,fear
[PERSON] put me onto this .,fear
I guess [PERSON]'s got more sense than both of us .,surprise
"Hit me back , you coward .",anger
You're all I ever had .,sadness
There's someone crying .,sadness
I hope you get in trouble some day !,anger
I will not have an officer from my battalion working as a coolie .,anger
You clean up real nice .,surprise
They refuse .,anger
Don't try to tell me my business .,anger
"Boy , I don't know how you survived in this world up to now .",surprise
I'll have something to say about that .,anger
I was frantic .,fear
Look at your eyes !,surprise
You'll make a good living cow - thieving .,disgust
What the ...,surprise
The absence of a plan is ridiculous .,anger
[PERSON] won't see her kids again .,sadness
I don't think she's intelligent either .,disgust
I always think candlelight's so romantic .,joy
What's this with the orange bow on here ?,surprise
I take it for granted that a person of an innocent state of mind ... Would rule himself out as a suspect ... And save a busy detective from wasting time .,anger
Lousy .,disgust
It's just not that cute anymore .,anger
"Wait ... wait - wait ,",fear
I ought to have a doctor .,fear
I'd waited so long !,sadness
"You're thinking she's a fool for doing it , even if it saved your hide ...",disgust
It don't do nothing for me .,anger
I don't know what the bastard expect of me .,disgust
"It turned out beautifully , didn't it ?",joy
We haven't anything to discuss with you .,anger
Being real is a joke in your world ?,sadness
"Doc , I don't want to fly any more .",sadness
Remember my th birthday party when you lifted your skirt up ...,joy
If I can watch TV .,anger
You have a great talent for creating difficult situations .,disgust
You really believe you can frighten me ?,disgust
I got it !,joy
My heart behaved like a fool .,sadness
"Get going , [PERSON] ! [PERSON] !",anger
"My little finger , it's all black and blue .",fear
No diapers ?,surprise
Kaili ...,anger
"I don't care how you do it , but you find that desert rat .",disgust
Boys ...,anger
"And in the enchantment of the moment , we'd let poetry work its magic .",joy
"As it happens , you are hardly in a position to have anything to say about it .",disgust
"I would have sent it to you , but I didn't know your address until today .",sadness
I'm not afraid of you .,anger
"Oh , my goodness .",surprise
She wants to talk to me ?,surprise
It's a big mistake .,fear
"No , it was never love .",sadness
I only have sex when I'm happy .,joy
"And lock your doors while you're driving , Because there is no telling what kind of hustlers Can come up to your car .",fear
All I know is I can wake up in the morning and want to live again .,joy
This is all a cover - up .,disgust
You're not telling me everything .,anger
"Oh , [PERSON] , for people like you and me the world can be a wonderful place .",joy
Now get out there and cook !,anger
You didn't put anything for job history .,surprise
I told you it was hot .,anger
You're free . You're free from doubt . Free from having to make painful choices .,joy
This here's the favourite thing that I have on this earth .,joy
Now you got money in the bank and a faithful husband .,joy
He's a gutless wonder .,disgust
"Sorry , sister .",sadness
Her boyfriend was killed in a racing accident .,sadness
"It stung at first , but now I can't feel a thing .",surprise
"Unfortunately for you and everybody in this room , his deals fell through because the market dried up .",sadness
"Tried to save a girl , kind of queered his mind too .",anger
You don't know a damn thing about soldiering .,anger
It's got to be here !,joy
That stupid little bastard .,disgust
Don't you call my husband names !,anger
What the fuck you talkin' about ?,anger
"If we close , our stock won't be worth a nickel .",fear
"Just cable your agent collect , if you've still got an agent .",disgust
You told me you were taking me home .,disgust
"Another funeral for the pilot , not as spiffy as [PERSON]'s .",sadness
"And if one more guy makes a pass at me , I'm going to sock him in the face .",disgust
Yikes ! A penguin in a pot !,fear
"Oh , shut up !",anger
"Cody , please ! You must listen !",anger
Don't I remember you from somewhere ?,surprise
We weren't expecting you for a while yet .,surprise
Nobody has any reasons I don't know about .,anger
I'm falling ...,sadness
"[PERSON] , the insurance is worthless now .",sadness
"Well , we've been very happy here .",joy
"[PERSON] , you remind me of someone I used to know .",surprise
"Has anyone considered trying , Open sesame  ?",anger
I love it !,joy
I carried you in here when you were a baby .,joy
This was the genius of the stroke :,joy
Get the fuck out of this country .,anger
"Oh , it's just surprising .",surprise
Help . Help me .,fear
I demand a court - martial for murder !,anger
"The perps are still on the train , okay ?",fear
Is that the only word your mind can understand ?,disgust
Good to see you .,joy
"No , no . - No interference from us , right ?",disgust
I didn't hear no bell !,anger
Oh !,surprise
"Yeah , absolutely .",joy
You need a good pop on the butt like I used to give your mother !,anger
"Yes , but when the cash runs out , they'll mob us .",fear
"I was , up to the minute I saw this test .",anger
"Sure , but that's good , too .",joy
"So long , suckers !",disgust
Women and children off the street !,fear
"If a man shall be drunk on duty , he shall receive the same fate .",disgust
What the fuck man ?,anger
Awkward ass .,disgust
You're not married ?,surprise
What the hell is this ?,anger
We're safe from all kinds of birdies .,joy
It's a miracle they lasted as long as they did .,surprise
It's essential that they take pride in their job .,joy
That's enough of that .,anger
Wait a minute . I don't understand .,fear
She was so excited to see her mother .,joy
Are you taking care of yourself ?,fear
A deal is impossible .,fear
That's very nice .,joy
I know I speak for my entire radio audience when I express my great admiration for both of you .,joy
I'm in an awful hurry .,fear
"This document lists the compartmented operations out of the Nellis facility , what the public wrongly calls Area .",disgust
"You have a very nice little boy , madame .",joy
"Tell me the truth , son !",anger
"Must I remind you that you are the fugitive from justice , and not I ?",disgust
I'm tired of being only three inches high .,sadness
Oysters are out of season .,disgust
Maryk showed me a log he had written on [PERSON]'s behaviour .,surprise
Thank you . - You're welcome .,joy
Act natural .,fear
Take me out . Help me !,fear
"With this strike they've no way home , and there's not a room in the city .",fear
"Yeah , she'll wind up fat , alcoholic and miserable .",disgust
Still working on my dissertation at my age . It's ridiculous .,anger
Do you think we'd better let it go at that ?,disgust
"The stars are secure in the firmament and the rent's paid , so all's right with the world .",joy
"No , I don't love you .",sadness
"For a moment , I thought you were a man .",disgust
Do not say that .,anger
I've been in the theatre . I'm actually a theatre director .,anger
"We have a democratic process , where all these sort of sensitive issues will be handled legally , we do not .",anger
I haven't even told my wife yet . You haven't ?,fear
You mean you're trading in your horse for a wagon ride ?,surprise
All I got is what you see here .,sadness
"It's a beautiful story , whatever the reason .",joy
I wouldn't dare answer that .,fear
Don't you think I know it ?,anger
Are they all hollow shells ? !,surprise
"My wife , God rest her soul , died years ago to the day .",sadness
The monster is here ! Abracadabra !,anger
I hate bankers .,disgust
I'm good !,joy
Cheerful sort of a bloke .,joy
But it's sad .,sadness
Jolly good .,joy
He's enjoying it ! Can't you see he's enjoying it ?,joy
"You look a little off - colour , [PERSON] .",fear
I didn't marry her under my real name .,surprise
l 'm sorry if the question offends you .,anger
That's a beautiful dress .,joy
I think it's cute .,joy
It didn't feel to me like you were interested in talking just now .,sadness
I wasn't anywhere near here !,anger
"Besides ... , I don't want us to get too involved .",fear
You're crazier than a mule - humping goat .,disgust
He'd undergone a lot of strain .,sadness
"Besides , I have to go to the goddamn senior honours dinner tonight .",anger
That's a nice outfit .,joy
You're too young to smoke !,anger
"Despite our power the few of us would be busy indefinitely trying to suppress a large , hostile population .",fear
"Seriously , must you keep your bicycle in the hall , Father [PERSON] ?",anger
I'm attacked from all sides !,fear
Oh ... innocence can be hell .,anger
"Yeah , that would be good .",joy
Fucking cannibal .,disgust
I'm going to destroy all of you evil monks,anger
"I hate to stand here and try your patience , but either I'm dead right or I'm crazy !",anger
"[PERSON] , she tore the fuckin' place apart .",disgust
"Somebody threw a fucking tyre chain , hit him right in the mouth .",fear
"A lost decade , but it was worth it to make your father pay for my loss .",anger
What's this bullshit ?,anger
"What they've done is they formed this alliance among themselves , of the industry that makes money by building war machines .",disgust
A smokin' good time .,joy
I hadn't heard you'd sold the place .,surprise
They're in chaos .,fear
"Maybe I do , maybe I don't , but you might get yourself arrested on federal charges if you don't stop what you're doing .",anger
I'm sorry about the shoes .,sadness
You've always had to work ?,surprise
Well I am making breakfast here ? What are you doing ?,anger
I hear we can expect a bumpy ride tonight .,fear
How ?,surprise
"When I was a little girl , like so many others , there was no money to buy shoes for me ,",sadness
Yes . Yes . Plays cards like an English officer and a gentleman .,surprise
You're gonna be on Syrian and Israeli radar the moment you take off .,fear
And you were going to hate him for the rest of your life .,anger
Let it go down .,sadness
"You can't blame them , can you ?",sadness
I mean that all my life I've been nothing .,sadness
I don't give a damn .,anger
I'm gonna straighten you out once and for all !,anger
"Yeah , you're just kidding .",anger
Mom ?,fear
"Cold or not , it's good to be back in [LOCATION] .",joy
Poor [PERSON] .,sadness
Wait till my mates get you .,fear
"And for that , I can never forgive myself .",sadness
"No , let's not risk it . OK .",fear
They can't do this to me .,fear
You're liars .,disgust
"He was [PERSON]'s beau , and he loved her , not me .",sadness
You've seen what ?,surprise
You're not going to marry him ?,surprise
Everything is part of the great lie .,sadness
She said I stabbed that son of a bitch plenty of times .,anger
The stewardess is flying the plane ?,surprise
The loveliest lady I've ever seen .,joy
"It's real nice , you know .",joy
You're turning into a zombie .,fear
"Aye , yous like to call yourselves opportunists instead of anarchists .",anger
Take your hands off !,anger
It's wonderful to feel her throat crush under your arm .,anger
Is that right ?,surprise
Breaking my heart with your impossible love !,sadness
Who let you in ?,surprise
"I'd give my soul to go , but I can't .",sadness
Looks like trouble for your boss .,fear
I'm happy !,joy
He was a loser too .,disgust
"Well , tell Mrs. [PERSON] to get to the bottom of it somehow .",anger
You conning him out of the deed without putting down a cent .,disgust
Give me that !,anger
Underwater ?,surprise
We belong here .,joy
I don't want your tomatoes !,anger
"I'm sorry , sir .",sadness
Maybe going on the wagon makes a man dull .,disgust
"I don't know , the words just slipped out .",surprise
He's a good man .,joy
Honey !,joy
I am not prepared for wells to run dry !,fear
I don't like being pushed around .,anger
You gonna knock off a police lieutenant ?,anger
You do me an injustice .,anger
I ended up in the hospital .,fear
"Well , what's there to talk about ?",anger
And you've been resenting me .,sadness
And you're shocked because I took credit for your idea .,anger
"Once at sea , if we get there , our troubles will have just begun .",fear
I said Because your husband is dead .,sadness
Move and I'll slit your throat !,anger
I object to you coming here .,anger
"What that child got to stand , the good Lord give her strength to stand .",sadness
You have no respect for position .,disgust
You can't let radarjockeys push you around . Leave it to me .,anger
which makes twice today .,anger
Do you understand what I'm saying ?,anger
When were you going to give the money to the community ?,anger
How do you do ?,joy
Go to hell .,anger
"Either you take care of yourself or I , too , shall resign .",anger
How do you know it's not you .,surprise
I think we're being set up .,fear
[PERSON] is not gonna let you go unless you tell him where she is .,anger
Don't listen to him or we'll all be slaughtered .,anger
"Okay , you guys , she fell for it .",joy
"That's great , eh ?",joy
"[PERSON] , where's the kid ?",anger
You are spoiled .,disgust
Is something wrong ?,fear
"And I want a list of everybody's budgets , research accounts and financials on my desk by tomorrow .",anger
"Help , I'm slipping !",fear
"I mean , after my exorcism , I - I've strived to lead A good , clean , decent life .",fear
"What's your hurry , honey ? He's not gonna run away !",surprise
They all point to me .,fear
"Come on , [PERSON] , move over .",anger
You are a mutant .,disgust
"It's all over , [PERSON] .",sadness
"He's great if you happen to like a tall , blond , Prussian , Nordic , Aryan , Nazi type .",disgust
One !,surprise
"Well , you're so much stronger than I am .",sadness
Poor country ! You sold the [LOCATION] in a senseless war .,sadness
I'll be sick ...,disgust
You think I'll let her out when you'll have her around people like [PERSON] ?,disgust
"This horse is a running motherfucker . - No , shit . - Yeah .",surprise
[PERSON] ...,sadness
Ain't nobody in the world gonna drive this except me .,anger
"Hey , you two with the mileage upgrades , sit down .",anger
I was brilliant .,joy
"Oh , well .",sadness
And I don't like nobody touching my stuff !,disgust
All I heard was trash talk .,sadness
You must have had a happy childhood .,joy
I am glad to see you .,joy
That's a good name .,joy
I thought I gave you plenty of time to ...,surprise
Now look at all this fucking mess !,disgust
"I don't wan na kill you , Bell .",sadness
One should be able to take care of one's possessions .,disgust
It's because he's relentless .,anger
Will you shut up about the Army ?,anger
"A man , just like you , fated to being imprisoned",sadness
"That's a lot of love , to give up the money he's making .",surprise
I know her far better than you do .,anger
I will drink to that !,joy
"C'mon [PERSON] , hurry !",anger
"Oh , you understand the occult !",surprise
Hi .,joy
"Sweetheart , don't get personal .",sadness
That's the kind of stuff I like .,joy
I'm hurt and ...,sadness
They expect me to cut my finger off .,disgust
Maybe it's me and [PERSON] .,surprise
I don't wan na go like this .,sadness
"If you bleed , you'll get an infection .",fear
"A little expensive , but lots of fun !",joy
And a nose just like a rudder .,disgust
I want you to meet somebody .,joy
What the hell am I supposed to do now ?,fear
Don't answer it .,fear
You got me down in this goddamn water .,anger
You're happy all the time ?,surprise
We may have another shark problem .,fear
You've no right to do it to him .,anger
"Why [PERSON] , what are you doing here ?",surprise
It's my fault .,sadness
When does it happen ? When ?,fear
You know I am obliged to report you to the authorities .,anger
It makes my heart sad .,sadness
"[PERSON] dear , have a nice holiday in [LOCATION] .",joy
We lost them ! I think we lost them ! - Thank God !,surprise
It looks like a life sentence .,fear
I got myself a date .,joy
Mine left me too .,sadness
"Well , [PERSON] seems divinely happy .",joy
They'll destroy you .,fear
I'm not taking the heat for all this .,anger
[PERSON] can kiss my sweet ass !,anger
Stupid .,disgust
I can't help myself .,sadness
It's not that easy to kill someone and get away with it .,disgust
I was not a good artist .,sadness
"We got a real mess here , man .",surprise
♪ They knew it wasn't beef ♪,joy
"We didn't pass that cutoff , did we ?",fear
"He couldn't hang out with his own , because there was nobody up there for him .",fear
[PERSON] is army from the anus up .,joy
"Oh , no , no , no .",surprise
Queeg endangered the lives of the men .,fear
"He's selling drugs around upstairs , and he's got the rest of them locked up down here without any rights .",anger
"Fucking hell , man !",fear
Find out where they take the cash .,anger
This is called inbreeding from which comes idiot children ... and more lawyers .,disgust
Don't you like children ?,surprise
We rumbled . - l mean we rumbled with anybody .,joy
Do not trifle with your luck .,anger
I don't want him hollering out any windows either .,anger
Are you following me ?,fear
You have one minute .,anger
I wish you could spend some time with him .,sadness
I think we should talk .,fear
"Say , you lovely ladies wouldn't have seen two little mice running around down there , would you ?",joy
I bet she's nice .,joy
I don't got ta pay you for that .,anger
Will you please stop telling me how to run my life for a couple of minutes ?,anger
We're begging .,fear
A deception ?,fear
Because I do not like my mother .,disgust
"We're going now , and I was afraid I wouldn't see you again .",sadness
And I've loved something that doesn't really exist .,sadness
People always do what you tell them to do ?,anger
I guess we're all trying to prove something to ourselves .,sadness
"I said it , damn you .",anger
"Hello , sunshine !",joy
They'll beg us to let them in .,anger
"The sun can kill some of us , like [PERSON] .",fear
"You got a badge and a gun but you're still a punk so shut up - - [PERSON] , please !",anger
You're a liar !,anger
"They're just animals , I guess .",disgust
By stepping on a bottle and breaking the heel of my shoe !,anger
But it's bleeding ?,fear
"My word , are there important people downstairs ?",surprise
You're gonna make me swear on the Bible ?,fear
When an hour alone with you was an impossibility .,sadness
I love you ... I love you .,joy
And we didn't know how to help her deal with it .,sadness
Thank you . Good - bye .,joy
He's got it all worked out .,joy
You can't see him because you're not dead yet .,anger
The dead are being reactivated by forces unknown .,fear
I understand perfectly .,surprise
"I thought it read like a cheap , dime - store novel .",disgust
Don't be long . You'll catch a cold .,fear
For what ?,anger
"Thank you , Admiral [PERSON] .",joy
"She's about eight months pregnant and , uh ...",fear
You certainly picked a wonderful spot .,joy
It's too depressing to think about .,sadness
It must have been that damned woman screaming .,disgust
"And now the kidnappers are playing them against each other , trying to get the $ million .",fear
How sad .,sadness
I got a goddamn campaign to win .,anger
He sweats gasoline that man !,disgust
That would only make him less unhappy .,joy
[PERSON] ! Welcome back .,joy
Don't tell me I did that !,anger
An ordinary vessel would've suffered heavy damage .,joy
"Then , instruct [PERSON] to stay put with your younger brother .",anger
You mean [PERSON] was here ?,surprise
"I took a sabbatical , and I traveled . But no matter where I went , The memory of that awful night",sadness
Don't nobody want to ask me nothin' ?,surprise
Thanks . - Thank you . - Both of you .,joy
"[PERSON] , you of all people should understand by now that to me , they're the same thing .",disgust
That only took two seconds .,surprise
"Cut out all that talking , [PERSON] .",anger
I hate that cheap little bastard .,disgust
There is no time to explain .,disgust
I want to get something out of life .,anger
You think I'm dumb enough to give myself up to the T - men ?,anger
Mills and [PERSON] won't last much longer .,sadness
Get up !,anger
"[PERSON] , don't you remember ?",surprise
"Therefore , owing to circumstances which , believe me , are beyond my control , I hereby advise you not to come to [LOCATION] to make the test .",disgust
"You don't like me , do you ?",sadness
I'm afraid I'm not a very good host .,sadness
"Look , if you don't want me in your Army , kick me out ... but get off my back .",anger
"I don't want to sound like a Debbie the [PERSON] , but no matter how many times you come up against the Communications Decency Act it's always gonna shut you down .",sadness
Imagine being forced to build that in the condition they must be in .,fear
That's what's the matter with you .,anger
It is not your place to judge .,anger
% ? !,surprise
"Oh , Shooter ... tell me ... is this young man of yours gonna give me any trouble ?",disgust
"♪ Slimy , cold seaweed dishes when they ate it ♪",disgust
"To be hypnotized indirectly is very common , but to be regressed indirectly is not only unusual but a little nerve - wracking .",fear
Every day it was worse .,fear
A setup !,disgust
"I'm renting a fucking bed - sit , Al.",anger
"Hey , Captain . Captain , we left a treasure out there ...",surprise
You're lovely .,joy
The Lady herself Inglethorp !,surprise
[PERSON] says very nice things about you in her letters .,joy
Rocky's hurt .,sadness
Six months ?,anger
Does this mean you don't like me anymore ?,sadness
"Come on , get up .",anger
Seems he has a taste for beef .,surprise
The Senator'll make a good orator when his voice stops changing .,disgust
What're you still doing here ?,surprise
"So , we have bought a little time to locate [PERSON] .",joy
I can't believe it myself .,surprise
Are you off your trolley ?,anger
"My , and you did your spring house - cleaning all in one day .",surprise
I think that's a splendid idea .,joy
It'll be broken by dinner .,sadness
"Please , we need help !",fear
Can't you walk faster ?,anger
What revenge ?,surprise
Just take your meat and get out .,anger
They and the page boys are the only real class in the place .,disgust
Why is there a statue of a husky ?,surprise
"What do you mean , there's no more money ?",surprise
What about ten commendations for valour and the best felony arrest record in the history of this department ?,anger
"[PERSON] , didn't you go and bat for me ? It was the owner's call .",anger
Some creep got into her place and strangled her .,anger
I was so close .,anger
You wan na teach me how to handle my own daughter ?,anger
Once you had the look for me of an exquisite lady .,joy
Just stay out of this .,anger
"Mrs [PERSON] , do you know what you just ordered ?",surprise
Never talk about [PERSON] .,anger
Your miserable life is not worth a reversal of a Custer decision .,disgust
You can keep 'em !,anger
"Dear Senator , have you got any idea what it takes to get a bill passed ?",anger
"Not very hard , then .",surprise
"Oh , [PERSON] , I'm frightened .",fear
"All dead , you mean !",anger
You are here looking for a friend ?,surprise
What the devil have you been up to ?,anger
He is unworthy of command .,disgust
It's the best .,joy
"Oh , how can you tell that from here ?",surprise
"Well , don't be so mysterious .",anger
You'll see a puff of smoke from my exhaust when I cut in the motor . That's when you hit the magic button .,sadness
The Sheriff's charming .,joy
"You know , you have a worse mouth than my kid .",disgust
I'm hungry .,sadness
I promised your father I'd take care of you .,sadness
"You count good , but where's the change ?",surprise
"[PERSON] , if you knew what I've gone through !",sadness
I was almost in tears .,sadness
"Sir , I was the best swimmer in my course .",joy
Will you be okay if I go up to bed ?,fear
We have to drop the case .,sadness
"Hey , what's up you guys ?",joy
You'll make no calls .,anger
"To the squad . Are they detaining it , it is ?",sadness
Until along comes a coward with a bomb .,anger
One time he had the whole cast over from some [LOCATION] show .,joy
"Well , I'm feeling great .",joy
Blast off .,anger
Who ? - I don't know .,surprise
It could work if the government would spend more money .,sadness
Why did you run away ?,surprise
"At 10:00 , tomorrow morning , I want you to bring into my office either a letter denying emphatically that your remarks had any mystic implications or a letter of resignation .",anger
Pablo !,anger
I do not know what to do .,fear
Looks like it's gonna be a long night .,sadness
"Yeah , all right , you got a lot goin' .",sadness
"Ask him what money , asshole .",anger
She never cared about me !,anger
I'm behaving like years old .,disgust
What in the world is all this ?,surprise
Go on . Get the hell out of here .,anger
"I did that beautifully , didn't I ?",joy
Poor man's [PERSON] .,sadness
Damn right .,joy
Just see how happy the people look from here .,joy
But it's very good !,joy
"Now , because I screwed up , read from that book , one lousy time , evil has found me .",fear
"I know how to listen , if that's what you mean .",anger
"What are you doing , making a career out of this ?",surprise
"Yesterday I was greatly amazed when I came from the market ... and found you'd made your bed , sir .",surprise
"But , Mr. [PERSON] , what about ... ?",fear
And I don't want to ....,sadness
A sequined gown dragging me down .,sadness
"Look , it's [PERSON] !",surprise
You and that damn book .,anger
I want to die .,sadness
You are far prettier than I ever imagined .,joy
What if you have to back to the castle ?,fear
"Look , don't blame us because the warship shelled you .",anger
You're an asshole .,disgust
I blame me . I'm the one who got her killed .,sadness
"This one's on the house . - Thanks , but ...",surprise
"God , we got a single shooter , southeast tower .",fear
I'll brain that guy .,anger
You look a thousand years old .,sadness
Don't forget the cannibals .,fear
[PERSON] . - It's [PERSON] .,anger
What happened to him ?,surprise
I'll never eat fish again .,disgust
And sometimes I think some junkie nurse may be stepping on my medication .,disgust
"The sea is nice , take my advice",joy
I didn't want you to be hungry .,sadness
Just get out of here .,anger
Don't take me like I'm some corner dealer !,anger
We mustn't forget we wasted a month through an unfortunate disagreement for which I was not to blame .,disgust
Forgive me ...,sadness
How could I have forgotten about [PERSON] ?,sadness
I see my child ... in different poses ... that look like she was drugged .,fear
You can't make a dead man's knee jump any more than you can test a corpse's reaction to a prefrontal lobotomy !,disgust
You could love me ?,surprise
You stole it .,disgust
"Ah , thank you .",joy
"[PERSON] , are you okay ?",fear
"So , the ring ? - No .",anger
Let me in ! Let me in !,surprise
"Actually , you could wear [PERSON]'s snakes and still look good .",joy
"I'm in love , [LOCATION] .",joy
"Nice to see you again , [PERSON] .",joy
"Unhappy Brom , already bested at every turn , saw himself once more outmatched .",sadness
"And people do the strangest things , too .",surprise
"Hi , maria . - ( sighs )",sadness
Her visual image is perfect .,joy
A rebel .,disgust
She's in the bathroom .,anger
I miss you too .,sadness
An acquaintance of mine stole classified documents from the NSA and took off to [LOCATION] .,sadness
Your book is brilliant ... but it lacks scope .,surprise
Sorry about your finger .,sadness
"I'd say the odds against a successful escape are 100 , to one .",fear
I want to see a warrant .,anger
The only place my parents ever mentioned coming from was overseas .,sadness
I need some protection now from [PERSON] .,fear
"Every spring , the toilets explode .",disgust
Your mom and I won't be very long .,sadness
I've got some sandwiches in my pack .,joy
Go home !,anger
"Come on , do what I tell you !",anger
I never can make up my mind which of you is the handsomest .,joy
Look at me !,anger
"I'll stop the car and push you out , and you'll walk the last mile home .",anger
I like street cats .,joy
"Oh , I almost forgot .",surprise
It's dangerous .,fear
They're lovely .,joy
Are you quite sure you'd be able to use it in cold blood ?,surprise
"What am I gonna do , [PERSON] ?",fear
We found the bomb .,fear
"Who do you think you're punishing , huh ?",anger
He's being evasive again .,anger
No one can help me .,sadness
Just feel how nice it is in here .,joy
So you're behind all this .,surprise
"That's twice you've let me down , kid .",anger
Exaggerate .,anger
You can tell the [LOCATION] that's just the beginning !,anger
Isn't it marvellous ?,joy
"You don't know from one day to the next ... whether you're going to be killed , go home , or get busted .",fear
I was bored to death .,anger
I was in front and you were behind with a gun in my back .,fear
Nothing at [LOCATION] .,disgust
The tree is alive ?,surprise
It would be a start if you'd let [PERSON] go .,anger
I don't wan na stay here without you .,sadness
And he wouldn't let you help him ?,surprise
"Now , that doesn't go in there .",anger
I won't have this conversation carried on by the children .,anger
How many times must I to tell you ?,anger
He used to use his hands .,sadness
Guns make me nervous .,fear
The feces has struck the air conditioner .,disgust
We are in great danger .,fear
And then I shot him .,anger
You can't do that to him .,anger
I can't afford a fuckin' dream house !,anger
I was good .,joy
"I'm sorry , I'm conducting an examination .",surprise
What I would like is for you to get down .,disgust
"I mean , if our system wasn't any good , why did they take us over in the first place , right ?",surprise
Are they all shark victims ?,fear
"Nah , I just stick to weed now .",anger
They threatened to kill me if I didn't pay .,fear
I saw the little girl was hurt .,sadness
Were you a guest ?,surprise
Not another word from anyone .,anger
Suppose they meet ?,fear
Today's my birthday .,joy
"She had my finger , you know ...",sadness
She's very attractive .,joy
Enough of your tricks !,anger
"Listen , my folks is important people in [LOCATION] .",anger
All you want is my money .,disgust
"Good heavens , is that thing lost again ?",fear
But now I know why I have always lost women to guys like you .,sadness
"It hurts , but he doesn't show it .",sadness
"If you can find a job , if it pays more than $ 50 , a week ... and if you don't get involved with another maniac .",disgust
You tryin' to adopt a kid ?,surprise
"But this is a family emergency , we do need you at home ,",fear
No deal !,anger
There ought to be some ...,surprise
It's already on the : news .,fear
Don't tell [PERSON] this .,fear
"I didn't expect to see you , Mrs. [PERSON] .",surprise
I was in that room !,anger
"If there's any justice , let him get mugged by the man who took my watch !",disgust
I'm not going down there to get a tan .,anger
No . No . I just don't want any enemies .,fear
They're quite merciless .,fear
He's good - looking .,joy
"Say , wait a minute .",surprise
I'm getting leery of this guy .,disgust
His skin . Like a bone or a tendon .,disgust
It concerns me !,fear
"If you don't tell me all you know , you become an accessory before the fact of murder .",disgust
"[LOCATION] to [LOCATION] , hauling shit for assholes .",disgust
He's a poor boy .,sadness
The best in town !,joy
You say you're sorry and we'll let you go .,anger
His wife is calling from the cellar .,surprise
Don't give me all that sally army stuff .,disgust
What's Zharkov doing on the plane ?,surprise
Some people don't like my metaphors .,sadness
Can't he stay ? Tomorrow's not a school day .,sadness
Don't you raise your voice to me !,anger
"It upsets me that you suspect him , even for a second .",anger
Then why are you hanging around here ?,surprise
All that noise and fire ...,fear
I thought I was someone who I wasn't .,surprise
"If you were a man , I'd break your neck for that .",anger
He was completely misquoted .,anger
Now [PERSON] and that dear little bride of his will be able to stay on at [LOCATION] and live happily ever after .,joy
You can stay at my house because nobody really cares about me .,sadness
We love you .,joy
"Captain , we're in serious trouble .",fear
We've lost our picture .,sadness
"If I see you in the stands , it make me feel better .",joy
Champagne !,joy
"Look . I've been kicking ass and taking names , trying to save your fucking hide .",anger
The performance was superb .,joy
Am I so strange to you ?,sadness
Whoa ! - A goldfish .,surprise
They know everything now . I've explained everything to them .,joy
We've no other choice .,sadness
I'm clearing out of that office everything I own .,anger
Maybe it's best I do remember .,fear
How did you manage to get so friendly with [PERSON] ?,surprise
"This is between ... me and him , and no one else .",anger
Where's all the money today ?,surprise
We've got ta get the kids !,fear
"Oh , come on , have a brandy .",joy
It seems there's no formal contract between you and [LOCATION] .,sadness
I shall die on the gallows .,fear
How do you know how to do all of this ?,surprise
"Well , I'm not sure that's a good idea .",fear
This has been a terrible shock to them .,sadness
"You'll tell her how you manipulated the American mood , hmm ?",disgust
I don't know anything about being a commander .,fear
You don't know a dam from a bathtub .,disgust
Who are you calling this late ?,surprise
Why isn't he at his desk ?,surprise
"God , forgive me .",sadness
"You dumb bastard , why didn't you get some girl off the streets ?",disgust
"It wasn't something that we could see , it wasn't in the paper .",surprise
Recent results are all positive .,joy
"Aren't you tired , [PERSON] ?",surprise
What are you good for ?,disgust
"The firm's having withdrawal pains at the bank , if it's any of your bloody business .",anger
Don't you realise that I don't have that sort of money ?,fear
"As long as there was [PERSON] , there was a chance we might be happy .",sadness
Let's get out of here !,fear
How's Miss [PERSON] bearing up ?,fear
How come we're just getting it ?,surprise
You looking for a fight ? You looking for a rush ?,anger
Up ! Shut up !,anger
This is good .,joy
You don't seem very excited about it .,sadness
I want to get down on my knees and thank God .,joy
Whoever killed him's gonna pay .,anger
Look . Look ! Look !,surprise
You are all welcome to drink the bar dry .,joy
"They didn't shut me up , you did .",anger
Time drags when you're tired .,sadness
"C'mon [PERSON] , we got ta find her before the old lech does .",anger
Though you may think you're having fun now you only hurt the one you love .,sadness
"Her face had shrunk , and her nose was red from crying .",sadness
Because I am certain that in his thoughts he is completely alone .,sadness
Such vanity .,disgust
"With her , it would be marriage or nothing , and that's out of the question .",anger
Like an old boot .,disgust
I will not return to prison .,anger
"Mr. [PERSON] , that sounds like a threat .",fear
I've escaped !,joy
Um ... Yeah .,surprise
The Martians had calculated their descent with amazing perfection .,surprise
"Champion of dumb animals , ladies in distress , lost kids and lost causes .",disgust
You heard what she said .,anger
You've got to get there before sundown .,fear
"It's a very rich life , And I do have a job ,",joy
"Oh , no , Mom . I have to get up early .",disgust
"Congratulations , Rock ...",anger
"For God's sakes , put yourself in my position .",anger
Look how nicely she has arranged the table .,joy
"Please , you have to let me go .",fear
I used to use my hands .,sadness
I can think of no occasion that has given me more pleasure .,joy
[PERSON]'s too strange and I'm too fat .,disgust
Are you looking for somebody ?,surprise
I can't afford the wheels .,sadness
"The truth of the matter is , his skin's as tender as his vanity .",disgust
And time was running out fast .,fear
He's gonna kill her .,fear
It was a pleasure to have the general here .,joy
Fuck off !,anger
You ... bitch !,anger
I like it .,joy
I'll kill you all !,fear
Are you really that quiet ?,disgust
If you soltáis ... I will kill you .,anger
What they do with the tapes is their own business .,anger
Something must have scared him .,fear
"No , I'm glad to meet your daughter .",joy
"And goddamn it , tuck up those pyjamas !",disgust
Sign this .,anger
A man died from looking at his wife .,fear
Or it's just [PERSON] that smells like street shit over there .,disgust
He'll never get started .,sadness
It's a cruel disease .,fear
"Watch it , folks !",fear
Take the son of a bitch !,anger
"Good evening , lieutenant .",joy
Disappear .,disgust
We have a lot of good connections in [LOCATION] .,joy
They failed .,sadness
The others are getting suspicious .,fear
You're right . He has turned against me .,sadness
Isn't she pretty ?,joy
"Go on , give yourself a treat .",joy
"Oh , you little beauty !",joy
But the hair is rotten here .,disgust
"He wouldn't have , unless he were discouraged and angry .",sadness
"Get those bags in , and get in fast !",anger
But the windows will ?,surprise
"See , back then , a man's name was the same as his occupation .",sadness
Stop ! Who goes there ?,anger
Take your flight .,anger
That's very good .,joy
That's a nice guitar .,joy
"Emily , why are you still using your mother's phone ?",anger
We'll have to hope that that's enough .,fear
Now you're lying .,disgust
He could go anytime . - Move . Move !,anger
All I can charge him with is riding on a train . They're gonna walk .,anger
Because you were frightened for the safety of yourselves and your unborn child ?,fear
Find out which of the creeps she put away is out on parole .,disgust
"Hail , brothers ! Many brothers !",joy
Did you come over in that aeroplane that I saw flying round ?,surprise
You can't go !,anger
"Yes , it is romantic .",joy
Is that chilli ?,surprise
"[PERSON] , this is a fairly young guy .",surprise
Shut that door !,anger
"He can't do it in the club so he makes me call [PERSON] outside , and he jams him .",surprise
Your breath stinks of it .,disgust
I can be president of the [LOCATION] !,surprise
He wouldn't tell us a goddamn thing .,anger
All right .,joy
I don't know these sailboats .,surprise
"For a celebrated bounder , that is an awful admission .",disgust
You must have had some wonderful experiences in [LOCATION] .,joy
Ten years of tap dancing lessons and this is how you repay me ?,disgust
We found his badge .,surprise
"No , you can't leave , you're like the coolest thing about this place .",sadness
One more shot and I'll cut you in two .,anger
"[PERSON] , it's tapioca , Your favorite .",joy
"Around about midnight , the ghosts and banshees get together for nightly jamborees .",fear
Why don't you tell the voters what you really plan on doing with this town ?,anger
These are terrible .,disgust
"I guess [PERSON] was about the prettiest , with all that long , yellow hair .",joy
"Well , then , our timing's perfect .",joy
I know . I miss him too .,sadness
Why don't you take a look at this adoption literature ?,disgust
I feel As a tear .,sadness
Wonderful !,joy
It was an accident .,fear
I'm gonna fuck you up .,anger
Ruuuuuth !,anger
"If he pulls a gag about the run , we'll murder the guy .",anger
She never even went back to the room .,sadness
"Yeah , I bet she was a real beautiful girl before she met you .",disgust
Self - experimentation is against the rules of good research .,disgust
I wonder if I'll ever get the knack of it .,sadness
I don't want the money if this is how you have to earn it !,anger
Who cares where he's going anyway ?,anger
Don't listen to her !,fear
That task force is headed this way .,fear
It seems I try to do the impossible .,sadness
I just needed a break .,sadness
This is not a good place for you .,sadness
What happens to us now ?,fear
Even if this room gets filled with lies like these and the Taylors and all their armies come marching into this place .,disgust
This is junk .,disgust
We live in a border state where a lot of this cross-border sex trafficking takes place .,sadness
"If you hadn't promised so faithfully , I wouldn't have planned the whole thing .",anger
I could never do anything like that .,sadness
"Mother , you'd love him .",joy
I thought he didn't have any trusted friends except you .,surprise
"Goodbye , [PERSON] .",sadness
You have the most beautiful place here .,joy
I said to mama I don't feel good .,sadness
"Your wife was a wonderful woman , Mr. [PERSON] .",joy
"Sorry , [LOCATION] .",sadness
"Hey , it's another delightful day here in vacation land .",joy
"What am I , a fuckin' stranger ?",anger
How about that ? Not bad .,surprise
Hello ?,surprise
Keep it .,anger
Marry a girl your own age .,disgust
"Why , what is the matter with you ?",anger
Then why don't you obey ?,anger
"Well , don't you understand that if your crops fail this year , next year you're going to have to have another blood sacrifice ?",fear
"You're kidding , right ?",surprise
The Feds found the lake house !,fear
Two men believed responsible for the attack were captured .,surprise
You know what I'm asking .,anger
All I ask of you is be careful .,fear
Get away from that wood !,anger
No one else is heeding it .,sadness
It ain't worth it .,anger
"And I hate the way you drive , and I hate your stinking whiskey breath .",anger
But we've got to take a closer look at this big boy .,surprise
"Let me out , or I'll kill myself .",fear
They'll kill you and all of us .,fear
"I wouldn't give two cents for all your fancy rules if behind them they didn't have plain , ordinary everyday kindness .",anger
"Who says ? - It's just so , [PERSON] !",anger
Do I have something on my face ?,fear
I never thought I'd find myself in that crowd .,sadness
We must leave tonight .,sadness
"I'm very pleased to meet you , sister [PERSON] .",joy
A man who has come here as a fool .,disgust
Call the police .,fear
We were just talking .,sadness
You mean you're through with the case ?,surprise
There are whores in [LOCATION] who have carved my name on trees .,disgust
"Yes . And a bit more of a smile , please .",anger
"Yeah , well , she's out of town right now .",anger
That smell of death .,fear
He didn't say anything about a dam .,surprise
"The door swings both ways , my ass .",anger
"Anyhow , I'm sick a human life was lost .",anger
You're annoying me .,anger
Look after you .,fear
You never stood a chance .,anger
How do they explain a man walking around with his neck broken ?,surprise
We have to keep on what we've been doing and break him .,anger
I'm a little bit frightened .,fear
We don't commit murder up here .,disgust
"Now , that's something .",joy
You're full of shit !,disgust
"He has to testify again in [LOCATION] in days , but he not gonna make it now because by tomorrow this story's in the newspaper .",fear
Hello again .,disgust
Your mommy took you to the hospital because you were hurt .,surprise
"Sweet musical [PERSON] , that's your friend ?",anger
"There's no way to make this easy , [PERSON] .",fear
I like that .,joy
There'd be less bills if you didn't raise the kids like I was a millionaire .,disgust
"Champagne , [PERSON] !",joy
"Why are you smiling , you silly bastard ?",disgust
God damn it .,anger
I just want to get it done .,anger
Trubel killed [PERSON] ?,surprise
I did a catalogue with his names and residences .,surprise
"Take all the time in the world , Barley .",surprise
"If he is to be sacrificed before [PERSON] , why is he not painted red ?",surprise
This makes !,joy
Leave me alone .,anger
"Heavens , no !",fear
I told you to keep away from that radio .,anger
She's very sick .,sadness
Let it be anybody but her .,fear
I yielded once before and was practically never heard of again .,sadness
Did you tell him what a great success it was ?,joy
You're a trained killer !,disgust
Help him !,fear
"Repent , you son of a bitch !",disgust
Which one of you killed my dog ?,disgust
She passed her genes down to you in all the right places .,joy
I gave him my compartment . He only had coach seats .,joy
"My , what a pretty place !",joy
"Hey , wait your turn .",anger
Now this is a fine thing .,joy
Climbing on a heap of black and metal sheets and pilings ...  ... he hardly recognized the once proud and famous [LOCATION] .,sadness
I'm not asking permission !,anger
You and [PERSON] are a couple of sluts .,disgust
You're not trying to get a story ?,surprise
Jerk . Two years away from retirement .,disgust
That is some wonderful horse . - Congratulations .,joy
The last mass trials were a great success .,joy
"Sure , everybody would prosper .",joy
"Oh , Sorry [PERSON] .",surprise
"I was the world's nicest guy , and they ruined my life for no reason .",sadness
I don't claim to be some kind of brilliant psychologist .,anger
Pervert .,disgust
I'll give you a cigar . All right .,joy
"Do not lie to me , [PERSON] .",anger
I didn't know you were a music aficionado .,surprise
"I've never been dumped before , that ... didn't feel awesome .",sadness
I'm sorry if I spoiled a print .,sadness
"Hey , look .",surprise
They took his heart out .,disgust
We have no choice but to use every conceivable weapon if they land .,fear
Nobody better have a cold .,fear
You've seen it and read it a thousand times .,disgust
"All that bread and livin' in a dump like this . Smashed cars , busted - out buses ... but all good stashes .",sadness
"I was starting to miss the old [PERSON] , and now this has happened , and it just ... It feels ... it feels so final , you know ?",sadness
"[PERSON] ? No , we are a gang without money .",anger
I didn't tell him .,sadness
Issues ? Bullshit .,anger
"They're looking for us , all right .",fear
"That's right , $ , .",surprise
They have a craving for human flesh .,fear
How about what the hell you're doing in there to begin with ?,anger
I was admiring the platinum watch with the diamond numbers .,joy
"You'd better leave that bandage alone , unless you want to start bleeding again .",fear
Scatter and keep your mouths closed .,anger
"[PERSON] , the funniest champion ever .",joy
It's as empty as ashes .,sadness
She was very nervous when we left [LOCATION] .,sadness
"Sorry , [PERSON] , I didn't mean to scare you .",sadness
"Chill or die , asshole .",anger
"I'm very sorry about that , Miss.[LOCATION] . .",sadness
"Oh , man , you guys are the greatest !",joy
"Oh , but I can't intrude .",sadness
I'm glad for the company .,joy
It was the nearest thing to heaven .,joy
I want one week to bring you proof and your promise that I will not be expelled and the bill won't be passed .,fear
You ain't learned yet who's running this show .,disgust
His body and clothes soaked in blood ?,fear
"What , are you smuggling furs or something ?",surprise
That's gonna be hard .,fear
l hate this part .,anger
"Hit him with your purse , ya pussy .",disgust
Don't touch the money !,anger
"They pay , got that ?",sadness
"This time , in sight of my goal , it seemed as if I must meet defeat .",sadness
Tell him he's too tough for me .,anger
You gonna invite us in ?,anger
We got to save her !,fear
"Anyway , when do you special intelligence officers do what you're supposed to do ?",anger
"If we let those bastards get dug in now , we'll have to level the building !",anger
"[PERSON] did everything he could , but they got away .",sadness
Yes . I'd never have guessed .,sadness
Take off that collar !,anger
More !,anger
But you are absolutely sure he was a priest ?,surprise
Hustled her off in a chopper .,anger
"Well , you know , I thought we was supposed to be like ...",fear
Since then I accuse myself of impure actions .,disgust
"Yes . Yes , I'd like to hire you as an employee .",surprise
I behaved abominably .,sadness
They told me you wouldn't see me .,surprise
He's getting married in minutes .,surprise
We've heard all this before !,anger
Of course I wouldn't .,anger
That's the biggest pot yet .,surprise
Where is everybody ?,surprise
"[LOCATION]'s not that great , you know .",surprise
Enter !,anger
I hadn't the heart to warn her .,sadness
Almost looked like they were nude .,disgust
Don't we like [PERSON] ?,surprise
"You know , this ship is going much too fast .",fear
The good people of [LOCATION] !,joy
You don't even have a yellow thing and your green thing is brown .,disgust
And you also have to cross-modify your judgment that the entire universe was created just as the stage upon which the drama of the human development is unfolding .,anger
I was just an ensign .,sadness
We like it .,joy
But I was crying because I. ...,sadness
"And if they try to , they'll find you dead .",anger
"Oh , my God , what an idiot .",disgust
And who's the happy father ?,joy
You go out on some boiling ' hot day ... and pick your own lettuce and tomatoes and beans and onions .,joy
So do you want eggs or not ?,anger
No sense taking any chances in this thing .,fear
And what point is that ?,anger
"Right , that's better , it's closer .",joy
Father mayii ! Where are you ?,fear
Yes ? - The keys !,fear
"I never promised to be no hero , did I ?",anger
You folks have a nice trip .,joy
You knew that too ?,surprise
[PERSON] is stupid .,disgust
Why did they pull out ?,surprise
"I'll tell you , two out of three of those judges do not use the internet .",anger
"It would be a pity if you died , not me",sadness
"I , uh ...",sadness
"Get down ! I said now , asshole !",anger
Why don't you just get out of here .,anger
"To me , man is a tremendous creation , an inconceivable thought .",surprise
Many hands went into creating [PERSON] .,joy
More ! - More ?,surprise
"Usually , this woman is gentle as a dove .",surprise
I beg your pardon ?,surprise
But your love does not match your lust for power .,disgust
I told you no liquor in the office .,disgust
"Asking who I sleep with isn't personal anymore ? What do you want to know , if I smoke ?",anger
Not written on those drowned faces out there But on the faces of dead thousands !,fear
"You better look out , Mr. [PERSON] .",fear
I guarantee you that these dreams or nightmares or whatever the hell they are will never bother you again .,sadness
I died far away from my home,sadness
Why are you asking me all these questions ?,surprise
That spark and fire I used to see in her eyes is gone .,sadness
Get 'em out !,fear
"You know , it's a lot of legal rigmarole .",disgust
You wan na infiltrate a motorcycle gang you don't know how to ride a motorcycle ?,surprise
"Everything's funny to you , ain't it , needle nose ?",disgust
Tears ain't gonna help you now !,fear
She's getting outta range !,surprise
Did you think I was a lady ?,surprise
What are you talkin' about ?,surprise
"So , I'm guessing you didn't find my dad .",sadness
I've always been in love with you .,joy
His name was [PERSON] .,sadness
You brat !,disgust
"Emotionally , she's a child .",anger
"Yeah , he's alive and well and living in [LOCATION] .",joy
"Where's [PERSON]'s old lady , man ? ,",surprise
I believe whoever killed Detective [PERSON] had recently been in a slaughterhouse .,disgust
Was the public in danger as a result of the accident ?,fear
You should have killed me when you had the chance .,anger
"God , it's ugly here .",disgust
That's real fine .,joy
You never know what is looking ... or what you think .,surprise
What if the Russians were raping your sister ?,disgust
"While you were being a pawn in capitalistic society ,",disgust
It's a whole new deal .,surprise
I told you I didn't want any calls .,anger
For being the biggest dickhead I ever went out with .,disgust
"And if he doesn't get it , he goes into bankruptcy and throws 900 , men out of work .",fear
Get rid of that kid !,anger
He has the most beautiful hands I ever saw .,joy
[PERSON] tried to straighten her out .,sadness
Thanks a lot .,joy
"That's what you're always talking about , helping other people out !",anger
Welcome ! Welcome !,joy
"Here , you take one too .",joy
Steady .,fear
We are happy to be here .,joy
We've heard such wonderful things about you .,joy
I was in a really bad place .,sadness
That bridge would collapse under the first train .,fear
"Isn't that wonderful , father ?",joy
"When I first took a deal to become an undercover informant in a biker gang , I did it to save my own skin. ,",fear
"First we steal his gun , then we shoot .",anger
Didn't the formula cure his rheumatism ?,surprise
Don't look at me with those soft - boiled eggs .,anger
"And when I'm dead on the altar of my country , I hope your conscience irks you .",disgust
Laughter and cuddles .,joy
Terribly disappointed . It's the last thing I owned .,sadness
"Hell , I guess so . You guess so . Well , that's beautiful .",anger
"It's nice , isn't it ?",joy
Get rid of her .,anger
Go call your pimp to look after you !,disgust
You lose the feel of the cards when you have so much action ... day in and day out .,sadness
Those dirty bastards !,disgust
This is murder .,anger
This is from all of us .,joy
"I will make war on the world over , without mercy !",anger
Now you're talking .,joy
Something's happened to the dog .,surprise
"And to my surprise to my deep surprise , it's harder to say goodbye than I thought .",sadness
"I don't mind it if you call me [PERSON] , you know .",surprise
Don't go away !,fear
"Open that door again , you'll run a 3 - legged race to the undertaker .",disgust
"No , she's calling your home .",anger
"Oh , you're just exactly the same .",anger
Just another white guy waiting for the train .,disgust
I didn't believe in the prophecies .,disgust
Quiet !,anger
If I take the Fifth and refuse to testify before the grand jury ... It could destroy my reputation .,fear
"He swears he has no idea where [PERSON] is , but his phone records tell a different story .",disgust
Now knock it off !,anger
"Don't be rummaging through my private documents , [PERSON] .",anger
You're just as selfish as he is .,disgust
Looks to me like we're in hot water already .,fear
That's terrible .,sadness
Anything else ?,anger
Drop that gun and let me walk out .,fear
"But if you're asking me what I want to do , I'm telling you that I haven't decided .",anger
You'll be glad to hear that the lift was working this morning .,joy
It's dangerous jouncing Mrs. [PERSON] over open country .,fear
Did I go too far ?,fear
It was well and nothing could change it .,joy
Maybe they're buddies after all .,surprise
You can't even cook my breakfast .,disgust
"[PERSON] , don't do anything .",fear
"Sit down , we were worried about you .",anger
"Come out , come out wherever you are ...",fear
"He laid me out , strung me up and then ...",disgust
Not your father . [PERSON] .,anger
Which I wonder if I'm in his present company .,surprise
It's a fine - lookin' picture .,joy
"Mom , [PERSON] died .",sadness
"Sometimes , as I'm falling asleep I can feel him breathing on my face and touching me with his hand .",sadness
I have a car for you .,joy
Pretty dress .,joy
They're gonna need a fucking wrecking ball to take me out of here .,anger
He won't open the safe .,anger
"Yeah , I'm afraid it is , [PERSON] .",sadness
Explain yourself .,anger
I am the avenger .,joy
"It's beyond me how the more money a corporation loses , the more it makes , because of the carryovers with the write - offs .",surprise
Much happier .,joy
"Grow , cuz .",anger
"So , what can I do for you ?",surprise
Just to tell you that I'm happy .,joy
"I can't , and God knows the department can't .",sadness
I beg your pardon ? I leave tomorrow morning for [LOCATION] .,anger
Not an idiot ?,surprise
I spent most of my life in institutions .,sadness
You got a big mouth . At least you can put it to good use on the witness stand .,anger
It's against Navy regulations .,anger
Help us please !,fear
I don't want to go to [LOCATION] .,sadness
I'm going after her .,fear
"Emergency speed , all engines !",fear
There's something terrible happening in there .,fear
This line of questioning doesn't seem particularly relevant .,anger
With all the contributions of the Sea Hawks ... we can not possibly match [PERSON]'s vast resources .,fear
It's gone now and I just can't afford to send you your pay cheques any more .,sadness
They're from the guy who pumped my stomach . Bullshit .,anger
"I was laughing so hard , my drink came out of my nose .",joy
We'll miss the complimentary beverage .,sadness
Congratulations on your performance last night .,joy
Since you refuse to abide by the laws of the civilised world we must consider ourselves absolved from our duty to obey you .,disgust
"So you better hit them bunks , my little babies ... or Sergeant [PERSON] with the big toe ... is gonna see how far he can stick it up your ass .",disgust
I just feel like if I don't do what you want you're gonna leave me .,fear
Coco sounds like she caught the old man cheating again .,disgust
"Hey , look at you !",joy
They're in [PERSON]'s pocket .,disgust
You know he's got the missiles . I know he's got the missiles .,anger
"For your information , I was at [LOCATION] .",anger
I'm not feeling well . This won't take long .,sadness
"First things first . Wait , I got it .",joy
Maybe you should have let Mother make her own choice .,anger
With ryan gosling . - This guy is here . - Yeah .,joy
Can you come and have some breakfast with me ?,joy
"[PERSON] , they'll kill you too .",fear
when you want to kill something .,disgust
I don't want this !,surprise
You aren't even allowed to look at her with her clothes on .,disgust
"If it would have helped , I'd have yelled it in the streets .",anger
In her medicine cabinet ?,surprise
You never wore that before .,surprise
"Oh yeah , that's you .",disgust
I'm burning .,fear
"For the tenth time then , will you stay out of this [PERSON] thing ?",anger
I just think you're not gonna be able to go back to what you were .,sadness
"For God's sakes , be careful out there !",fear
I'm not very good at that .,sadness
"Meanwhile , you're jeopardizing the safety of the bank .",fear
"Come on , what are you fellows gaping at ?",anger
I don't want to see them .,disgust
"[PERSON] , you must be mistaken .",surprise
"First of all , I'd like to thank everyone who supported me in my race for Mayor .",joy
This doesn't make sense .,surprise
"You said you loved me , I always love me .",joy
Do you know that my first trip to [LOCATION] took five days ?,surprise
"But , God , people can be rude .",disgust
Kiddo !,joy
"Sorry , coach .",sadness
How you hate the villain .,disgust
And everybody say hello to kit - [PERSON] !,surprise
Are you ?,surprise
"A marriage bed is made for two , but every damn morning , it's the woman who has to make it .",disgust
Don't misunderstand me .,fear
Are you telling me not to worry but free the lab when you work everything out ?,anger
Of course . Thank you .,joy
"Don't talk rot , [PERSON] .",disgust
"I - I know , I know .",anger
You're harming them psychologically .,disgust
I was in no mood to thank my purchaser .,anger
"What's going on , [PERSON] ?",fear
Why didn't you write to me ?,sadness
Stop yelling .,anger
"Come on , don't just dawdle .",anger
I thought politics interested you .,surprise
"Damn it , get in here !",anger
"You got on rather well with him , didn't you ?",joy
"I'll fucking kill you , man ! - Hey !",anger
The natives over there are cannibals .,disgust
Happy birthday .,joy
I ain't making no money watching you boys sleep .,anger
How did you do that ?,surprise
What are you doing ?,surprise
I don't need fuckin' forensics to tell me this was some punk stealing luggage !,disgust
I'll kill him !,anger
Don't you understand ? !,anger
He didn't know ...,sadness
You're in enough trouble as it is .,fear
Please stop it .,anger
Maybe you sleep together once in a while .,surprise
I hope this doesn't ruin my tryout for cheerleader .,fear
A beautiful woman like you ?,surprise
Don't want any more of that .,anger
"As he said , it's against the rules .",anger
He died suddenly .,sadness
I could burn in hell for the lies I told about you .,sadness
", ...",anger
No ! There's no place like home .,anger
I haven't the data yet .,sadness
Word is there may be as many as more dead bodies up there .,fear
His ambition has jeopardized the prosperity of the English people .,fear
"They are wise , these old women !",surprise
We need to talk .,anger
Do you expect me to believe this ?,anger
"I promised myself when I get out of jail , I'm gonna find a Vago .",sadness
You used his head for a punching ' bag .,disgust
Don't exaggerate .,anger
"We were deserving the money , anyway .",anger
"Welcome to [LOCATION] , ma'am .",joy
It makes me sad .,sadness
"[PERSON] , I'm in paradise .",joy
You have been making things terribly difficult for Colonel [PERSON] .,anger
This is the bridal suite ?,surprise
Something terrible always happens when I go to a party .,fear
I love [LOCATION] on summer afternoons when everyone's away .,joy
"I didn't ask you , [PERSON] .",anger
I thought you weren't coming home till tomorrow .,surprise
You really and truly are a perfect bastard .,disgust
And shave off that dreadful moustache .,disgust
At night the executioner can't tell one from another,fear
"Is it not fortunate , for instance , that I own the newspapers in my country ?",joy
"Weren't nice of you fellas , trying to steal another man's horse .",disgust
"But when you worry , darkness does something to you .",sadness
I feel sorry .,sadness
"I'm not investigating her for working for you , I'm investigating her for felony fraud .",sadness
We should leave before it's too late .,fear
Don't be so impolite in the future,disgust
"[PERSON] , your mother and I have brought you to this spot to share this last private ... This moment of ... Grief and pain .",sadness
I can have you arrested !,anger
You haven't touched a thing .,anger
I wish I had a nickel .,sadness
"Look , what you've done .",disgust
Pray you get the chance .,fear
We object to that .,anger
We are so late already .,fear
Shut up and get your ass here !,anger
"Who's got time to wonder what happened to some ridiculous talking mice when you're driving by at 75 , miles an hour ?",disgust
"Another big guy , he pulls his badge , and he says :",fear
You're going to love International Cafe Society .,joy
"Your daughter's getting prettier every day , [PERSON] .",joy
I've seen him !,surprise
I should've killed him when I had the chance down in [LOCATION] .,anger
"What are you doing ? You can't come here . - Listen , [PERSON] .",anger
This greaser was just trying to tell me how to run my business .,disgust
What are you trying to say ?,anger
That's confusing the issue .,surprise
I love him that way .,joy
We've lost the baby's heartbeat .,sadness
You look like somebody who can take care of herself .,joy
"[PERSON] , will you let me finish ?",anger
Just married .,joy
"Watch your ass , [PERSON] boy .",anger
People who truly loved are likely to love again .,joy
You're young and strangely sweet .,joy
We are not important .,sadness
"You girls a bunch of nudists ? Or you just , uh , short of clothes ?",disgust
I just want to be alone .,sadness
And I'm tweaking . I'm outta money .,sadness
"Filth making filth , making filth .",disgust
Great !,joy
Forget me .,sadness
"Oh , shit , he's here .",fear
We won .,joy
Two destroyers hit by mines ...,sadness
What was that ?,fear
"Pretty , huh . But I'm perfect .",joy
Let's make the most of it .,joy
"I've been building a reputation for 25 , years .",joy
I'm not hiding from anybody or anything !,anger
For far too long .,disgust
"Oh , there ! Now , I'll just look perfect when I sing my song !",joy
Is this how it goes ?,surprise
"It sounds ridiculous , but the soldiers never lifted a hand to stop us .",surprise
about jealousy .,disgust
You know I've never been able to give you very much .,sadness
"They really do know where I'm hiding , [PERSON] ?",fear
Mayday !,fear
I'm happy to get out of this madhouse .,joy
It was mainly the beer I had with dinner mixed with the pain medicine I still take for when you shot me in the ass .,anger
"Looking back ,",sadness
If I'd only figured it out before maybe we wouldn't have been trapped down here .,sadness
"I'm sorry I can't wait here with you , but ...",sadness
Our ratings have gone up .,joy
Who the hell are you to ask all these questions ?,anger
Can we get there without being seen ?,fear
"Look , sir , we haven't much time .",fear
Are you really a singer ?,surprise
"You play , you pay .",anger
Self - defense .,fear
I'm not interested in some monkey riding the horse .,disgust
"What do you mean , you're downstairs , you idiot ?",anger
Heavens ' name !,surprise
It is the most spectacular thing in the Senate annals .,joy
I was going nearly crazy 'cause I couldn't find Little Sheba .,fear
"I never thought of that , sir .",surprise
She believes that her father has incestuous desires .,disgust
"Some wealthy , influential citizen merely to curry favour ?",disgust
You're listening to a piece of shit like [PERSON] Tex.,disgust
He's cute .,joy
It just makes me feel real glad to see the Chiefs back on the warpath again ... to coin a phrase .,joy
"Boy , am I tired !",sadness
"Miss , you can be quite sure that I shall report this to the proper authorities .",anger
It's time you rebels learned you can't take the law into your own hands .,disgust
You're attractive enough to be anything .,joy
"You're gonna need weapons , all of you .",fear
An executive order ...,anger
"My God , she's coming inside . Oh , God .",fear
Think we should find a rubbish dump or something .,disgust
"So much you had to take up with that low - down piece , old [LOCATION] .",disgust
I want to be alone .,sadness
A manicure and a haircut wouldn't do any harm .,disgust
You can rot for all I care .,disgust
You're lying .,disgust
I don't think even that would do it .,sadness
"[PERSON] , I don't want to leave like this .",sadness
A good - looking girl like you ?,surprise
You know how much money you're gonna lose in a strike ?,fear
Or God knows in how many lifetimes you'll be paying for it .,fear
"Flo , if I wanted anything else , I'd call [PERSON] here .",anger
"I am warning about you , [PERSON] ,",anger
Why would she come here at all ?,anger
How fortunate we are to have [PERSON] with us .,joy
I'm relaxed .,joy
"The old man can still catch , huh ?",surprise
Sometimes cheap perfume can be very exciting .,joy
"A heroic thought , Barley .",surprise
"Goodbye , boys .",sadness
Fuck your goddamn cleaner !,anger
He's got another woman !,anger
please don't let them take me !,fear
He did ?,surprise
Can't you see how upset I am about my poor uncle's death ?,sadness
"That name's kinda familiar , ain't it , Mink ?",surprise
"This is better , it's made out of real cotton .",joy
Drop that wood !,anger
I find it really insulting that you assume it has to be a guy .,disgust
"We miss one payment , and you can foreclose ?",surprise
Hi ! - Hi ! - What the fuck are you doing here ?,surprise
And I ain't gonna repeat what he said .,anger
"Ruby's been dead for 14 , years .",sadness
At least they can dream .,joy
I'm actually beginning to like them .,surprise
This is beautiful .,joy
I have an idea !,joy
"We take this , they'll booger us forever !",fear
"The part that really bothered me was the part where he indicated that ,",disgust
"Everybody thinks they're humorous , but they're not .",anger
It is he .,fear
Hope this thing don't go off while I'm climbing down .,fear
I'm not ready for this .,fear
That is the most ridiculous thing I ever heard in my life .,anger
You think he'll be all right ?,fear
I'm trying to clean up the party . Our party . And I end up speaking out of turn .,sadness
Did you come to see me for the same reason as the man with sweat on his face ?,disgust
I think I've finally found a sport I like .,joy
You think it was me that beat you ?,sadness
Cut it out .,anger
I've never seen such activity .,surprise
Very good !,joy
We thought they might be weapons directed against us .,fear
"Bought in to fool people into thinking they were aliens , yeah .",disgust
Did ya ? There was a razorback in my truck !,anger
She has great elegance .,joy
We may have made a mistake .,fear
Being right ain't gonna do us any good .,anger
Copycat !,anger
"If he likes running his fingers through my hair , well , why not ?",joy
"I've lost , pounds on the horses .",sadness
"Come on , come on , come on .",anger
Everybody likes ice cream .,joy
I'm gonna get that bastard .,disgust
It's black smoke .,fear
"You're so dumb , you don't know you're alive .",disgust
"Oh , this is terrible .",fear
You are fake news .,anger
"What I see is what I see ... We'll do what we can , Mr. [PERSON] .",anger
I've never done anything like that before in my life .,surprise
I bet you're starving to death .,sadness
I'm always getting winked at these days .,surprise
"You must never do anything like that again , ever .",anger
He tries to prove he's a real man and he's not .,disgust
You're the very animals I was coming to see !,disgust
I think you really love me .,joy
How gorgeous !,joy
The reality however is much different .,fear
Stay out of it .,anger
"I wish I were a woman of 36 , dressed in black satin with a string of pearls .",sadness
Hmm . - ( imitates monkey gibbering ),disgust
"All of a sudden , there's a lot of noise .",surprise
"They're coming to get you , [PERSON] .",anger
As part of this amnesty it will not be necessary for officers to do manual labour .,joy
"This town likes its nasty little , backstairs gossip .",disgust
"Dear Bow Tie Killer , how's prison ?",joy
But where have I put it ?,surprise
You said she was coming with us .,surprise
"Tomorrow , [PERSON] ... My friend and mentor , will testify he thinks I'm guilty .",sadness
"You've got a real twisted mind , haven't you ?",disgust
"No man , woman or beast will ever desire you again .",disgust
What's killing all the children ?,fear
"No , we can't be disturbed .",anger
You ain't no Captain you and sure as hell ain't no [PERSON] .,disgust
"You're outnumbered and outdone , [PERSON] . And you have only one wish left . So use what's left of your brain and wish to go home .",anger
I'm ashamed to put a picture of [PERSON] in a room like this .,disgust
"Besides , this desert climate's not too good on a girl's complexion .",sadness
"June , your dog just upchucked .",disgust
And what sort of rubbish are you turning out now ?,anger
A glamour girl who does not even smoke .,disgust
Hey ! So I know I haven't been the best dad in the world .,sadness
In this order we're not allowed personal possessions . Nor are we .,anger
Think them folks would spend a penny to send you east ?,disgust
"I can't believe you did this -- A $ , suit on my credit card .",anger
How about the gardener ? This evidence might convict me in court .,fear
These men .,disgust
"Oh , come on , it's just a joke .",surprise
"Oh , professor ... just a moment .",surprise
"Oh , my gosh !",surprise
Keep joshing like that And you're never going to college like your sister here .,disgust
"So , don't try any funny business .",anger
We've got to get this man off the floor .,fear
I ain't aiming for you to go to [PERSON] ' and gobble like a hog !,disgust
Stop . I've been told . We're gonna look into it .,anger
He used a grenade ?,surprise
I fell over my feet most of the time .,sadness
She's two hundred years old .,surprise
I've lied and used people all my life because I thought everybody did .,sadness
Are you just about finished ?,anger
You are brilliant this morning !,joy
This is great !,joy
I didn't want to hear about the war .,sadness
They're looking all over for you .,fear
"Ted , thanks .",joy
He was safe .,joy
Let's get hold of this [PERSON] before the others do .,anger
A very good man .,joy
"You're not going to leave your friend , sir ... are you ?",fear
That Dude ought to be ashamed of himself .,disgust
I guess .,fear
You're forcing us to take action against you .,anger
"[PERSON] , are we going to make it to the island ?",fear
That's how wars start .,sadness
Yet somehow I felt within myself a new source of power .,joy
"It's also possible to look at this in , really , just a slightly different way , which is just as sad , maybe even sadder .",sadness
I'm saying you've been marking these cards .,anger
It's nice to see you again .,joy
Go to bed at night happy and then murdered .,fear
"What do you mean , if anything happens to you ?",fear
"Put these in water , blabbermouth !",disgust
"Take him away , and the others , too !",anger
Don't you live at home ?,surprise
"Mr. [PERSON] , I really appreciate all the work you do for him , but you and I know that my bloc is growing .",disgust
We were almost there and now all this is going to hold us up .,sadness
Pretty fresh .,joy
"Well , I don't give a damn about the reason .",anger
"So , I'm gonna call her back , and you are going to apologize .",anger
Escape is impossible .,fear
"My background is legal , not medical . My questions might be elementary .",sadness
I'm glad to hear that .,joy
He'll leave and take the little brat with him .,anger
What the hell you doing ?,anger
"It seems , [PERSON] , that my subjects are becoming a pain in the arse .",disgust
They mustn't get old .,sadness
"I'm very happy to know you , sir .",joy
"You see , my new , beautiful wife is violently jealous .",joy
"Why , you don't have to hide .",surprise
I'll miss you .,sadness
I can't see myself .,fear
I got ta get back . Move it back !,fear
I will not be one mind with you !,anger
I noticed an enormous difference between [PERSON]'s projected figures and the ones off the extro - budget in the [LOCATION] market .,surprise
You homo !,disgust
We'll have him watched from now until the day he sails .,anger
You want me to talk with the Federal Bureau of Narcotics see if they have any problems ? Internal Revenue Service ?,disgust
"[PERSON] , she's got tits the size of cucumbers .",surprise
You treat her bad .,disgust
"I know all about you , back from your first fight with Apollo Creed .",disgust
He'll take care of your mortgage .,surprise
You knew how I felt .,sadness
Everything gets easier from now on .,joy
Don't bother your daddy now .,anger
Five more minutes . - No !,anger
"That butcher , Eggers , he'll take 35 , head ... and butcher them himself .",fear
How did the trust fund end up in [PERSON]'s name in the first place ?,surprise
Don't tell me to take it easy !,anger
My heart is packed so full of love for you .,joy
"Mr [PERSON] , sir ?",fear
Victory over the devil . A great day for mankind .,joy
Honestly ...,sadness
"Lighten up , Chief .",anger
Whether I call you [PERSON] -[PERSON] or Windy there's no need to be bashful,anger
"No , I'm not ready !",anger
You really believe that ?,disgust
And you are the biggest liar of all !,disgust
Get off my roof !,anger
I do not know !,anger
"You know , you're too stupid to even be a good bigot .",disgust
Don't ask me why .,anger
You son of a bitch . You amended the charges to intent ?,anger
It's all here .,surprise
"As you say , a foolish article .",disgust
These terrorist attacks are aimed at you .,fear
"You mean , you could sell us but you won't ?",surprise
Safe from what ?,surprise
She's got the curse .,fear
Just because he's got a big ranch and a fancy pool and a lovely house doesn't mean he's a nice guy .,disgust
That's cool .,joy
Sicking that horrible dame on him .,disgust
"I tried to enlist , they told them to me that I was too ancient .",sadness
"I'm strong , snappy , loving .",joy
"It's your gun , sir ?",fear
"If [PERSON]'s found dead , that'll make for more questions and deeper probes .",fear
"Don't waste my time , comrade .",anger
Who bow and smile and scrape and spend their nights gnawing the chairs and floors out from under us all .,disgust
Deadly and poisonous .,fear
She was wearing them tonight .,surprise
Why not throw some empathy my way ?,disgust
Just to sit here with him is a very great honour for me .,joy
"But , sir , when the job's done , who knows if we can return by this route or whether we could find you if we did ?",fear
I think you're all being unfair .,anger
"It's a bit like Monopoly , only more people get hurt .",disgust
He's gone to .,joy
I wanted to look mellow and I look brittle .,sadness
You put your head in the sand .,anger
I don't think I've seen you before .,surprise
Easterner speaks with forked tongue .,disgust
"Charlie , have you thought how horrible it must have been ?",sadness
What more do you want ?,anger
Do everybody . How soon ?,anger
"I'm really sorry , Mr. [PERSON] .",sadness
You're absolutely wonderful .,joy
That's lovely .,joy
"Oh , yeah , great !",joy
So much for old business .,sadness
He thinks I may be arrested any minute .,fear
What makes you so cheap ?,disgust
"Stop , wait !",sadness
She danced like an angel .,joy
"Do you know , you were pretty cute in there today , my little .",joy
It's bad there .,fear
I won't take it !,anger
Will you let me sleep ?,anger
I can't tell you what a comfort that is .,joy
But I always thought little stenographers made little pennies .,surprise
"If [PERSON] sees a phone company subpoena , now , she'll bust a gut .",fear
What a glorious day it was .,joy
This is rusted tight .,anger
"You know , you could pay me . That's one way to break the ice . Oh , yeah , I'm sorry .",anger
Who sent you ? - Fuck you .,anger
Nice .,joy
I'm glad this happened .,joy
"He ever , uh ... touch you ?",fear
"All that money , [PERSON] ?",surprise
[PERSON] is two minutes late .,anger
"No , thank you . No , thanks .",anger
I had made the first real enemy of my life .,fear
"You ain't got no place to go , [PERSON] .",sadness
I don't want to miss this flight . I have a special rate .,fear
That very one .,joy
She's gonna kill him !,fear
I wish we did this before .,joy
"You don't like me very much , do you ?",sadness
It's good for the soul .,joy
[PERSON] drowned the day before his fourth birthday .,sadness
"Well , that's it for another day .",joy
He was ... fine .,disgust
The guy was just talkin' about gettin' a shot .,fear
Take my head and collect your reward,disgust
My bet says no other rider in the race will beat mine .,joy
Don't you guys think that'll do it ?,fear
I was brought up with beautiful words .,joy
They described a decades long conspiracy to cover up extraterrestrial visitation to [LOCATION] .,anger
"Somebody's gonna kill you , you dumb son of a bitch , but it's not gonna be me .",disgust
"Come here , you lazy , no - good son of mine !",disgust
( isaac crying ) - it's cranky time .,fear
When I'm wearing a new bonnet ... all the figures I ever knew go right out of my head .,sadness
"Mark , I was the one who had the worm . Thank you .",anger
I was scared shitless they'd think I was still alive .,fear
"We have a shop rule here , no liquor on the premises .",anger
We're fortunate to have found out these things now .,joy
"Yes , it'll be a pity if this doesn't come off , too .",sadness
Did you write me that letter or not ?,anger
Tell everybody to go home .,anger
[PERSON] had a great time .,joy
I couldn't make the rent . I was too ashamed to go home .,sadness
But I can't express myself monosyllabically enough for you to understand 'em all .,disgust
We give no quarter to those that are disloyal .,anger
Who is she ?,surprise
"Yeah , he's bullshit .",disgust
I hate my life .,sadness
You do realize you're talking about going after an FBI agent ?,fear
You're funny .,joy
"I am speaking strictly , [PERSON] .",anger
"I'm sorry , I didn't think .",sadness
[PERSON] was a girl and it seemed hopeless .,sadness
Anybody can type .,anger
"Oh , boy , is this great !",joy
"Nobody hired us for our brotherly love , [PERSON] .",joy
"He's all tired out , though , the poor little guy .",sadness
Trying to make her think her husband is still alive .,sadness
That won't help you .,sadness
"And don't try anything funny , cos you know what you'll get .",anger
Is Mommy going to be all right ?,fear
"Majesty , have mercy on me !",fear
The chauffeur ? The stable boy ?,surprise
A drink comes in pretty handy sometimes .,joy
"If you have any last words , say them now .",anger
"There were four , uh , aliens aboard I think .",fear
Get her .,anger
She's a mighty cold woman ... prancing about [LOCATION] by herself .,disgust
Have a drink with the unwashed .,disgust
"[PERSON] , I know that you're into a lot of crooked shit .",disgust
[PERSON] continued to invade your privacy .,anger
This is where it all started for me .,joy
"They did the smash - and - grab , she was gonna tell the feds .",sadness
"At the moment , no .",disgust
"You darling , [PERSON] !",joy
I'll disinherit him .,disgust
"Without a wind , we'll lose him !",fear
It doesn't fear my incantations !,fear
Shame on you for hiding behind the First Amendment .,disgust
Doesn't a doctor have to do that ?,surprise
What a shame .,sadness
He wasn't much of a man .,disgust
I know all those stories .,disgust
"I mean , you and I , right now , this weekend , we're here at this camp selling ourselves .",anger
She told me that you've been going through some things ... in your personal life .,sadness
The police have road blocks on every main exit from town .,fear
He's a contemptible little pervert who's ...,disgust
That is some horse .,surprise
"It's him I'm asking , [PERSON] , not you . See ?",anger
Can't you tell me what's happened ?,surprise
That was my low .,sadness
"I don't have any combat training , I don't think ...",fear
It doesn't have to be like this .,sadness
"Think of the years of suffering , deprivation and hardship among those awful savages .",sadness
You think of yourself and the one you're in love with .,joy
Your blood will thicken .,anger
How do I plead ?,fear
I wanted to stop you from doing something you'd be sorry for .,fear
What does Molto have to do with this ?,anger
Would you like a cup of coffee ?,joy
I need protection .,fear
But there's an insurance log that monitors how much money is in the bank at any given time .,sadness
Something very unusual has happened .,surprise
We were worried about [PERSON] .,fear
I order all ghosts to be expelled !,anger
Oh my God ! You totally should .,joy
Trying to make me crawl and cower and cringe and admit to your monstrous lies .,disgust
"That'll be all , steward .",anger
Y - You mean we're gettin' off this submarine ?,fear
You have our deepest sympathy .,sadness
My client was wrongly accused .,anger
So much fun and imagination .,joy
"Okay , we'll do it , but I want to hear [PERSON]'s voice , and I mean now .",anger
I'm good at it .,joy
He's dying .,sadness
I am content .,joy
A strange ship was sighted running out of the storm .,fear
"I just came over to share my happiness with you , [PERSON] .",joy
She'll be dead before the sound gets there .,fear
Maybe you should've told her you loved her . Maybe that was the way to make sure .,sadness
We expected you to come in here with a plan .,anger
Now we'll have good weather for the bridge .,joy
What are you accusing me of ?,anger
"Fine - looking couple , [PERSON] .",joy
"What are you thinking , Lieutenant , that I'm a coward ?",anger
"Hu , our hourses ' hoofs - are rigid They won't move !",anger
It's useless .,disgust
It is my prison .,disgust
We've come to wish you joy .,joy
Enough !,anger
She still eating cereal with her fingers ?,disgust
"Before proceeding further , I'll remind the visitors in the gallery that they are here as our guests and should conduct themselves as such .",disgust
"Harry , you got a nice shop here .",joy
I always knew there was something strange about their crowd . What are you talking about ?,fear
"Every time I think about it , I get sad and depressed , and I'm having flashbacks .",sadness
I'll take you back and dump you .,anger
I kept my mouth shut because I didn't want them to get in trouble .,sadness
"I was never really sure which one I got , nutrition or discipline .",sadness
A boy that I watched grow up was in that car that you threw the hornets into .,disgust
How'd you find us ?,surprise
Outstanding !,surprise
Still eating ?,disgust
Wait a minute . While you had what's - her - name sitting on your face ...,surprise
There's the finest deerskin jacket I've ever seen .,joy
"[PERSON] , turn me in if you want to . But this is over the line .",anger
We'll give old gramps a big surprise .,joy
Hold it .,anger
Why can't we have pancakes ?,sadness
And Spider Man died kind of slow .,sadness
I'm not sure how to operate that thing .,fear
Disgust that somebody she'd looked up to could be so weak .,sadness
Or we have a problem with the judges .,fear
What's the matter with you ?,anger
But we have a hotplate and a well - stocked refrigerator .,joy
That was the happiest night he ever had .,joy
One thing ... Admiral [PERSON] only allowed us planes ...,fear
It's great .,joy
We're in trouble now .,fear
You'll land us all in prison .,fear
Almost .,sadness
The [PERSON] woman died today .,sadness
That kind of love isn't enough for two people as different as we are .,sadness
"Which , incidentally , the worst day of my life .",sadness
Mrs [PERSON] has fixed the grandest dinner .,joy
"So , I guess I was the lucky one .",joy
When [PERSON] came back she was dead .,fear
What a cruel shame that any man is made to suffer so .,sadness
Awesome . This is rad .,joy
What's this Chicken Volavent ?,surprise
Nice party .,joy
He promised you parts in Cats ?,surprise
Then why do you show me no respect ?,anger
You're a killer .,disgust
"I want the truth now , no flannel .",anger
What ? I think we've found ourselves an angel .,surprise
I'm afraid he's been stalling .,fear
"I contacted the police , I contacted the FBI .",fear
There's no one left to fly the plane .,fear
a man you can look at in the daytime .,joy
People who don't pay up end with their knees nailed to the floor .,disgust
Good evening .,joy
You can tell him that for the both of us !,anger
Anybody could be wrong .,fear
"Is too much heat almost , it is not ?",disgust
Shouldn't we be going ?,anger
We don't want speeches .,anger
We already know that,anger
[LOCATION] is not gonna have a baby .,sadness
"Good afternoon , Mr. [PERSON] !",joy
A Webley automatic ...,surprise
"[PERSON] , we've got a serious problem .",fear
Maybe this goddamn bastard of an election will get itself resolved .,anger
I know you women got ta pretend to be offended .,disgust
"Daisy , you look lovely .",joy
"And now , a happy surprise for all of us .",surprise
In hours every hit man in [LOCATION] will be here . I seriously doubt that .,fear
We've got two gold tickets !,joy
Has any of my client's DNA actually been found on the victim .,anger
Take your mind off my work .,disgust
"Well , I think it would be a crime if you didn't participate .",disgust
All my powers have gone .,sadness
Mr who ?,surprise
Just find him .,disgust
He thought it was sinful .,disgust
I'm . . I no m. . mean to .,fear
"Don't open that door , [PERSON] .",fear
Why not believe me ?,anger
"Dad , don't let them take me .",fear
This is terrible .,sadness
"Hey , look who's here !",surprise
Isn't this fun ?,joy
"If you don't eat and sleep , you have to expect accidents like that .",sadness
What the hell are we doing here ?,anger
So you don't think that's funny ?,surprise
"Bear in mind she's a foreigner , so prepare for hysterics , even a fainting spell .",disgust
The beast is at the gates !,fear
"In case it slipped your mind , it's gunnery stations at .",disgust
I want you to have a heart attack and die so we never have to do this again .,disgust
"Come on ! What's it mean , anyway ?",disgust
"Without you , [PERSON] .",sadness
"It's a fucking slaughter , Lieutenant .",sadness
They made me mad .,anger
I saved it all here Countess .,joy
I think she's pretty .,joy
Could have used this a week ago .,anger
But do you truly believe that by deliberate present - day action we can neutralize that possibility and alter the future ?,surprise
"I refuse to answer , sir .",anger
"[PERSON] , I'm not interested in this . Of course you're not .",sadness
"Okay , good luck I guess !",surprise
And you got a lovely face .,joy
"I pulled that [LOCATION] heist , not Scratch [PERSON] .",anger
I do not like Mr. [PERSON] .,anger
"And me , [PERSON] , I'm with her .",joy
"I've been stuck here for 20 , years .",sadness
I think you're perfect .,joy
There are a hundred other places that really need the water !,anger
They'd go to Congress and get more funding .,sadness
"I used to drive a tank when I was in the army , but look at me now !",anger
What are we going to do ?,fear
"No one picked on you , [PERSON] .",anger
I can hardly wait for you to grow up .,disgust
"Mitä nyt ? , [PERSON] , please .",anger
All you people don't know about lost causes .,disgust
"What's the matter , dear ?",fear
Kill him !,anger
"You're sure of that , are you ?",surprise
My poor person [PERSON] .,sadness
Oh my God ! So cute !,joy
"You know , [PERSON] , I'm a little scared myself .",fear
How lucky you lawyers are .,joy
"No , you don't !",fear
I'm afraid it's all my fault .,sadness
Watch your back .,fear
That's the man that eats people,disgust
"They'll get me tonight , for sure .",fear
I know about abnormal behaviour .,sadness
How wonderful !,joy
"[PERSON] , you're wonderful !",joy
I barely know her . I found her like this and I brought her here .,sadness
You don't want us to drink ourselves to sleep .,sadness
"Men flirt with girls like that , but they don't marry them .",anger
It's an old saying by an old crow .,disgust
I fucking love it !,joy
Even though we have each other . It can be a very lonely existence .,sadness
[PERSON] hang it up .,anger
We're running out of ammunition .,fear
Please let me stay .,sadness
What did he bring his pigeons for ?,surprise
I hope I never wake up .,sadness
I can not understand .,sadness
What goes through your mind comes out of your mouth .,disgust
I can not begin to tell you how sorry I am ... That any of this has taken place .,sadness
"Oh , monkey . - ( laughs )",joy
Downstairs .,fear
"I'm sorry , are we here to have a sarcastic back and forth , or would you like to exchange useful information ?",anger
Seemed like a nice fellow .,joy
Must be losing it .,disgust
Perseus is moving into danger .,fear
"Hold it , not yet !",anger
That's more like it !,joy
"Seventeen to you , [LOCATION] .",disgust
I think I'll wait a moment with [PERSON] if you don't mind .,anger
I love a coward !,joy
I don't know what [PERSON] is ... now .,fear
We had a good time .,joy
Everything you've got !,disgust
"Yeah , he was a good soldier .",sadness
[PERSON] didn't say nothing ...,sadness
"It's all so horrible , isn't it ?",sadness
I don't think anything we can do would be of the slightest use .,sadness
What are you calling me [PERSON] for ?,anger
Didn't they ask you about this ?,surprise
We're so damn lost .,fear
"Bless me , Father , for I have sinned .",sadness
Bloody woman .,anger
I tried my best to make a man out of him ... but it look like I failed somewhere .,sadness
It is a wonderful woman .,joy
"Oh , well , that's a splendid idea , Mrs. [PERSON] .",joy
"This will make a fine heroic poem , you know .",joy
I've just been bitten by a snake .,fear
That's bad management .,disgust
"Son of dork , son of dork !",anger
"Yeah , but he's not gonna take me along any more , is he ?",sadness
But you're not enjoying yourself .,sadness
I can raise my voice in my own home .,anger
You just wait .,anger
"You gonna cry , [PERSON] ?",sadness
"Doctor , can a sane man possibly perform offensive or foolish acts ?",sadness
How would you like the holy hell kicked out of you ?,anger
Thank God you answered .,joy
"I don't care what you found , boy !",anger
I'm trapped .,fear
"It's people who should be blamed for the filth , not the river .",disgust
"Killed the pain all right , but he almost died .",fear
Then don't say it .,anger
Are you sure it was there ?,surprise
I like it !,joy
I don't know anything about it .,fear
Word for word one of the best lies I've ever told .,joy
What have you been drinking ?,disgust
The cellar is the only safe place .,fear
"No , you wouldn't .",surprise
There are definitely people who feel like it's your fault .,anger
I have to live every single day of my life now with everything that's happened to me .,sadness
"Call it off , [PERSON] .",anger
This starved duck ?,disgust
"Ok , kids , dinner's almost ready ! Turn off the TV !",anger
"You don't have to say the words , Governor .",sadness
"[PERSON] , don't look so unhappy .",sadness
"In the old days when we nicked someone no one got hurt , and no one lost anything very much .",anger
What the fuck ?,anger
Because it was my misery .,sadness
"He should , he's got a lot to be thankful for !",anger
"You have a first name , haven't you ?",anger
"Don't be so sentimental , [PERSON] .",anger
Your dinner smells good .,joy
And it's good to see you again .,joy
I can see the exit .,joy
"Ten suicides there was last year , in one day .",sadness
I don't want to argue .,sadness
Why is it that you know so much about them ?,surprise
Ain't no way in the world I'm goin' up that path .,fear
Did you hear me ?,anger
"Silence , [PERSON] !",anger
But you'll never find another [PERSON] .,sadness
"I am aware of that , but to be seen together could be disastrous for us both .",fear
It hurts me when people laugh at you .,sadness
"Who , you mean the current acting President of the [LOCATION] ?",surprise
"Barney , I am sorry .",sadness
Don't come back here  - that's a bit like saying :  Do not read this note  .,disgust
Don't want nobody to get hurt .,fear
She was gonna turn me in .,fear
"You are too outspoken , brother .",anger
"Your little playmate's gone , and I suggest we do the same .",anger
Everyone sees this thing except me .,sadness
Do you understand now why it is so important to me for you to believe that I love you with all of my heart ?,joy
They always have that same look on their face ...,sadness
This itself may have placed the entire country's safety in jeopardy .,fear
"I told you , this can get tough .",fear
l got lost .,sadness
It's not like that .,fear
How did eggs get into the conversation ?,surprise
Are you telling me I don't know what a shark looks like ?,anger
I didn't say that .,anger
I can't believe anything you tell me now .,anger
"Yes , I guess it's been a nightmare for you too .",sadness
These notes led you to tell Detective Lipranzer ... That the murderer was sterile ?,disgust
He doesn't think the forensic chemist will be able to ID the spermicide .,fear
Look at his crooked smile .,disgust
Uh-oh uh-oh ... Why did you take down the [LOCATION] Lace number ?,fear
This thing that's killing your people and mine is from the other side .,fear
They're blaming me for it .,sadness
What should we name her ?,joy
I require an answer .,anger
He was afraid of losing his job .,fear
You men are a disgrace .,disgust
Stop . Stop .,fear
"Well we're looking at major indictments , sir .",fear
When I'm and you're still the way you are ?,disgust
You don't have a boy !,anger
"Okay . You're kidding , right ?",surprise
"If we had known , we would have greeted you with flowers .",sadness
"Hey , hey , hey ! Where does it say",surprise
"I'm sure you feel the same about me , so let's stay out of each other's way .",disgust
"Comrades , your telegram was received with great disfavor in [LOCATION] .",sadness
And how about translators ?,anger
"I'm sorry , I'm sorry .",sadness
What will happen to you after I've gone ? They like hearing my stories,sadness
I don't want us to end up enemies .,fear
"[PERSON] , you don't like this job any more than I do , do you ?",disgust
We also escaped with the million pounds of somebody else's money .,anger
I was more frightened than the defendant .,fear
Why did the inspector allow me to say all those things ?,surprise
Our soldiers are dying in the inferno to be burning tanks .,fear
"If it's so nutritious , how come I don't see you eating it ?",disgust
It's pretty rough .,sadness
"What are you doing ? ! - So long , guys .",surprise
Taste for fine things .,joy
"Get rid of him , [PERSON] .",disgust
Typical !,anger
"Good to meet you , Mr. [PERSON] .",joy
Give a girl a chance to breathe .,anger
"Well , that's not a very even trade .",surprise
"We're human beings , you know .",disgust
[PERSON] was worried too .,sadness
I think I care too much .,sadness
And a right good one .,joy
"They're malicious and vicious , so in and out fast .",disgust
You won't be needing this anymore and I think your boyfriend's had his gut full of races !,anger
It is so nice to be here .,joy
You're a star .,joy
It can't be so hard to die .,disgust
Can't do what ?,anger
Are you sure this report's correct ?,surprise
I've never seen anything in my life as beautiful as you are .,joy
You can't tell anybody .,fear
You don't say ?,surprise
My old friend . Not safe .,sadness
"Oh , thank God .",joy
"Well , the Kid hit him once , and he ain't come back yet .",fear
"Well , now , there's a lovable chap .",joy
We're all gonna die !,fear
The cheque is no good .,sadness
The French Navy knows everything .,fear
What you're dealing with is over your head .,anger
"Child , crying :",sadness
I was not jealous .,anger
You asked for second helpings .,anger
They send me home a hero and I say wonderful things about them back in the [LOCATION] .,joy
"But , [PERSON] , he dresses like the man that cremated Uncle [PERSON] .",disgust
What if they catch the Captain before he gets help ?,fear
I saw one of those things take thirty hits and keep on coming .,fear
It was horrible for him .,sadness
Something about your mother .,surprise
Every player on that team thinks I'm the greatest .,joy
Now get the smile off your face .,anger
"They're shit , [PERSON] .",anger
It might get infected .,fear
"And let me remind you , we lost two key PA's in one day .",anger
I got my eye on you .,anger
He said you were a saintly old man who didn't hold with all the vices .,surprise
That's why audiences love me .,joy
Don't I know ?,surprise
Poor [PERSON] never did have no luck with men .,sadness
Why do you look at me like that ?,fear
I guess she's gone for good .,sadness
I'll have to write it all over again .,sadness
I bear them no malice . I'm sorry for them .,sadness
The reason you never take your wallet out at a ball game or anyplace else is that someone's gonna steal it from you .,fear
"There will come a time , when those who sit above me will want you delivered .",disgust
Heh . Heh .,joy
Said it was ghastly .,fear
"Come on , [PERSON] . We got ta move !",anger
But you are more stupid .,joy
"Five Wounds , for short .",sadness
You don't bring enough men with you .,fear
"That's very rewarding , believe me .",joy
This ain't no poor farm .,anger
"Here's my answer , you dirty ...",disgust
Nobody move . This is a bust .,anger
"The point is , you give the guy money , he jumps into bed .",anger
My wife doesn't have to answer those questions .,anger
Altitude !,anger
Where's your uniform ?,surprise
Because it didn't work .,anger
"My dear , sweet , loving bride !",joy
"The poor old governor has to go back to [LOCATION] and live on his pension , right ?",sadness
Now look at him .,anger
"I am glad that Senator [PERSON] is calm , because every once in a while I'm ready to do a [PERSON] on these guys .",anger
I have a politician who's unable to make a decision .,anger
And m the tooth fairy .,disgust
"I know that you need help , I know that I'm in no position to give it to you , - so , as your friend ...",sadness
Hold it !,surprise
We should celebrate this with a bottle of wine .,joy
"As I told you , it's time we did something about it .",anger
You're the most beautiful person I ever met .,joy
Should I just stand around and let that drooling infant wrap that [LOCATION] dam appropriation around my neck ?,disgust
"Yes , Rock .",joy
"We don't want [PERSON] to come , the bald giant with stupid sunglasses , knocking everybody around for kicks .",disgust
"Men will believe anything , the more preposterous the better .",disgust
Now try winning a game for a change !,anger
The truth is I wanted to quit .,sadness
"Just what we don't need around here , some scrawny , milk - drinking ...",disgust
"Shut up , you fuckhead !",anger
Your word to a breechclouted savage ?,disgust
"A wonderful day , I think .",joy
"As far as I'm concerned , a coconut hit you on the mouth .",surprise
"He's got a shotgun on you , [PERSON] .",fear
"Very nice , very nice .",joy
Where'd this come from ?,surprise
You reject it .,sadness
"You wan na help me make dinner ? - Uh , no !",anger
"Yeah , well , who knew ? - God damn .",anger
The killer is insane !,disgust
"[PERSON] , come on , damn it !",anger
I'd give every horse I own to get a chance at that fella .,anger
"May is a great scientist , but she also has destructive tendencies .",fear
I've isolated her forever .,disgust
"I suppose when a fellow bucks up against a big organisation like that , one man by himself can't get very far .",fear
I'm uncomfortable with whatever this is .,disgust
Where did I see your face before ?,surprise
Now I know how a poor little guinea pig must feel .,sadness
All ?,surprise
You might as well dump it !,anger
I'm not afraid of your threats .,anger
"I don't resent your not paying me for the past two months ... but the thought that I should split my bank account with you ... that you should take half of my life's savings ... that is really too much for me , sir .",disgust
"I am away , sick .",sadness
Comes up smelling ' like a rose every time .,joy
He said : Just leave the money in the top drawer .,sadness
They've been kind enough .,sadness
"You'd better tell your friends , too .",anger
"Apparently any mother , even a bad one , is better than none .",disgust
I haven't done anything wrong .,fear
"[PERSON] , what's going on ?",anger
When does he ever hear me swear ?,surprise
NOW !,anger
Don't a man have a right to know what he's signing on for ?,anger
"Father , I've led such a sinful life .",fear
"My favorite uncle , uncle [PERSON] , swore to me that he would buy me that bicycle .",anger
Are we gonna rescue an old man or stand here and argue ?,anger
It was horrible there .,fear
Her cunt .,disgust
I can't take responsibility for this .,fear
I don't know what I'm going to do .,sadness
You fucking lied to [PERSON] . - l didn't lie to him .,anger
Tell them to hurry it up .,anger
[PERSON] will never stand for it .,sadness
"It's like they're after me , right ?",fear
Stop fidgeting .,anger
"And there she was , dead .",fear
Imagine getting gussied up like this to watch a lot of Supreme Court judges chew .,disgust
Do something .,fear
"Are you a human being , inspector ?",disgust
You return to the front of your army .,anger
I wouldn't trust you to lick a stamp !,disgust
"Well , for god's sake , it's my account .",anger
And what makes you think that note would interest me ?,anger
Stop talking like a fool !,disgust
I hardly consider it fortunate to be bought by anyone by the name of [PERSON] .,disgust
We got him !,joy
And what do you think those old geezers really miss in [LOCATION] ?,surprise
"Toad's friends tried to help him , but were always blocked .",sadness
It's all I've got left .,sadness
I shall always think about it .,sadness
This is your idea ?,surprise
I want it the way it used to be .,sadness
"What , just to see me ?",surprise
Is he all right ?,fear
Let me finish . Of course nobody will buy it if they know it's rat .,anger
Hit the brakes !,fear
Be quiet .,anger
It was just so perfect I just had to catch it .,joy
I hate the British !,anger
"Lucito , huh ?",surprise
I'll be damned .,surprise
But there's nothing for me to do after 3:00 .,sadness
These assholes have been after me for my sources and you're ...,disgust
That was my girl . Wait .,surprise
"Oh , now , Mammy , be reasonable .",anger
How did [PERSON] injure Liberty Rail ?,fear
"Well , I don't want it .",anger
I've been taking these pills for my cold and they knock me out .,sadness
"But when I told the police , I do not think they believed me .",sadness
We just found out they were lost !,fear
About time !,anger
How can we be sure she'll help us free the Childlike Empress ?,sadness
"Look , I ain't got no more to say to you , OK ?",anger
It's a CIT ?,surprise
I'm not takin' a shower with him .,disgust
The Ambassador too would be delighted .,joy
"I'm sorry , I have a bill ...",sadness
"It's very funny , [PERSON] . Don't move !",joy
bat - blind ships .,surprise
He's got something bottled up behind that dashing charm .,surprise
"Oh , I'm so glad .",joy
"False alarms were common , And they didn't help our morale .",anger
It's time you woke up to your responsibilities .,disgust
"I said we're closed , [PERSON] .",anger
Be careful !,fear
I'd sink this ship with all hands before I'd serve him .,disgust
What's all this for ?,surprise
I'll give you a minute and seconds .,anger
Bitch .,disgust
Isn't it hideously plain to the naked eye I'm in love with you ?,anger
Ask him how we'll get outta here .,fear
"He's probably walking around here , lost .",sadness
Just a friendly place to have a beer .,joy
These are the firearms we use .,fear
"Go on , go to work .",anger
What is it with you boys and your war toys ?,disgust
I'm so glad to see you .,joy
"You know , for a minute , that [PERSON] almost had me convinced I was wrong .",surprise
"At that rate , we only have three weeks .",fear
Yeah . They're bleeding .,fear
I don't think I want body - to - body contact .,disgust
The people of my state need permanent relief from crooked men !,disgust
Fuck them !,anger
"You know , [PERSON] is not gonna last five minutes out there .",fear
"You come home , you order out food ... and then you play those stupid [PERSON] albums until 2 , in the morning !",disgust
"Father , make us truly humble and thankful ... for these and all the other blessings .",joy
The lady comes in sudden and she's got this gun .,fear
Nothing can make up for the loss of your life savings ...,sadness
The man has the biggest murder case in the city ... And he has to kiss your ring ?,disgust
There's nothing I can do about squabbles in the imperial court,anger
Isn't this just fabulous ?,joy
The cops are all over the place .,fear
"You can't go around hurting people like that , Comrade [PERSON] .",anger
You can't go down there !,surprise
This is nice .,joy
"Your day is done , old boy .",joy
Come on . Are we doing this again ?,anger
Tell them to get the hell out of there .,anger
I feel not much better now .,sadness
Stand back .,anger
You are not going !,anger
"All right , so we got ourselves a real live rat , right ?",disgust
"And nowhere is more dangerous than their local bar , the rat catcher .",fear
They ain't bad for waffles .,joy
I'm cold .,sadness
"[PERSON] , I warn you .",fear
Are you still mad about [LOCATION] ?,surprise
"Look around , dummy . You see any wires ?",disgust
Let's finish with pretending .,anger
"Then I lived in many European capitals , trying to forget something sad that happened long ago .",sadness
Don't you dare turn that off !,anger
"No , I know how to make lemonade .",anger
Mr. [PERSON] is a wonderful teacher .,joy
This train can't wait .,anger
What'll we do ?,fear
And you can't make me .,anger
You hear me ?,anger
You're not thinking of committing a crime ?,surprise
I had no idea !,surprise
What the fuck are you trying to do ?,anger
You never said a goddamn word about a tilting hydraulic body .,anger
"You ain't very friendly , are you ?",anger
What's keeping you ?,anger
Take your hands off me !,anger
And then there is always a possibility that ... - you won't survive that long .,fear
I don't believe it .,surprise
"It's funny , she didn't mention a husband .",surprise
What are you doing with that piece of sheep dip ?,disgust
Your parents'll kill me .,fear
We are on an official mission ... and we have no right to change the orders of our superiors .,anger
What are you saying ? Read the fine print .,anger
"The more you find out about us [PERSON] , the more impressive we become .",joy
"Pick it , boy , pick it !",joy
"If you don't find [PERSON]'s killer , we are both history .",fear
You're over .,anger
"That's right , home girl ,",joy
You want us to believe that ?,surprise
The coach was robbed and [PERSON] killed .,fear
"Give me the suit , right now .",anger
Just leave him alone !,anger
Am I a criminal for that ?,fear
"Just some water , dude .",anger
We came to love him .,joy
"Captain , was [PERSON] wasted ?",sadness
"Some of them are carved in stone , some of them men like [PERSON] put up there , so suckers like me could read them .",sadness
You can shoot us now .,sadness
"Fracture that whole part of the world , and now we have ISIS .",fear
Run !,fear
What do you care ?,anger
What's that got to do with it ?,surprise
[PERSON] was a pretty good mountain climber .,joy
Light has conquered darkness .,joy
"That's a twist . - Oh , a fruit twist ?",surprise
Or was I the man of the future ?,surprise
I hope you have a nice stay in [LOCATION] .,joy
Do I look like a baroness ?,surprise
"First you waste my time , then you get my name wrong !",anger
And whoever holds [LOCATION] points a dagger at the heart of [LOCATION] .,anger
Any friend of [PERSON]'s is a friend of mine .,joy
I can see I made a mistake .,sadness
We'll work beautifully together .,joy
Why should the signing of these articles be suddenly held up ?,surprise
Move !,anger
I ain't a boy !,anger
"Watch it , it's still wet .",fear
"Yeah , this is really beautiful .",joy
It's somehow able to bend light .,surprise
Wait ! His troops are still out there,sadness
You should have thought of that before you left the house .,anger
You made Case feel like shit tonight 'cause he was scared .,disgust
It's not going to be easy .,fear
"I just said , I love you .",anger
"Spent time making that , you know .",joy
I don't want to hear it .,anger
"That's very inspirational , [PERSON] .",joy
Shit ...,fear
"Simply stated , [PERSON] , it means that you have suffered damage to the brain .",sadness
Am I interrupting something ?,surprise
The day is warm and bright,joy
I wanted to let you know that the ambulance was late in getting away .,sadness
"Mr. [PERSON] , do you think really that I could be a star ?",surprise
Are you gonna retire or not ?,disgust
"By heavens , an Englishwoman .",surprise
I'm not usually this fragile .,sadness
We're looking good here .,joy
"You get beaten though , don't you ?",fear
Which way is this train heading ?,fear
"Do your friends put money in your pocket , [PERSON] ?",disgust
"Look , I got ta go .",anger
He could shoot you and say you tried to run .,fear
l want to see her .,anger
Who knows ?,anger
Meaning what ?,anger
He's in plenty of hot water .,sadness
"If you don't get married , I'll fire the both of you .",anger
They probably will start crying .,sadness
"If we lose , get out of town quick .",fear
You love her or what ?,surprise
I really can't believe it .,fear
Tough shit !,anger
Why are we peddling our precious possessions to the world at this time ?,surprise
That's why I couldn't remember anything on Saturday .,surprise
Pretty sea . Pretty sand .,joy
It's good coffee .,joy
He's gonna kill you !,fear
♪ She swapped me for a trout ♪,joy
I'm afraid I've disappointed you .,sadness
Leave us alone .,fear
If by the third count you and your officers are not on the way to work I will give the order to fire .,anger
Shit happens .,disgust
"If not , get the fuck off my car !",anger
I think some were stolen .,sadness
Isn't this the same desk ... ?,surprise
"Do all directors come to ask young women to sit with their producers ? Um , not all .",surprise
"No ! I don't know [PERSON] , I swear .",fear
Just the way I like 'em .,joy
I'm gonna get anybody who had anything to do with it .,anger
I can throw this knife pretty good .,joy
Ring the alarm !,fear
If you think I'm the kind to mess with anybody comes along ...,anger
"It's still my hat , you know .",anger
"You oughtta try it , it might clear your head .",joy
We were friends from high school and we just sort of hooked up again .,joy
"What in the name of [LOCATION]'s balls are you doing out here alone , lady ?",fear
You don't even know him !,surprise
I didn't think you'd shoot .,surprise
Something's happened .,fear
Or perhaps you should be careful .,fear
Would you stop harrassing her ?,anger
"What ? What , daddy ?",surprise
It's hard being a dope fiend .,sadness
What's it gonna cost me ?,fear
"I will , if you don't stop nagging me .",anger
"Hey , let me outta here !",fear
"Hallelujah , brothers !",joy
Leave me alone !,anger
I mean the commissioner and the mayor decided not to set a precedent inviting every maniac in this city to kidnap someone .,anger
You still have your health .,joy
And you must trust me when I say it's likely we're all going to die .,fear
Knock it off . Will you knock it off ? !,anger
We'll get him out of town .,anger
A lot of fun you are .,joy
"You youngsters , be quiet .",anger
You're so beautiful .,joy
God !,surprise
I said ... Burn in hell !,anger
You've got a woman here ?,surprise
Suppress it .,disgust
"Ned , don't .",fear
"Oh , my !",surprise
"Did you hear that , honey ?",surprise
So why didn't you invite [PERSON] ?,surprise
It's a shame to waste all that prime beef on a guy serving three to five in prison .,disgust
Good morning !,joy
How did we ever stand each other in that plane for three years during the war ?,surprise
"Especially when there are no days and nights in it , but just days that turn black when the sun goes down .",sadness
Feel better ?,sadness
And what better than to sacrifice one of the beast's own servants whom we caught masquerading as a holy sister of the Mother Church ?,disgust
A pleasure to meet someone who understands that to the true gambler ... money is never an end in,joy
They've done things with my body and the bodies of others ...,fear
"And the smell -- it lingers , you know .",disgust
You won't get him .,sadness
Why the hell not ?,anger
"Violin , soccer , track , friends , uh ... memories with my brother and sister playing .",joy
That's what makes it so good afterwards .,joy
Nothing's ... ever right .,sadness
"Come on , don't be a fool .",disgust
And how is that different than all the times you risked me ?,anger
"If men and nations had this goodness that I speak of , I would be willing to share all this ... My records , everything .",sadness
I was ambitious then .,sadness
I thought you might want a little cheering up .,joy
( laughs ) I know how you feel .,joy
It astonished me .,surprise
That's very rare .,surprise
"No , [PERSON] .",sadness
So no more crimes .,joy
"Might wash some of the starch out of you , or rust .",disgust
"This can't go on , it's ridiculous .",anger
She'll lend you an air of respectability if that's possible .,disgust
Judge [PERSON] .,anger
Four minutes to bomb time .,fear
"For us , business is lousy .",sadness
Give them a taste of their own iron !,anger
"You'd prefer the parents dead , too .",disgust
I'm sure that's thanks to you as well .,joy
I don't want you saying nothing about the Kid and nobody else in my damn county .,anger
"And it is time that the [LOCATION] government started coming clean on what it's all about , because they're very important military and ...",anger
"Look at it again , professor .",anger
They come from the New Orleans Bridge Club ... and they've been bonded by the steward .,fear
I will follow the Senator's example and refuse to remain in this chamber as long as that man holds the floor !,anger
Anything you say can and will be used against you in a court of law .,anger
Fine !,anger
All I asked you is where the hell [PERSON] is .,anger
Put the gun away .,anger
He promised to pursue it vigorously .,fear
"Hey , wait for me .",fear
"Die , you bastard !",anger
"Yeah , mind your own business .",anger
Don't try to change the subject .,anger
We'll say farewell to [PERSON],sadness
She's won and I've lost .,sadness
Professor ?,surprise
What's the matter with my policy ?,surprise
The longest game I ever played was on the maiden voyage of the [LOCATION] .,disgust
I'm really sorry .,sadness
You look pretty good up there yourself .,surprise
Die ... damn it !,anger
"Why don't you go back and play hero in your own world , Earthling ?",disgust
We'll blow it open .,anger
A skinhead in our bar .,disgust
"If we don't get that money , how's [PERSON] gonna go to seattle ?",fear
If anyone looks like they know you ...,fear
Six straight wins and a whole new rash of penalty minutes .,joy
You can't take the car !,anger
You saying I got no brains ?,anger
"Come on , we got ta warn him .",fear
It was them that fucked up .,anger
"Seriously , she is a woman who loves our great state .",joy
I want the whole morning edition a blast to push him off the floor .,anger
"That's what you're living with , a couple of real boy scouts !",anger
"Go ahead , [GAY SLUR] .",disgust
"I got a great personality , you ask anybody .",joy
We're seven minutes behind schedule .,anger
I ain't talking about that crap !,anger
I though you didn't like blood sports .,surprise
Are you going to come or do I have to drag you ?,anger
I didn't ride out here to pick blueberries .,anger
You have till five o'clock .,disgust
Get along with it .,anger
They're unbelievable .,surprise
Are you blind ?,anger
"It hasn't been easy , has it ?",sadness
I hate him so fucking much .,anger
"You love me , don't you ?",joy
"You took away my czar , my country , my people .",anger
"Blue , pink , yellow or orange ? - Green .",anger
So leave us alone and anybody who wants it gets it .,anger
Do some more rolling and tossing and thinking about it .,disgust
"Why don't you get a fucking job , man ?",disgust
"[PERSON] , there is no time .",fear
The are buried ... alive !,disgust
"You are a coward like all other people , aren't you ?",disgust
I'm blowing this place .,anger
What good is it to cut off your heads ?,disgust
"Oh , boundless heaven and earth Help me !",fear
Isn't [PERSON]'s death enough ?,fear
"Don't give up , mate !",fear
"You're no hero , so don't worry about it .",disgust
You'll punish me .,disgust
Wear 'em on your collar .,anger
I love this guy !,joy
It's back !,surprise
Can -- I was gonna ask you if I could give it to you ?,sadness
"Mr. [PERSON] , are you opposing me ?",anger
What an idiot .,anger
I do not drink with thieves and pirates .,disgust
I wouldn't trust anybody .,fear
"You think that by saying ,  I'm sorry ,  all the past can be corrected .",sadness
I must be going senile .,sadness
My unit's due to be shipped out soon .,sadness
I'll keep her off the screen . I'll destroy her . No .,anger
Find out where he hides them deeds and all the stuff he's been stealin' .,disgust
"Well , stop it !",anger
I'm really tempted to take you along with me ... but I'm just afraid that I'd awaken some morning ... and find you'd made a necklace with my teeth .,disgust
The penis is evil .,disgust
"Yes , I was always afraid as a child .",sadness
Oh ...,sadness
I'm alarmed about you .,fear
Are you OK ?,fear
You made the appointment without me .,anger
It's supposed to be great .,joy
Get back on the job .,anger
This thing isn't here for decoration .,anger
Seems a shame to part company after all these years .,sadness
Tell her we're waiting .,anger
"It's not deep , but it's there .",joy
We're the only ones who can afford to be honest .,anger
Not [PERSON] ?,surprise
"[PERSON] , listen to me .",sadness
"Oh , sure . Cry all you want .",disgust
"Really , I've never been happier .",joy
A quarter of a million dollars ?,surprise
You know when I realized that ?,surprise
What happened to your coat ?,surprise
One of you better tell the lieutenant that the waterhole I come by this morning is all muddied up .,disgust
"Idle boasting , I assure you .",disgust
"Of course I'm sweating , you moron .",disgust
"Come to think of it , everyone did look kind of undressed .",surprise
"It's hard to believe , isn't it ?",surprise
"Besides , according to your story , you weren't exactly 100 % scientist after you took it .",anger
It felt like an earthquake .,fear
He never turned up at all .,anger
You're ruining it !,anger
Is it supposed to work right away ?,surprise
What are you all gaping at ?,anger
Most of their wounds won't heal properly .,fear
"Hey , you know me .",joy
The ring !,surprise
I'm obsolescing like this old straw - bottomed cruiser of ours .,sadness
"You know , come to think of it , It is a rather interesting conception .",surprise
I'm gonna kill myself .,sadness
Midship damage control won't answer .,fear
"Gee whiz , so many things happening all at once .",fear
"You're sure we're not , uh , crowding you , eh ?",fear
Thirty years in this fucking office .,anger
My grandfather wouldn't have anything to do with him .,anger
Let's just say I'm chickenshit .,sadness
Did I hear something about jewels ?,surprise
Did you do this ?,surprise
I didn't have time to ask .,anger
You expect us to stand all the way ?,anger
"But , what if it doesn't work ?",fear
Japs !,fear
They got away .,sadness
We don't need you here !,anger
[PERSON]'d be so disappointed if you weren't surprised .,sadness
"I mean , about my having this floor to go on with my babbling .",sadness
Is this our new car ?,surprise
Go back to your work .,anger
What if we had dinner ?,joy
The silly little girl wanted to give her kind of a party .,disgust
All the good in this world came from fools with faith like that .,sadness
I'm unhappy .,sadness
I wan na feel good about something sometime .,sadness
"After marrying , clear what ...",disgust
You're wasting your time with me . I'm nothing .,sadness
"Actually , we don't know a soul here .",surprise
This is too weird .,disgust
"Our kids , struggling through their lives .",sadness
I just hope there's no snakes round here .,fear
But the war had changed him .,sadness
I am the slave sent to the [PERSON] [PERSON] .,sadness
How did this happen ?,surprise
"You know , you can't actually think .",anger
I didn't know I had one .,surprise
My grandparents were killed in the war .,sadness
"It's terrible that bad things happen , and all we do is stand by and watch .",sadness
There's a man down there on his head .,fear
"Well , people are entitled to leave cars outside if they want to .",anger
How many times have I told you to keep away from my desk ?,anger
That was wonderful .,joy
"Before you know it , we'll be good again .",joy
She's sad right now ?,sadness
And were you not told the same thing by his wife ?,surprise
"Everything's going so fast , man !",fear
We are not gonna pay you nothing .,anger
"[PERSON] , there's no point in going on .",sadness
Let me out of this glory hole !,anger
They're coming here ... to [LOCATION] .,fear
"We're the minorities , man .",sadness
"[PERSON] , this is Al.",joy
TV ... Satan's spirit flew out of the TV !,fear
They tried .,sadness
What does my height have to do with anything ?,surprise
Yes ? What is it ?,anger
Do you know what they say about girls who play ?,disgust
Please ... No ...,fear
"Peaceful up here , in't it ?",joy
Then what did you just stuff under your bed ? Nothing .,fear
We'll catch 'em sooner or later .,anger
"I tried one of them once , but she didn't show any enthusiasm at all .",sadness
What would a plate like this be doing in a World War II munition ship ?,surprise
They get their wings torn out and they're thrown back to [LOCATION] again .,disgust
"I don't think I should join your campaign , you know .",sadness
"Listen , [PERSON] .",sadness
It's terrible what happened to him .,sadness
But if you do not work hard you will be punished .,anger
"Oh , [PERSON] , [PERSON] , it's happening .",fear
"Uh , six reported injured , two are in sick bay , two more seriously being rushed to [LOCATION] .",fear
All the best fools come from [LOCATION] but only a greater fool would go there .,disgust
He's wonderful .,joy
Is murder a right reserved for that hated nation That has taken everything else from me ...,disgust
"You can call it an immigration if you want to , [PERSON] .",anger
Fog your mind so you can't remember a darn thing .,anger
"You think you're pretty smart , don't you ?",disgust
"Grandfather , I think it's a good day to die .",sadness
Those were the last words she heard me say .,sadness
You're a bandit who eats children and old people .,disgust
"Well , that's a dangerous thing to do .",fear
You didn't expect me to stay away ?,surprise
What are they doing here ?,surprise
"Oh , God , we thought they'd killed you .",fear
He'll be all right .,joy
"[PERSON] , I'm getting a bit jumpy , to be honest .",fear
They're coming !,fear
"I love you , [PERSON] .",joy
You're a detective now ?,surprise
I apologise for his appointment .,sadness
The A / V guy .,disgust
So be it . I will be the first corpse .,sadness
Be careful .,fear
"Yeah , my veneer popped off , yeah sucks .",sadness
"I know you don't mean any harm , but you are in everyone's way .",anger
I'm ashamed of you .,disgust
What crap !,anger
"Ah , he's peeing on me !",disgust
We voted you best officer to be marooned on a desert island with .,disgust
Now listen to me . This pig has cheated me out of $ million in cash .,anger
The columns and the wolves were after me night and day .,fear
We'll show them you're not afraid .,anger
Do you know Turn the car around and take me to my hotel  ?,anger
We are happy to take this opportunity ...,joy
I was in having a good time .,joy
Take that sentence back !,anger
This is your friendliest enemy reminding you to take it easy and never volunteer for anything .,joy
I'm grounded .,sadness
Open your eyes !,fear
"If that's humor , don't bother .",anger
I don't think so and I don't care and I don't have the time .,anger
I know a little about everything .,joy
She can't make it on her own .,fear
In hospital he'd hide cigars and brandy all over the place .,disgust
The brain surface neurons in this area have also been traumatised .,sadness
"Tell him you're not going , tomorrow morning or ever .",sadness
"Oh , God , it even has a barn .",surprise
You saved those men's lives .,joy
Who's afraid of a little booger ?,disgust
I wondered why I was suddenly being treated with respect .,surprise
Now ...,disgust
But what's she doing off of [LOCATION] with part of that fleet's treasure ?,surprise
How cheerfully he seems to grin,joy
You're still an idiot .,disgust
You make me laugh .,joy
Martial law .,fear
Who do you think you're talking to . Shut up and go back to work .,anger
You think it's a good idea to hand me an ax right now ?,anger
How can you drink that shit ?,disgust
You've ruined the puzzle .,anger
"You tell us you're a doctor , you rogue ?",disgust
"Hey , fella .",joy
Do you speak english ? - ( speaks spanish ),surprise
Stand here and argue .,anger
I know I don't have to do it but I want to .,sadness
My responsibility ?,anger
"So me and my partner bolt up the stairs , somebody is screaming bloody murder ...",fear
"That you don't want to live here , or in [LOCATION] , or [LOCATION] , or any other place where people have to live on top of each other , and they don't have enough room to walk , or breath , or smile .",disgust
I wouldn't want to face it .,fear
We spoke to police lieutenant [PERSON] laker at the scene this afternoon .,sadness
You can't land here without written permission !,anger
"Whoa , look at that .",surprise
"I don't know , maybe we're all just spooked .",fear
It's all for show .,disgust
Then why put up such a front ?,anger
"You just enjoy your wine . I know , you've told me .",joy
Is that what you want ?,surprise
But it's now the military industrial intelligence complex that are moving bureaucratically towards establishing dominion and control over the entire democratic process in the country .,fear
Here's to all that gorgeous snatch in FLA.,joy
"Well , you're very polite .",anger
Carefully !,fear
"Careful , that's hot !",fear
"I thought he only wanted me for their sake , but ... after his wife died , I realized he really does love me .",joy
Don't hit daddy .,fear
He's mine !,joy
I can not fight .,fear
Keep your own tips .,anger
Oh no . Shit ! [PERSON] !,fear
I hit where I aim .,joy
What the hell do you want ?,anger
"Look at me , I'm free !",joy
Who wears a thing like that ?,surprise
It was my fault .,sadness
They had to bring in the coke in wheelbarrows .,joy
Mr. [PERSON] ? It's been so long . I almost didn't recognize you .,surprise
We talked and joked and played chamber music .,joy
I didn't like him anyway .,anger
You go when I tell you to go .,anger
You can ride with me in comfort .,joy
Get your little butt in here .,anger
And very heavily .,anger
You don't know him like I do .,anger
That's what foxes me .,anger
Happy may have hit on something tremendous here .,fear
That's why I hope I haven't lost my phone .,fear
You shot Mr. [PERSON] !,surprise
I have too many scars .,sadness
I hit him too hard .,sadness
They're mixed up in all kinds of organized crime .,fear
We're on a roll .,joy
Your mom's having a stroke or menopause or something .,disgust
I'm getting richer all the time .,joy
I guess I can't blame you .,sadness
I have to get out of here . or what's left of my family is going to die .,fear
I could do wonders with your dismembered body .,disgust
A hundred thousand dollars ?,surprise
"[PERSON] , will you ever get out from under Rocky's shadow ?",sadness
No more out of Mr. fucking [PERSON] .,anger
Her goddamn sister tripped and fell in the tub and she went to help .,anger
Something's missing .,fear
And he will be missed .,sadness
"Now get . It's all right , [PERSON] .",anger
"My uncle is a hard , unforgiving man .",fear
I've never felt more alive in my whole life .,joy
Why's she making those funny noises ?,surprise
But there's the challenge .,fear
He's come for the king . - You snake !,disgust
"You mess with him , we mess with you !",anger
I wouldn't have missed this for anything .,joy
But that is not true .,sadness
"And don't bother sending a bill , either !",anger
That might be enough to win this race .,joy
I didn't mean to ruin your evening .,sadness
She's empty .,surprise
Find someone else to sing about .,anger
Did I say something wrong ?,sadness
Is that what you're worried about ?,surprise
That was his wife's plantation ?,surprise
You practically raped her one night .,disgust
All that Latino macho shit .,anger
"He wants you downtown , like , yesterday .",anger
"I'd have a ship of me own , And you wouldn't have to be starving ' along On a professor's pay .",anger
Are you still here ?,disgust
Lil ' [PERSON] hate you !,anger
"Yes , but he's in his office ... [PERSON] , can you believe this ? They just faxed me the chewgood numbers .",joy
Have enough respect for me not to lie .,anger
I've never been invisible before .,surprise
"I certainly don't consciously realise it , and I think that's pretty rotten of you to say that .",disgust
Did I get home all right last night ?,fear
I'll be right with you .,joy
"If you're dirty , you're going .",disgust
I don't make deals with peasants !,disgust
"Well , well , well . What do we have here ?",disgust
I don't know why I'm in such a hurry to get into trouble again .,fear
That's some sign you got on the door out there .,surprise
Good to see you're still kicking .,joy
"I've been trying to find you , but ...",sadness
"Like your shoes , it's a miracle she lasted as long as she did .",surprise
I don't like to .,sadness
"So we eliminate women , old men and kids .",disgust
"Look , he doesn't work here anymore , so ...",disgust
But get on with it !,anger
Do I have to bother with that shit ?,disgust
But you must admit that this doomed old civilization sparkles .,joy
Don't you want me with you ?,sadness
Fifty of them froze to death in one night .,sadness
That's why you brought me here ?,surprise
I don't know if he was a good man or if he was a bad man .,surprise
So what do you want from me ? Huh ?,anger
But [PERSON] is gone .,sadness
[PERSON] ! We're family !,surprise
They've all left their tire tracks on the desert roads .,surprise
I'm so glad we stayed !,joy
And I don't need you to drop your suit because you have no case .,disgust
Why aren't they over Diamond Head ?,surprise
"Come on , wake up .",fear
"[PERSON] , don't try it .",anger
I've got some good wine .,joy
"I will be punished , and I should be punished .",fear
He's hurt bad .,sadness
They've done pretty well by you .,joy
Wouldn't you enjoy that ?,joy
I don't trust her .,disgust
"This is only the tip of the iceberg , as hundreds more have given us their testimony , but are too fearful to go on camera for fear of repercussions for themselves and for their families .",sadness
"When he finds out , he's gonna be mad .",fear
You've got a beard ! You're a man !,surprise
Why not you ?,surprise
The princess must not pick the polish from her nails .,disgust
She pulls back on the trigger and at that moment I wake up screaming .,fear
I have to spend half my life waiting for these time clocks to open .,sadness
He won't eat any steak .,anger
Don't you see they don't need you ?,anger
"Also , I don't like nobody touching me .",disgust
How is that going to look at home ?,fear
Jesus !,surprise
Wonderful chef .,joy
"Qué pasó , shit ! It's the same thing .",disgust
I know all the other teams laugh at me .,sadness
Congressman [PERSON] is minutes late as usual .,anger
"I made it ashore , but I got separated from the other survivors .",fear
I can't get this blasted thing started .,anger
"Whenever I'm petrified , I either cry or sing .",fear
Don't kid yourself .,anger
"The agricultural use is one of the exceptions , fortunately .",joy
One look from the head of [LOCATION] can turn all creatures into stone .,fear
I hate this place . I hate this place .,anger
I don't want to talk to him . I'll call him Monday .,anger
"Why did you do it , [PERSON] ?",surprise
"As I said , it's nothing fancy , but it's clean .",joy
She's turning into a corpse monster !,fear
Your old man's been blasted out of his wheels . And your king - sized brother's been twisted like a pretzel .,disgust
Anybody who takes money out of this bank is crazy .,disgust
It's admirable .,joy
Can we ... can we not ?,fear
"I tried to make her care , but I couldn't .",sadness
Women just love single male parents .,surprise
"One night , knowing his wife is out ... He calls her and begs her to see him again .",sadness
"If he starts convincing those senators , you might as well blow your brains out !",fear
"Our lives are woven together in a fabric , but the connections that make society strong also make it vulnerable .",sadness
"cause if you take two big bites and just swallow it , It could get stuck in your throat .",anger
"Yes . - Well , this is an emergency !",fear
All of you !,surprise
"I'm not stupid , Mr. [PERSON] .",anger
Why even tell me about it ? Because I needed to tell you !,anger
Be warned . she usually means exactly what she says .,fear
It make me sick .,disgust
"Yeah , perfect !",joy
Well . I didn't ask if it would fit . I asked how much it was .,anger
"The moving finger had already writ and moved on , and nothing I could do would have canceled half a line , nor would my tears wash out a word of it .",sadness
I can't find the right words .,sadness
"Of course , a box !",surprise
You know that the child of two primitive apes will never learn how to speak .,disgust
I don't know what the hell to do .,fear
Didn't you march today ?,surprise
Put them down and turn your back .,anger
Stronger mouthwash might be nice .,disgust
I'll kill him and his bloody beast .,anger
You're better .,joy
We must be extremely careful what goods we take in exchange .,fear
They have the opposing counsel's secretary poking around in their goddamn file room .,anger
"No , I don't want no drink .",anger
Haven't seen you for a while .,surprise
"Father , maybe we could ... Go in the other room and speak privately ?",fear
"Bye , everybody !",joy
workingmen stand ready for work on Monday ... on the largest slaughterhouse outside [LOCATION] .,disgust
"Sounds great , but what is it ?",surprise
"Why do you want to die , Grandfather ?",sadness
"My friend , I'm a happy man .",joy
"I'm ashamed of you , [PERSON] .",disgust
You won't cheat [PERSON] out of publicly ordering you out of her house .,anger
I like to read .,joy
"I've got a headache , [PERSON] .",sadness
Have you seen any of these documents ?,anger
I never saw a more gross neglected duty in my life .,disgust
What sort of a man are you ?,surprise
But he became such a damn pest that I left [LOCATION] .,disgust
[PERSON] - boy's got a little something personal to discuss with you .,fear
They aren't moving .,anger
"Well , let's look on the bright side .",joy
"Now , you stay put and listen to me .",anger
gonna be some hard times coming down .,sadness
These two shooters you just brought up from [LOCATION] .,fear
Heaven knows how she lived through those weeks .,sadness
"Good heavens , isn't there any revolt in you ?",surprise
I've been sleeping with women .,joy
What's that noise ?,fear
"Anyways , I don't give a damn .",anger
Are you listening ?,anger
Don't you believe it .,surprise
No one's ever gotten away with a stunt like this before .,surprise
"[PERSON] , it's me . - Yeah .",surprise
"You're the prettiest woman in the room , sweetheart .",joy
"Negative , you'll have to turn back .",anger
"No , no .",anger
"Don't lie to me , you pepper gut .",disgust
I've never liked him .,anger
"Yes , Ma found him slumped over his desk that morning ...",sadness
My clothes !,anger
But I am guilty .,sadness
"Alright , knock it off !",anger
They're fuckin' horrible - lookin' .,disgust
"It's Nobel Prize juice . Set sail for home , for [LOCATION] !",joy
You damn fool ! I told you to get off this case !,anger
Help ! - Hello ...,fear
I hate you all .,anger
Somebody help me .,fear
Who do you think you are butting in like this ?,anger
I'll kill you bitches !,anger
The fellas are celebrating .,joy
Take my head to the emperor Maybe it will move him,anger
My officers will not do manual labour .,anger
I'll see no one but [PERSON] as leader .,anger
I thought you wouldn't see [PERSON] now you're back with [PERSON] .,surprise
"You won't get away with this , Trixie .",anger
You've caused enough trouble .,anger
"Yes , I'm talking about honour , not ideology .",anger
This is dreadful !,sadness
"There she sat , gazing at me with her big eyes .",surprise
"Looks like he's in great shape , don't he ?",surprise
I said part of me  .,anger
All killed ?,fear
You get out tomorrow !,anger
Oh my God ! This is like romantical .,surprise
Viktor is a wonderful person .,joy
Sometimes it's worse to stay than it is to run .,sadness
The kid hates me .,sadness
"You should have a kid , [PERSON] .",joy
You know what's gonna happen to you if you don't surrender !,anger
But you said it was safe .,fear
Really .,surprise
"[PERSON] , it's so good to have you around .",joy
I got a hunch [PERSON] ain't got his mind on his business .,disgust
Death was from suffocation .,sadness
This was not the plan .,fear
Been trying to raise him for hours .,anger
I just went to the store for the cookies .,sadness
Let me out ! Right !,fear
We always had a good time .,joy
"One of the many troubles with you , Harry , is , you never know where your movie scripts leave off and life begins .",disgust
It is a lovely city .,joy
Done .  With what ?,anger
They let you in again ?,disgust
I must be working out some screwed - up karma .,anger
"Hello , sweet thing .",joy
"Don't cry , honey .",sadness
I ain't got any money .,sadness
You vermin !,disgust
They just have felonies .,disgust
Lonesome picker and watch house will be the first two to come forward .,sadness
Bring my gun when you come back !,anger
Is he really our cousin ?,surprise
Are you sitting down ?,fear
I don't wan na have a stinkin' fight again .,anger
It was a gift from an admirer who said I was always late .,joy
Uh - ohl He's lost it nowl,fear
I've never been happier in my life .,joy
"That's wonderful , darling .",joy
"Yeah , I'd like to burn it out of my mind .",sadness
And that's another reason why you don't speak about it .,fear
"I'm so scared my bones are clicking , like dice on a [PERSON] crap table .",fear
"You know I'm gonna be the president , right ?",anger
Happiest CS - Three anyone ever met .,joy
Get back !,anger
"[PERSON] , that's very generous of you .",joy
Is that intelligent banking ?,disgust
No more .,sadness
Don't we need supplies ?,surprise
The officers of the [PERSON] in happy celebration .,joy
It will make them sick .,fear
Especially with a fortune in our falsies .,joy
He must be going out of his mind .,sadness
Those dopes are trying to crack open the safe .,disgust
"Daddy , I want Mommy !",sadness
We're not winning this war .,fear
Get up ! Do you hear me ?,anger
"I'm pleased to meet you , ugly wop son of a bitch .",disgust
"It couldn't have been me , sir .",fear
I am glad you are better .,joy
"I hear you get a nice pension from the government after 20 , years .",joy
They've been infected with the bacteria .,disgust
I'm too tired .,sadness
How do you expect him to pay us ?,disgust
"Case , it strikes me you chose a strange time to tell us this .",surprise
"I look good in a mink coat , honey .",joy
I hate you !,anger
Course they gave him a big hunk of money for a settlement . Don't nobody know how much it was .,disgust
Why on earth did she come here ?,surprise
Mainly because I had to wrestle that son of a bitch all the way from [LOCATION] .,anger
There are no more stops between here and [LOCATION] .,anger
It was blocking him from coming out .,sadness
"The belle from hell Versus the dove from above In a one - soul , anything goes match - up , [PERSON] .",joy
He can't be there !,anger
Who are you and what do you want ?,fear
"[PERSON] , are we leaving ?",surprise
"If not [PERSON] , who is it ?",surprise
You're not talking to this guy .,disgust
"[PERSON] . [PERSON] , what happened ?",fear
Makes rude gestures at people doing their socialist duties .,disgust
Remember what I told you about court ? Yeah .,disgust
Perhaps that's why I'm incapable of having a child .,fear
"[PERSON] , don't you have your own secretary ?",surprise
Please don't hurt us .,fear
"So here you have a major country , a nuclear power , making a commitment to do this .",disgust
"First , take him to the station .",anger
Stop mumbling .,anger
So ... what in the hell takes you to [LOCATION] every five minutes ?,anger
He didn't sleep .,surprise
They just all happened to be in the same place ...,surprise
"I don't mean to be handing you no line , but that's pretty hard to believe .",surprise
I'm gonna take him back to the orphanage .,disgust
Who in the hell you looking for ?,anger
Zardoz is pleased .,joy
I don't think I've ever been so thrilled in my life .,joy
I don't like the way you're treating [PERSON] and Mammy .,disgust
You damned near got us all killed .,anger
"What has happened to your friends , Father ?",surprise
Is it worth the risk of a scandal ?,fear
"Of course , it's absurd that a priest would be involved .",surprise
You are so good .,joy
"[PERSON] said to tell the old man - I'm sorry , sir , the captain - that he'd better start thinking about a tow .",fear
"With your popularity , you'd be out in no time .",anger
I can't fight you both .,fear
"The way she's lying , there won't be any steel plate to have to burrow through .",disgust
"This means [LOCATION] , for sure .",fear
"This morning this place was filled with books , wall to wall !",surprise
It's a shark !,fear
"Well , he'd better be if he's gonna remain anything at all .",anger
"I'm awake , [PERSON] .",joy
"I remember being at the courthouse , and there were people outside holding signs and I thought , you know , how cool to have all this support .",joy
"Don't start , [PERSON] .",anger
Hannah !,joy
"Shut up , [PERSON] .",anger
"If you lay one finger on that poor , sweet , helpless girl ... you'll despise yourself forever .",disgust
What ? They took her body .,fear
"Three men killed , and to what end ?",sadness
"Hey , honey .",joy
"But in that case , We are no more guilty than the rest of the world .",sadness
But it can't be a date  date .,fear
"Honey , we don't like nothing soft .",anger
I know exactly the situation I'm in .,anger
He dropped his old - fashioned wrench .,disgust
We won't leave this palace alive .,sadness
Isn't that rather exposing the First Lady to some risk ?,fear
I have to go now .,surprise
Sure I do .,surprise
"And there's nobody to tell me that the results are anything but brilliant , so I live in a comfortable glow of self - appreciation .",joy
It's all bullshit .,disgust
Are my glasses there ? Eh ... no .,anger
They sent you . - What ?,surprise
And just what do you want me to do ?,anger
But everyone pretended he could walk ?,surprise
I'd have to lead them through .,surprise
"[PERSON] , keep that mule's asshole away from me before I have to break him .",disgust
"Sir , you have beaten my wife , and she has gone off with another man .",anger
Can't you go in there and say something ?,anger
You must know how important that is to us .,fear
"What do you want , Cat ?",anger
I guess this must seem pretty pathetic to a guy like you .,sadness
This is your one chance to get the answers .,anger
Christ !,surprise
If you don't hurry ...,fear
I'll be stuck here doing your work while you run all over the city fighting crime or something .,disgust
"So , how is it you know so little about cars ?",surprise
The fairy tale again .,anger
Happiness is something I know nothing about .,sadness
I don't think we want to talk any more .,anger
"How dare you , sir !",anger
You'll never take my child out of this house .,anger
You are in trouble !,anger
Do you have to make such a racket ?,anger
What would she do ?,fear
You ain't gonna have no crop because you got a sin on your soul .,disgust
What are you doing ? !,surprise
So how can you tell the difference ?,surprise
"Don't let her do it , [PERSON] .",fear
It's horrible !,sadness
"Well , I find in a moment of anger follows a thousand nights of sorrow .",sadness
"I like [PERSON] , because I always know where he stands .",joy
"Did I spend 9 , years with matadors not to learn about fear and safety ?",anger
"Now , you - you don't understand , [PERSON] .",anger
"Away from all the words , the monuments , the whole rotten show .",disgust
"Don't be a fool , woman .",disgust
"Come on , cut that shit out .",disgust
even though it continues to dominate the market for sex ads .,disgust
"Glad to have you with us , Big Casino .",joy
Give the bitch to me .,disgust
Where are you going ? - I have a date .,joy
"Better open this door , [PERSON] .",anger
"Suck on that . Hey , who's there ?",surprise
"There's nothing mysterious about her , she's just a cheap , little ...",disgust
"All right , not now , but you need to hear this .",anger
"She's a pretty little thing , isn't she ?",joy
Something seriously wrong with us .,fear
I have no defence against forgery !,fear
What happened ? Where are the others ?,surprise
You sure you want to do this ?,surprise
"[PERSON] was here last night , trying to kill me .",fear
They ain't going to expedite it for me .,anger
"So , a rose is not a rose , and an umbrella has nothing to do with rain .",surprise
The mess boys ate the strawberries .,anger
Are you trying to say something ?,surprise
Where the hell is Special Weapons ?,anger
You're going into the arena alone .,anger
"All those bottles , of sizes different , completely in the wrong order ...",anger
All the rungs have been neatly sawn in the middle .,joy
So far you haven't given us any information,anger
I heard you ran into some trouble today .,fear
I'm thinking about my own ass .,joy
Things usually change for the better .,joy
One good thing .,joy
That's the way it's been your whole life .,sadness
[PERSON] had her specialty . She imitated frogs .,joy
"All right , now , send that woman and her young ' uns out !",anger
Sometimes I think there's almost a chance for us .,joy
I ain't gonna call her any more .,anger
You bloody liar !,anger
"If it was in all states , not good .",fear
We don't know what we're dealing with .,fear
Isn't that terrible !,fear
"You surprise me , Mr. [PERSON] .",surprise
"Well , I'm sure things must have been difficult with your parents passing .",sadness
I think this is the greatest day I've ever spent .,joy
You look different .,surprise
"No , now not !",anger
Isn't she gorgeous ?,joy
Then I think you need to see a doctor .,fear
How did [PERSON] and the newspapers get the [PERSON] story before you ?,surprise
Answer my question .,anger
"The most valuable asset against Sandstorm that we've got , and instead of turning him to our side , we're actually pushing him away .",anger
I didn't know you were still here .,surprise
This is my show . I'm calling the shots .,anger
Some people told me you were dumb .,disgust
You letting this joker give orders ?,disgust
I heard you got married .,joy
This bloody sod accused me of stealing me mate's grub .,anger
That storm is pretty bad .,fear
"What's it to you if I brought a woman , a man or a fuckin' Muscovy duck ?",anger
"We liked the same guy , but I liked him more , Would you back off ?",anger
She's got an indiscreet voice .,disgust
"For God's sake , listen to me !",anger
Then I danced in tuscaloosa and the Mayor said the nicest things about me .,joy
"Get it through your head , or you and me are both gone too .",fear
And I feel sick about it .,disgust
He never spoke .,disgust
"Oh , God , please help .",fear
What about the witnesses ?,fear
I know how that must feel .,sadness
"And without [PERSON] , it's better to let these people with the black suits and the Swiss haircuts worry about things you and I don't begin to understand .",disgust
"Well , you know , there wasn't much we could do .",sadness
Goddamn law is ruining the country .,anger
Mind if we ask who the hell you are ?,anger
What do you think of a man who's unfaithful to his wife ?,disgust
It's wonderful to have you back .,joy
You son of a bitch !,anger
Way too much weird stuff goes on here .,disgust
Bastard !,anger
I - I took some sleeping pills .,fear
Speak up or I'll shoot .,anger
Listen to me and keep still .,anger
I don't know how to do anything else .,sadness
She's got a great body .,joy
Of course they're armed and dangerous .,anger
Anyone'd think you didn't want to get better .,surprise
Bastards !,disgust
I was nearly arrested here three years ago .,fear
When I find [PERSON] ...,fear
Why can't they get along without us ?,surprise
"[PERSON] , if you don't invite me , I'm coming anyway .",anger
I'm gonna kill you .,anger
I remember very little of my childhood .,sadness
All of them ?,surprise
Don't think for a minute That was an empty threat he made .,fear
A cook ?,surprise
You could call me a freak of nature .,sadness
Tusk doesn't have any friends .,sadness
I got up and started to speak and the long powerful arm of [PERSON] reached into this sacred chamber and grabbed me by the neck .,fear
"[PERSON] , did you know that your dad two - steps ? Really ?",surprise
"I'm not the same pathetic , trusting fool that I was a couple of days ago .",disgust
"You've been drinking again , haven't you ?",disgust
"[PERSON] , ain't you gonna do nothing ?",surprise
You're a fucking bastard !,disgust
I just didn't believe it .,surprise
"Fatter ? - No , Dad .",surprise
Do you think I do ?,anger
I like tacos and I like beer .,joy
Didn't think we'd be getting to see you .,surprise
We're not going to risk a massive lawsuit .,fear
I made a deal with a cop once .,disgust
"I told you , you're probably overworking yourself .",sadness
This is a risk we dare not ignore .,fear
They got hard times as it is .,sadness
It tried to kill my Raymond !,fear
Back to Righteous villa ? It's haunted !,fear
"It's too late for that , [PERSON] .",sadness
Hey . Good work .,joy
Where's the money ?,anger
Merry Christmas .,joy
Could we just go over one or two more ...,sadness
"The way you've ignored us , you wouldn't think so .",disgust
You have to go on the road and I have to go through what I'm going through .,sadness
So what's your problem ?,anger
In my dreams I saw a light over [LOCATION] and I knew there was hope .,joy
Fuck the law .,anger
That is not true .,anger
Who is this woman ?,surprise
Certainly making a fool of yourself .,disgust
"I don't like this , any of it .",fear
He got a little sick .,sadness
Anybody connected with drugs deserves to die .,disgust
Told you not to call me that .,anger
Not fully .,sadness
"I say I can not play a scene , and you say , Play it .",anger
"What you got on me , Kid ?",anger
It does matter .,sadness
Not you . Not Agent [PERSON] . Me .,sadness
"Is this absolutely where you live , my dearest one ?",surprise
There's gonna be a lot of clowns out there with firearms and itchy fingers .,disgust
"Why should today be any different , you know what I mean ?",surprise
"The helicopter was destroyed , and the pilot is dead .",sadness
I'm pleased to be wrong .,joy
That decorator is harder to get an appointment with than the mayor .,anger
He spent money on a bible ?,surprise
Why should I answer ?,anger
You can't take the life of another human being and get away with it !,disgust
"Yes , he loves you .",joy
Why isn't he traveling with you ?,surprise
"[PERSON] olla ! , I told him my problem , I told him I loved you and he told me to keep my trap shut .",anger
"One time , I , uh , I lost my car .",sadness
Don't I know you ?,surprise
"Are you happy now , yeah ?",anger
Where are the females ?,surprise
"Well , not so dangerous .",joy
What was what ?,surprise
"Hey , come on , [PERSON] .",anger
I'm sure I can do it .,joy
Eat your breakfast and forget it .,anger
"I'm trying , you know it really upsets me .",sadness
I'll accept that .,joy
"Darling , you're so good to me .",joy
This is the society we could have had a century ago .,sadness
Slaughter ! You missed !,disgust
That is hardly for you to decide .,anger
Oh . ( laughs ),joy
"They're harmless , friendly , and , by all reports , extremely intelligent and sophisticated .",joy
I'll invite [PERSON] to dinner Saturday .,joy
What the hell do you think that I do ?,anger
Prostitutes will try to tempt you with their unhealthy immorality .,disgust
"$ , for a taxi !",surprise
"If you won't give it to me , I'll shoot .",anger
You're scaring me .,fear
I was a child .,sadness
How can you ask me that ?,surprise
I've got cookies !,joy
"I haven't any friends , [PERSON] .",sadness
"A couple months in solitary will cool you off , bugger .",disgust
Might be it needs dragging up .,fear
"She shot me , at me .",fear
That's rude .,disgust
"So if you're bad often enough , you'll die .",disgust
This is a surprise .,surprise
You were very good in Public Domain .,joy
He was okay .,joy
Keep [PERSON] away from anything that smacks of politics .,disgust
"Now , if Case doesn't kill us , the Triads will .",anger
That's the trouble with you .,anger
"Listen , I've had just about enough of your comedy , clown .",anger
She's not taking that .,surprise
Are you trying to kill me ?,fear
Dopehead mothers . Garbage blood .,disgust
"No , I have not been away all that time .",sadness
"Bringin' her home in the middle of the night wouldn't help anybody , especially her .",anger
Who took the Scotch from my closet ?,anger
"Look , I was never at [PERSON]'s house .",anger
"Well , if he can ...",sadness
Somebody ought to get their ass kicked for this mess .,disgust
You're getting the deluxe treatment .,joy
You can see that they are jealous .,joy
I should have taken my chances with the cannibals .,fear
[PERSON] ... ?,surprise
Don't tell me you've left it up there .,surprise
You sound like a woman with a mission . I am .,surprise
I've forgotten how good a bad woman feels .,joy
I'm just a bit dizzy . Can you stay with me for a bit ?,fear
[PERSON] must be crazy .,anger
What happened in church ?,surprise
They're all friends of mine .,joy
Does anything ever happen here ?,anger
I have a terrible feeling he cut off my head .,fear
It's a crime against the people who sent me here !,anger
Life is more terrifying and more mysterious .,fear
You wouldn't have come if you thought I was here .,sadness
"[PERSON] , I don't know how to play this person , and I don't know who she is .",fear
"At any rate , gentlemen , a charming , exquisite woman .",joy
"And I just disagreed with them , completely .",disgust
"Next time , I'll wipe 'em on you .",anger
I told him you guys wanted out as well .,fear
Nobody makes a fool out of my wife .,disgust
It's fucking embarrassing .,anger
"I'll buy you one . C'mon , we've got our own schedule to meet .",joy
Lord [PERSON] ! Lord [PERSON] ! Lord [PERSON] !,surprise
"All right , you rat prick .",disgust
Do you mean he'd never seen a clock before ?,surprise
"I just went to sleep , woke up feeling fine , remembered everything .",joy
♪ The bright blessed day ♪,joy
It's looking for us .,fear
"What a comeback , [PERSON] ventura !",surprise
"Looks like a nice day , huh ?",joy
That thing is a killer !,anger
In charge of piers and warehouses ?,surprise
So alone .,sadness
No . This is [PERSON] .,surprise
"Weather conditions have improved tremendously over the mainland , so you won't have any trouble seeing the target .",joy
"Yes , tell him I'm in the middle of an important phone call .",anger
I thought you'd want to come back and finish that concerto you were writing .,surprise
I'm not deciding for you .,anger
Complete reversal of usual behaviour pattern .,surprise
We have to watch these convicts and murderers all the time .,disgust
"[PERSON] , you never told me you had a brother [PERSON] .",surprise
"If she succeeds , the consequences will be disastrous .",fear
"That may be , but my wife , she's a very good one .",joy
"They told me you had a wine cellar , but I didn't believe it .",surprise
"Well , why didn't I know about that ?",anger
Your idea of a chance at him was uncorroborated statements from an informant who was doing hard time and who would sell his own mother to get his sentence reduced .,anger
"Feet ! Feet , you fool !",anger
That's what always happens when people fall in love .,sadness
Last night .,joy
"Like one time , I was with this guy and he came into my bedroom and he was naked , except he still had his socks on .",surprise
Did you know I used to be the 11th best fencer in [LOCATION] ?,joy
"I do not know what you are , but you are not a woman .",disgust
What other reason could there be ?,anger
Holy shit .,surprise
"Cheers , [PERSON] .",joy
I think it's rather sporting .,joy
"Don't mess around with it , and it won't mess with you .",anger
I always feared dying in the gutter with a bellyful of booze .,fear
You're a disgrace to your country !,disgust
What's that ...,fear
Is anyone down there ?,fear
I remember when I was years old . Mr. [PERSON] called me in for a meeting .,joy
Wait till I ask Dad if this is any way to run an airline .,anger
"Running away ? - Don't look for trouble , [PERSON] .",anger
"You're beautiful , [PERSON] , but sometimes you have the bad breath of priests .",disgust
"It will be refused , the Lady Tadminster it can open the party in the first day , and you .",anger
"Goddamn , that thing's got more holes than my daddy's rubber .",disgust
"You'll kill him , stop !",fear
An end to the human race that has plagued this pretty planet for far too long .,disgust
"Oh , is this the breathtaking view ?",joy
"Hey , you can not reject me .",anger
Enough to spread you out like a crazy woman's quilt .,disgust
"He's dead and buried , [PERSON] .",sadness
And I really didn't think you wanted to be looped in on my schedule .,surprise
I shouldn't be this drunk .,disgust
"Fantastic , isn't it ?",joy
"Come on , Lieutenant . What are the SEALs up to ?",anger
It's the prettiest place on the island .,joy
We can do better than that .,anger
"Oh , this place is such a mess .",disgust
There's coffee on the stove .,joy
Vinnie !,surprise
Is this some sort of a gag ?,surprise
Too many of those candied doughnuts .,disgust
"I mean , we're a solid act , honey .",joy
And stop fidgeting .,anger
Car exploded outside .,fear
Sometimes I think you don't even know I live here .,sadness
Hadn't they promised to keep our name out of it ?,surprise
There's no time !,fear
We were drilled like little soldiers .,sadness
Everything is so wonderful .,joy
And that's all I can give you .,sadness
Turn 'em off !,anger
"Driver , I'm a little disappointed in you !",anger
"Your mom wasn't ... well , and she needed time to recover , to get better .",sadness
"So this is what it's gonna be , huh ?",anger
Hundreds !,surprise
"But , [PERSON] , whatever it is that you're going through , we can help you , but you need to ... How the hell would you know what I need ?",anger
All that fighting in there wore me out .,sadness
I don't approve of people rushing around carrying loaded revolvers .,disgust
The President doesn't know it's occurring .,surprise
"Very funny . Oi , oh , officer .",joy
And you look lovely in the candlelight .,joy
That hurts .,sadness
He was sensational .,joy
"We're lucky not to be home during the bad weather , aren't we ?",joy
It was terrible . He screamed with fear .,sadness
"[PERSON] , fuck off !",anger
Nobody knows anything about what's happening here .,surprise
You ever see a horse run himself dead just to please the man on his back ?,disgust
"If I'm not on guard every moment , you steal across the border into reality .",fear
And now this ?,anger
I mean a laugh from the heart .,joy
"I heard he was connected with the government during the war , a spy .",fear
You've murdered a human being !,disgust
"Well , now where are you going ?",anger
But I won't stand it any longer .,anger
It puts him in the area within one hour of the first killing .,fear
Whoa ! [PERSON] !,surprise
TV and press only . You'll have to step back .,anger
I have no intention of drowning with you .,anger
"Oh , it's such a beautiful statue .",joy
It's ticking like a bomb .,fear
Don't start that again .,anger
I hope it doesn't end here .,sadness
Ha ha !,surprise
I am defeated .,sadness
Why can't I play with you ?,sadness
Indeed throughout the entire interview ... he insisted they call him [PERSON] which is his right name and refused to answer to the name of [PERSON] .,disgust
"That's pretty sweet , right ?",joy
"Under the circumstances , I have to advise [PERSON] not to respond . Clearly , he would like to .",anger
Why don't you just let us get on with our job ?,anger
How can I take time when I know what's going on ?,sadness
You're the first good thing that's happened to us .,joy
"I'm not getting paid to be undercover , so I work at this garage all day .",anger
We will sue your asses .,anger
You lonely old coot .,disgust
I see white fluffy clouds ...,joy
I've slaved in that man's factory for years and years .,sadness
She was nothing ... nothing human .,fear
"Look , your mother is here .",joy
The governor sounds unhinged .,sadness
"Now , let's get back to our examination . Shall we ?",anger
"Come on , get on .",anger
Turn the fucking water off !,anger
He's peeing on me .,disgust
I'm sorry . I'm sorry .,sadness
"This is a man's world , a brutal world .",sadness
[GAY SLUR] everywhere .,disgust
Nothing is guaranteed .,fear
Sunny [LOCATION] will not be that tomorrow .,sadness
You then can have agriculture and manufacturing locally that has very little cost to it .,joy
"Any trouble , call on the phone .",fear
Won it in a stud game .,joy
Although I think it's a very fine [PERSON] .,joy
What is it now ?,disgust
It's too late to start anything now .,fear
"Good - bye , [PERSON] .",sadness
"That's out of our jurisdiction , isn't it ?",disgust
Let me decide what to do with it .,anger
"We won three games in a row , [PERSON] .",joy
"Well , I don't know . [PERSON] told me to bring it out this weekend so he can have a first look at it .",disgust
I guess this is my last season .,sadness
"How are we to answer this , [PERSON] and I ?",surprise
Gim me that damn mike !,anger
I ain't got no dad ! And I ain't got no mum !,sadness
I'm going to have to leave the country if I ever want a breath of air .,sadness
You flaming fucking [GAY SLUR] !,disgust
I don't like reporters .,anger
Is not it so ?,disgust
That must have been very nice .,joy
What do I have to do ? Grow up .,anger
Even God wouldn't believe it !,surprise
Fucking cops !,fear
Bibbidi ... Bobbidi ... Boo .,joy
These videos were posted together with instructions from the kidnappers .,disgust
"Oh , feet !",joy
Can't I have everything ?,surprise
"I treat her like what she is to me , nothing .",disgust
"We're in a war zone , [PERSON] : Two motorcycle officers horribly wounded in a crossfire , the police seemingly unable to rescue them in spite of several desperate , heroic attempts .",sadness
"I just got this crew broke in , so don't go screwing 'em up with your old - fashioned ways .",disgust
It is not a pivotal project in your career .,sadness
"Shelleen , it was a great plan !",joy
There is something strange about that boy !,surprise
She's upset about something .,sadness
What do you mean by that ?,surprise
Then you weren't angry because I wasn't there ?,surprise
That puts quite a burden on the company .,fear
She's pretty full on .,surprise
"I might have expected your thanks for what I've done this day ... but very well , let it be so .",anger
All the poor young girls .,sadness
"In fact , I admire the style of you .",joy
"So , we are going to file multiple lawsuits and mobilize the communities that have been touched by [PERSON] .",fear
Nice entrance .,surprise
Looks cute .,joy
My nightmares is more like it .,anger
"Don't you see what's happening ? If you don't find me a killer , there is no fucking office !",anger
The water's great !,joy
Your skin stinks of it .,disgust
So my father was murdered .,fear
Something funny happened this morning at the store .,joy
"Is not no one , who could take care of him ?",sadness
He thinks the world of me .,joy
You mean somebody she let in opened the windows so it looked like a break - in ?,surprise
If you ask you're going to get an absolute no .,anger
I guess it's not in here . - I guess not .,disgust
"Hey , fuck you , man !",anger
"It's not negotiable , [PERSON] .",anger
I need to know .,anger
"Silence this fool , [PERSON] .",disgust
You're liable to get caught .,fear
Guess what his name is the captain ?,surprise
It will be difficult for me . Suppose ...,fear
"You've had it too easy and you don't know it . No , no . I do know it .",anger
We'll terrorise the whole state .,anger
We don't like [PERSON] .,anger
( sighs ) I thought I got some good news .,sadness
Thought I saw some resemblance .,surprise
What's going on between you two ?,surprise
I didn't like it .,sadness
I always said the Union National was a phoney bank .,disgust
They been bothering me .,anger
What difference would it make ?,sadness
What a mess .,disgust
Trubel ?,surprise
"You don't believe that stuff , do you ?",surprise
"If [PERSON] found out , it would kill her .",sadness
But the gun shoots death and purifies the earth of the filth of brutals .,disgust
How about we go and have a. . .,joy
He's perfect .,joy
"But for now , there is sufficient cowardice , sloth and mendacity down there on Earth to last forever .",disgust
"Yes , well , I don't know anything about it .",fear
That bitch has messed around with me .,disgust
Do you think we're getting anywhere ?,fear
"Sort of takin' the long way , aren't ya ?",fear
Sit back .,anger
[PERSON] thinks he's such a nice dog .,joy
"You people can either help me , or stay the hell out of my way .",anger
What's that for ?,surprise
Amen ! Amen !,joy
Why are you saying these things ?,surprise
"This strange coffee is a bore , but what can I do when I can't sleep ?",sadness
"Oh , I see .",surprise
You spoil me for death .,disgust
"You pulled them all off me , you stupid son of a bitch .",disgust
I hate when you use the word  superfluous  .,disgust
Explains even more .,joy
But how will your father feel if he never sees you again ?,fear
Senator [PERSON] decided this with you ?,surprise
The old man was right after all !,surprise
I had to sweat blood to get that .,sadness
There are estimates out there that . million homeless kids are out on the street at any given time .,sadness
He would present his incontestable alibi and it would be in safety forever .,disgust
"She told about a mother who was full of hate , and how she got back the hate she gave .",sadness
I know him .,surprise
"This ain't your personal little war , you know .",anger
"I'm old enough to be your mother , almost .",disgust
Fuck the process !,anger
"Mes dames et messieurs , good night !",joy
I'll fucking kill it !,anger
You little bastard .,anger
To the loveliest story I ever heard .,joy
All I ever do is try to make you happy .,sadness
"Well , it's a shitty world .",disgust
Who's dead ?,fear
So the millionaire speculator is turning respectable .,disgust
I tried to make him see a psychiatrist .,fear
Must be the Jamaicans .,disgust
I'm gonna speak to your ma !,anger
I thought you were a confirmed private .,surprise
I'm broke .,sadness
"Nutritionally speaking , it is exquisite .",joy
"[PERSON] , most can barely walk .",fear
"The dog's mine to kill , an eye for an eye .",anger
",000 , telegrams demanding that he yield this floor .",joy
Switch over !,fear
That's disgusting !,disgust
There's no fucking handle !,anger
You made the spell and you can undo it !,anger
Don't anybody move !,fear
"Hi , Dad .",joy
Or a liar .,disgust
Removed ?,fear
"Oh , is that [PERSON]'s idea ?",surprise
"Every time it rains , it gets all yucky .",disgust
Script girl .,surprise
"I didn't like this boy to begin with , but no man that wasn't sincere could stage a fight like this against all odds .",disgust
Why would a dumb Polack like you think he could outsmart someone like me ?,anger
"No more of such talk , do you hear ?",anger
The pheasant in this part of the country is extraordinary .,joy
Arguing's pretty much in my blood .,sadness
What else do you have to tell ?,surprise
l knew you were gonna say that .,joy
I don't pay you good money to have you jerk me around .,disgust
You sure are pretty .,joy
Because I'm still tired .,anger
You've got that right .,joy
"Well , you're going to prison .",joy
I hate public transport .,disgust
I was just trying to tidy up .,anger
A wonderful idea .,joy
"Mind out , cuz .",anger
"He pumps his face full of Novocaine , and then , with his scalpel begins to slice away his features one by one .",disgust
"You had a shot in Public Domain where you looked at the camera , into me and I loved you .",joy
Do you see how this affects [PERSON] ? You don't ?,anger
I just spoke to [PERSON] .,joy
I've never told you how to live it and never interfered .,anger
Stop biting your nails .,disgust
That's him .,anger
He looks terrible .,sadness
"You still serve that dull , grey stupidity .",disgust
Stop the car !,fear
I said hold your goddamn fire !,anger
Don't come no closer !,anger
"I have a coach not pulled by four horses , but with the power of .",joy
How come she leave that job ?,surprise
Do you want to know everything ?,sadness
"Oh , how lovely .",joy
That's just what we want him to think .,joy
Thank you for all your help tonight .,joy
But don't look so gloomy .,sadness
I thought I could make a difference .,sadness
To hell ! I cast thee back to hell !,anger
He was trying to stop it .,fear
I haven't seen you for days .,surprise
I'm stuck with guys down here that are too dumb to roll rocks down a steep hill .,disgust
We could have backed him up .,sadness
But you would have gone ...,sadness
"We're looking at economic instability , we're looking at housing instability .",sadness
Screw the captain .,anger
I think my dog's escaping .,fear
Your back prevented you from practicing six hours a day .,sadness
I wish I could have made her understand .,sadness
I'm sorry to disturb you .,sadness
Where do you think I've been ?,anger
"In other words , these guys got to get out of their ivory towers .",anger
"And it's about you , and it's about [PERSON] , and it's about the drinking , and it's about all of it .",anger
What kind of a deal is this ?,anger
These are businessmen with no knowledge of creative personalities .,disgust
"There ! Come on , everybody . Get some more stuff !",joy
And I don't want someone coming here when you do tell them after you hang up .,disgust
"Forgive me for not recognizing you , Dr. [PERSON] .",sadness
I. . . didn't think I'd ever see you again .,surprise
"I'm in fear of my life , you know .",fear
"And if we could find it , it wouldn't have a tear .",anger
"When we say not bad , we don't mean not bad .  - We mean it's bloody marvelous . - Yeah ?",surprise
No wonder your husband still loves you .,joy
"Which future has God , if there is a God , chosen for man's destiny ?",fear
These words are useless .,disgust
"Aw , jeez ! Look at these guys .",joy
Miss [PERSON] is going with you ?,surprise
I don't like your faces .,anger
Grab the hand rail !,surprise
Now he takes an utter stranger into the family .,disgust
You only pretended to be my friend .,sadness
"You changed that , and you can't change it back .",sadness
"You're too little and weak , like a girl .",disgust
What's [PERSON] got to do with this ?,surprise
You think I killed her .,sadness
"Good we're not broke , or we'd really be miserable .",surprise
Don't talk like that .,anger
You look like death .,sadness
Unbelievable .,surprise
My father died of a heart attack .,sadness
"By the time they take the mortgage payments out of my paycheck , there's not enough left to buy you a fuckin' box of tampons !",disgust
I forget a lot of things and I. . .,sadness
More mutilations !,joy
Are you guys brothers !,surprise
Get out of there !,fear
I'm waiting .,anger
It's hard to be strict with a man who loses money so pleasantly .,disgust
Listen to me !,anger
I am sure you will find her in the fraternity house .,disgust
"Since he escaped , residents of the bordering states have been afraid to leave their home .",fear
I don't think this bullshit's funny .,disgust
cause snakes are scary .,fear
I could cover you with kisses .,joy
"Damn [PERSON] , this is your last wish ?",surprise
"I'm telling you , I thought I was the best .",sadness
What's wrong with my eyes ?,fear
There were bodies that were involved with some of these crashes .,joy
"Sounds awful , doesn't it ?",sadness
"If he refuses , you got ta insult him !",anger
It was utter chaos .,sadness
We thought Monsignor [PERSON] will take over the building fund .,surprise
"I'd offer you something harder , but you don't drink ?",surprise
She's my child too .,anger
One thing I don't want is to start this endless discussion all over again .,anger
Why don't they use something easy to get ?,surprise
So what'd you do ?,fear
I don't like your tone .,anger
"We have one more outstanding piece of business , the Supreme Court nominee .",joy
"Oh , my god ! For $ , , anyone who put -- puts this here - And pulls the trigger .",surprise
"I do not think that's important , right ?",disgust
You're lying !,disgust
"Hey , we got a survivor !",surprise
It's no good .,sadness
Nothing more .,sadness
Look what I found .,joy
They bite your neck and drink your blood .,disgust
I just had the weirdest dream .,surprise
Ghosts !,fear
I'm a good pilot .,joy
The shameless way in which the deficiency bill has been delayed is nothing short of criminal .,disgust
"Somehow I had to reach [PERSON] , to survive .",fear
Are you out of your mind ?,surprise
He reached out to us and asked if we'd be willing to help him,joy
"The less the girl hears , the better .",fear
"My uncle is dead , I swear .",surprise
Get in the car !,anger
We wound up on a train . - A train ?,surprise
"I've been sick , [PERSON] .",sadness
Who is he ?,surprise
Why didn't you help me ?,anger
That's not unusual .,surprise
I am afraid that there is no coincidence here .,fear
I failed you .,sadness
I'm glad I saw it before becoming extinct .,joy
Ms. [PERSON] ... everybody has a secret face .,surprise
Glad to see I'm not the only case you're working .,joy
I've never seen anything like it before .,surprise
"Right , Lieutenant ?",surprise
None of this was [PERSON]'s fault .,surprise
Why don't you get a fucking life ?,disgust
You're late .,anger
Why'd you stop ?,surprise
The whole town in panic .,fear
I'm glad you liked it .,joy
No one can feel safe living in a community ... when there are reckless and irresponsible neurotics ... wandering about its thoroughfares armed with deadly weapons .,fear
[PERSON]'s out of his mind .,fear
And that's the most gorgeous thing I ever saw .,joy
"Then , you still believed you could make a difference .",sadness
How the fuck did you let it get that far ?,anger
What'd you just say ?,surprise
I can't save [PERSON] .,fear
What a levitation move ! [PERSON] said unto him ...,surprise
"Never has deposited it . Like I say , he's a nut .",disgust
Living horrors of the deep were described today,fear
Just a man with a poor taste in beers .,disgust
I wanted to buy you something lovely and exotic .,joy
I get to live in a place ... it's OK . Don't get me wrong . The air is clean .,sadness
"When I think of it , I'm afraid .",fear
"First , I want a big smile .",joy
"Why , if it isn't our friend the sharpshooter .",surprise
I didn't know you played a saxophone .,surprise
Don't you say a word unless I ask you to .,anger
Three years I've been waiting to nail your sorry ass .,disgust
You must love that guy to do what you did for him .,surprise
"You , the most innocent of them all ?",surprise
I'm sure glad we've run into you .,joy
There . Now it's perfect .,joy
Look out below !,surprise
"Ah , was from there .",surprise
Are you looking at my hands ?,anger
Some official's son got in trouble and they're looking for a substitute,sadness
"But the crisis is now , sir .",fear
He's such a liar .,disgust
He killed more people than cholera .,disgust
What's this doin' in your ear ?,surprise
"Maybe you guys could like you know , get a house and buy some diamonds and a horse . I don't know .",anger
Have you no patriotism ?,disgust
An arsonist is a person that sets buildings on fire for profit or perverse excitement .,disgust
At least you can't say the dinner isn't right .,joy
You've nothin to bitch about !,disgust
There's a nice picture of you on the front page that I'm gonna add to my collection .,joy
How very nice to see you .,joy
"Do you accuse me , Mr. [PERSON] ?",anger
"I know you were deeply touched by [PERSON]'s gesture ,",joy
We saw a real - life example of this last week ...,disgust
I also have a memory .,anger
"Produces beef , beer , shoes ... and good times .",joy
"Stick your nose back in this county , and you'll never see daylight again .",fear
What did you tell him about you and Ms. [PERSON] ?,fear
Will you let go of me !,anger
Then a wasp stung out my eye .,sadness
I didn't say come in .,anger
"How about that whole fucking city , if you don't do what I say ?",anger
"You're not getting anywhere , are you ?",anger
"They bomb cities , sink ships , torture and murder , so you and your friends can eat off a gold plate .",disgust
"That I had to chew his ass to get him to move on it . He seemed more interested in if , when and how ... I was fucking [PERSON] than in his own investigation .",disgust
"No , don't touch that !",fear
"I just saved your life , and you still don't trust me ?",surprise
"Oh , you're the best , [PERSON] .",joy
Girl of quality and taste .,joy
"you ever make me look stupid , you're dead .",anger
"Stop , [PERSON] , stop !",fear
"I've got a piece to speak and blow hot or cold , I'm gonna speak it !",anger
"God , this is a list of questions that could unlock all the Sov military secrets and win the arms race at a stroke :",surprise
I don't like the way you are looking at me .,anger
"Look , in what I do , there are sometimes pressures .",fear
All right . Nobody move .,fear
This is a very sad day for me .,sadness
I sure wouldn't do math unless I had to .,anger
This was my bedroom .,sadness
"No man is gonna make a liar out of me , sir .",anger
"OK , you know the drill .",surprise
"Yeah , yeah , yeah .",anger
That's no good .,disgust
Boom .,fear
"She never asks for money , but somehow she always happens to help grateful rich people .",disgust
"Brilliant , brother , brilliant .",joy
We don't have to give you a cent .,anger
"It took me seven years , but I got him !",joy
I wake up in the middle of the night and laugh at them .,joy
It's such a pleasant little place .,joy
She was worried about you .,sadness
"I know you always say you're not like him . But here you are , scrubbing up for the next surgery instead of fighting for the man that you love .",disgust
He'll keep us flying missions till we're all dead .,fear
Left !,anger
Your breath stinks .,disgust
Why do you want to shut me out in the cold like this ?,sadness
Would you like us to take a break ?,disgust
Yet you turned to him for advice when you wouldn't turn to your husband .,surprise
You lost your ship ?,surprise
"Let's try it again . Oh , come on .",anger
Is there no a door of another side ?,fear
You think I like playing sick little games with you ?,disgust
I didn't mean to hurt you .,sadness
Is this one of your shenanigans ?,disgust
But he's talking about the illegal part of it .,disgust
Christ . What a dump .,disgust
Great pair of togas .,joy
I'm from sacramento .,joy
If only I'd done a better job .,sadness
Sit down !,anger
[PERSON] . I'm all shook up .,fear
Looks like a goddamn freak show out there .,disgust
"The gun , honey dripper .",disgust
How's it feel to have the woman you've wronged cloak your sins ?,disgust
"I want to die in my own land , where Human Beings are buried in the sky .",sadness
"I can't handle basic training again , man .",sadness
Bloody footsteps leading up to the door ?,fear
Do you want to be a truck driver again ?,anger
Glad you told me .,joy
Idiot !,disgust
Most of the young hotshots were lining up for Robbery or Homicide .,joy
"Doctor , X-58 , seems to be a success .",joy
If you want to catch that boat you better stop talking .,anger
You ... shut up !,anger
"I want her out of here , Doctor .",disgust
"Every day , you give this azupep a dollar for sweeping our sidewalk .",disgust
"You know , holding that baby in your arms for the first time ... it changes your life .",joy
Are you abandoning the search ?,surprise
I'm satisfied to be the father .,joy
"Do you remember last year , when we had fun , when we had a good time ?",joy
"Well , that's good to hear .",joy
I'm against it .,anger
"Ma'am , she's no longer a minor . There's nothing we can do . But , but , but .",sadness
There is nothing like a good cigar .,joy
This is war !,anger
"We , the hunted , will now hunt !",anger
Is anybody hurt ?,fear
What good is that gonna do if the people who run this government don't have access to the programs ?,anger
"As long as you're here , let me show you the books ... so you can see how bad a businessman I am .",sadness
My life is a surprise .,surprise
It's disrespectful .,disgust
It's about time .,anger
I'm headed for hell anyway,disgust
"He's a tortured , bitterly neurotic man who's finishing life on his own terms .",anger
It's just me .,surprise
"Just about a year ago in [LOCATION] , [LOCATION] . It was quite a night .",joy
Good ?,surprise
"Oh , what a delightful child .",joy
They look like they've come to a funeral .,sadness
All you need to know about the Trinity is this . God is like a shamrock !,joy
"Listen , you son of a bitch .",anger
"When I think yours has given you , Village ... as a vulgar , without dowry .",disgust
"Satan , stop !",anger
Are they gonna get in ?,fear
You're doing great .,joy
A fortunate young man .,joy
No more fucking tapes :,anger
"All right , is that a beautiful city or what ?",joy
You mean they're throwing punches ?,surprise
Younger Bear was just trying to hand me the worst possible insult .,disgust
How very unpleasant .,sadness
I never thought of it ...,surprise
It's wasted on this bunch of Swiss bankers .,disgust
I don't know what to say .,surprise
"I was window - shopping in [LOCATION] , daydreaming about what I'd buy for her , if I had any money .",sadness
It looks different here .,surprise
Because I always get lucky .,joy
Then we can't let him get away again .,anger
Why have you been carrying the bags with you all the time ?,surprise
I really liked the idea .,joy
"Don't you think that life should be gay and bright and bubbly , like champagne ?",joy
I'll be forced to shoot you again .,disgust
You stay out of this !,anger
"Your Majesty , being inside of your confidence ... is the greatest joy I've ever known .",joy
You'll stay on a nice boat .,joy
It's disgusting .,disgust
How did I get such a smart - ass kid ?,disgust
I hate getting upset .,anger
"Well , somebody's gonna have to start trusting somebody .",anger
This hurts me in my heart .,sadness
"In the end , we would be masters of a wrecked and hungry planet .",sadness
"The hearth lighted in the room to summer way , [PERSON] ?",joy
I guess one gets the face one deserves .,sadness
Thirteen dead in what appears to be a Nuke money massacre .,fear
Why didn't your operator look at the other indicators ?,surprise
"Well , like I said , right now , I've got a bigger problem .",sadness
Gim me a good reason why not .,anger
"I suppose like the fathead you are , you told Father all your little hopes and dreams ?",disgust
But they turned the lights down this time and didn't say this is a drill .,fear
You are dead inside .,disgust
Magic ?,surprise
"Cute , isn't she ?",joy
If anyone had told me this morning that I'd decide to go to [LOCATION] ...,surprise
A bomb ?,fear
"In my mind's eyes I see three circles joined in priceless , graceful harmony .",joy
"She was so fat , when she sat on a drugstore stool , she had a hangover .",disgust
I'm happy to say the old bladder's working .,joy
That's how it looks in my report unless you've got something to change it .,anger
"And [PERSON] , she won't help me to solve them .",anger
"Was a [N-WORD] , was a dinge , was a coon !",disgust
"Well , then I shall value it all the more .",joy
There's a shitload of that .,surprise
"You're really the tolerant type , [PERSON] !",surprise
I've been waiting days for that slow boat of yours to come in !,anger
"Don't worry , we'll celebrate .",joy
"You can just fucking die , you fuck .",disgust
It cheered me up infinitamente .,joy
You try to escape ...,fear
I am afraid of murder .,fear
You're caught below another man's gun !,fear
They've got [PERSON] .,fear
We whispered your names when we were kids ... scared to say them out loud .,fear
And he calls me an asshole !,disgust
You've gone out of your mind .,anger
And you were right there !,surprise
You don't think I can smell it ?,anger
But you can not do this !,anger
"There I was , face to face with [PERSON] .",surprise
"[PERSON] , you're so sweet .",joy
"Please , he'll crush them into wine , honey .",fear
I am the lie .,sadness
He disappeared a long time ago .,sadness
I don't care if we got it !,anger
I'll never see you again .,sadness
I can still smell her aroma .,sadness
"The ship's packed with Muslim pilgrims , which could present a hostage situation .",fear
Foo - foo is a good dog .,joy
Escort him out of the building .,disgust
All this talk's just wasting time .,anger
You think [PERSON]'s gonna buy that ?,fear
Don't raise your voice to me .,anger
"We bought a farmhouse , near [LOCATION] .",joy
What do we do in case of an accident ?,fear
I command it !,anger
He's afraid I'll tell the truth about my relationship with [PERSON] ...,fear
Now no political arguments .,anger
"Keep it down , you'll wake the munchkins !",fear
Or am I going mad ?,fear
Turns out my life hasn't been my own for the last years .,sadness
We owed a great deal of money and I had no job .,sadness
I'm afraid to let her try .,fear
The doctor said you shouldn't excite yourself .,fear
Goddamn it !,anger
I just hate to hear you blaspheme .,disgust
I just don't want to see anybody hurt .,sadness
"So , you're a lawyer now ?",surprise
"You guys are so sweet , you know that ?",joy
I'm all packed .,joy
He'll kill me if he has to .,fear
He's on every channel .,disgust
Stand by to torpedo !,anger
Yesterday they didn't even have a kid and now they have a seven - year - old .,surprise
Are we here at the mechanic ?,surprise
"Look , I'm trying to find a number of [PERSON] , in King's Cross .",anger
He'd been caught stealing rations . - I see .,surprise
She busted out in a Vegas faro game .,anger
"Well , there it is .",surprise
That is a menace .,anger
Is this stupid thing What you're most concerned about this morning ?,anger
This looks like a mind - fuck to me .,fear
"But that's another story , and a very unpleasant one , too .",sadness
He's starting to ... He's starting to ...,fear
Are you suggesting that I killed those women ?,fear
That must be good .,joy
Transmission's weak .,fear
"I love the boy , Neddie .",joy
Something is breeding there . Underneath the cemetery .,fear
It ... it's gonna be okay .,fear
Since you're sitting in the corner . You're usually a power table kind of girl .,surprise
Are you nuts ?,disgust
I'm sick and tired of this delay .,sadness
How romantic .,joy
I'm in the shithouse .,disgust
"The Feds are at the lake house , man .",anger
"Oh , it tastes bitter .",disgust
"I've got bad news for you , GJ .",sadness
The [PERSON] !,surprise
Except you'll look better in 'em .,joy
Nobody understands us .,sadness
I have a gift for you .,joy
You have no right .,anger
I had a terrific time but I'm going home .,joy
Ass cam . - What ?,surprise
"Make a move , jockey , and I'll splash you across the sheets .",anger
It's not going to go that far .,disgust
"These are strange times , my friend .",fear
I'm not fit to be a senator !,fear
The old girl's finally lost her virginity .,disgust
I can't stand it anymore .,sadness
You really want it that bad ?,surprise
"Don't fucking kill him , we've got business to sort out !",anger
What for ?,anger
Why should I take the chance that I lose it ?,surprise
You picked up that awful thing to show us your contempt .,disgust
"It's my mission , for six months ... Shut it !",anger
"Don't push me too far , [PERSON] .",anger
Pay attention to me .,anger
I thought you weren't a romantic .,surprise
She's an awful sweet little thing .,joy
I won't live long .,sadness
"You break in here , and you tell me you think [PERSON]'s a murderer .",disgust
The first little league in [LOCATION] with a dome .,joy
What sucker would buy the Chiefs ?,disgust
When did you know ?,surprise
I just meant he didn't care for me .,sadness
Please don't say that .,anger
Right now she has murder in her heart .,disgust
I'll use my magic to banish them !,anger
He's with them .,anger
She'd come to [LOCATION] to look for her child . I helped her as far as I could .,joy
"I always said you was the whitest [N-WORD] I ever knew , [PERSON] .",joy
"Well , you see , over here , you know , in the [LOCATION] , they have these big companies that send out these personnel directors to these colleges to sign up the bright students and their wives .",disgust
( laughter ) woman :,fear
I sit here and I can't believe that it happened .,surprise
"Without their guns , they're nothing at all .",disgust
I love my ass .,joy
People can be goddamn cruel .,disgust
"If you don't let go , I'll ...",disgust
"OK , let your network know they can expect a letter from my lawyers .",anger
It should come to life for every boy .,joy
"[PERSON] , they're going to kill you !",fear
Don't you get it ?,anger
You're killing me .,sadness
"Just put me through on the phone , [PERSON] . Goddamn it !",anger
"Hey , you're very light on your feet .",joy
That's not judge [PERSON] .,surprise
"Let's keep this a perfect memory ... and someday this bitter ache shall pass , my sweet .",sadness
Perfect camouflage .,joy
"Give me my clothes , please .",anger
I'm getting darned sick of the way she's acting .,anger
You're making no sense here .,anger
"I'll get a lock on my door and keep your ass out of here , [PERSON] .",anger
"Madame , if you don't think about food , what do you think about ?",surprise
"I love you , Cross .",joy
"When you listen to the evidence , ask yourselves ... Why [PERSON] ... The finest prosecutor of this county ...",sadness
"[PERSON] , what the fuck took you so long ?",anger
I know now that you're a man who employs business methods ... which in [LOCATION] would be punished by death .,disgust
You are defeated but you have no shame .,disgust
Where the hell do you think you're going ?,anger
We can relax now .,joy
"What do you mean , no ? You callin' me a liar ?",anger
I had it great .,joy
"You'll do your housework , eat chocolates , take care of the kid and you'll put on or pounds .",disgust
I did not permit you to come in here .,anger
You think the clowns took him up and hung him in the yard ?,disgust
I called him a liar .,anger
I'm so ashamed .,sadness
Things'll be different when [PERSON] gets back .,anger
Why didn't you take her home ?,surprise
I object .,anger
Oh .,surprise
"Very well . I understand , doctor .",sadness
You are an old man who will make trouble with his mouth .,disgust
You look real nice in that ribbon .,joy
Don't ever leave me .,fear
Wasting my occult talents !,anger
"I was getting lonely upstairs , all by myself .",sadness
You idle apathetic !,disgust
Why do You have to make everything so bloody difficult ?,anger
Give us the f. . .,anger
He got what he wanted .,surprise
"Takes a stool to find a stool , huh , Lieutenant ?",disgust
"You can not tolerate the faith in humanity , Because if you do , all this ... The structure of your very existence ,",sadness
"Well , I'm no loser .",anger
"Neighbors like each other , speak to each other , care if anybody lives or dies .",anger
You think so ?,surprise
You spoke for him .,surprise
We can't feed the Russian people on your intentions .,anger
"Weak , a go - alonger , no character !",disgust
You mustn't cry anymore .,sadness
He's a real choirboy .,sadness
"I'm also perfectly willing and able to cancel this entire production right now , and pay you off and write you off .",anger
"Yeah , he does a lot of that .",joy
Him !,disgust
"You're not driving , are you ?",fear
"You're just being used , you know .",sadness
"If he found out , he'd insist upon doing it himself if he had the money , which I doubt .",fear
"Well , it can't be helped now .",sadness
Her medicine !,surprise
That old bastard's killed more guys than the electric chair .,disgust
I don't care .,disgust
"If you ask me , this is the worst case of downright rudeness I've seen .",disgust
"I mean , this is the Supreme Court .",anger
I will . This isn't exactly comfortable for me . I know you wanted this job .,sadness
You can't hurt him like this .,anger
Ain't that the girl [PERSON] went lookin' for ?,surprise
Let the fire fall !,joy
"Oh , you're really a much better dancer .",joy
"Children , I have bad news for you .",sadness
"That chorus , they work really hard .",surprise
"No , I just ... I just need a second , okay ?",sadness
Why did you have to sit there listening to him ?,disgust
Get me out of here !,fear
You won't believe this .,surprise
They might take us for innocent bystanders .,fear
It's good to see home folks .,joy
I have risen to a difficult task .,fear
I told you I'd handle him .,anger
I remember once ... we put my mum's canary in the oven .,joy
You've finished the whole investigation ?,surprise
I wish they'd both go out .,anger
They must've wiped this place clean .,surprise
Have fun !,joy
"Then again , you never can tell .",surprise
Shittiest rink in the fuckin' league .,disgust
I thought that was you .,surprise
I guess I'm afraid you'll find me out .,sadness
"Thank you , Lord !",joy
I'll give her your message with my whole army .,anger
"[PERSON] , what's happenin' here ?",surprise
Don't pretend you don't know the reason .,anger
This is not behaving in a company way .,disgust
Now he was going to pry it open .,surprise
"As he waves to the crowd , you can hear the tremendous cheer !",joy
The fun is over .,sadness
These stalls are awfully dirty and they're backed up .,disgust
"Excuse me , but we've got a flight that's just about to leave .",fear
Think I'm a fool ?,anger
"What is this guy , nice or something ?",disgust
But he was not here yesterday .,joy
"I tell you , gentlemen , we have a problem on our hands .",fear
Here is one of the greatest attractions you'll ever see in your born days !,joy
You suggested I needed a representative on [PERSON] .,surprise
You did not bore me .,surprise
"Here's to us , top of the world .",joy
Get up ! They won't fuck with us in the water ! Come on !,disgust
And I don't care whether you go down with him or not .,anger
It's just not okay to be alone anymore .,sadness
I'd [PERSON] to have seen his face when he found his account frozen .,anger
It wouldn't have helped our case .,sadness
"It's kind of sad , though . All that money and nobody to enjoy it .",sadness
Captain ...,fear
"Sometimes , in the middle of the night , I sit up and wonder where I am .",surprise
From then on I was hopelessly lost .,sadness
"[PERSON] , we've discovered something the human race has been searching for since the beginning of time .",joy
You were told about the vortex ?,surprise
Why are you so good to us ?,surprise
Isn't this about professionalism ?,surprise
Hasn't got a halfpenny to his name .,disgust
It's lovely .,joy
The man who blows his own horn .,disgust
I'm pleased that we're having this closed executive session .,joy
Stop arguing !,anger
"Show yourself , come on !",fear
I'm going to puke,disgust
How beautiful they are,joy
How many times do I have to tell you ? You don't know what you're dealing with .,anger
I've never tried to kill myself successfully .,sadness
Stole my Tintoretto . and my [PERSON] . And it has taken all [PERSON]'s bronze [LOCATION] the Countess .,anger
"So warm , so smooth .",joy
"Damn , I thought she had better taste than that .",disgust
[LOCATION]'s been fatal to every commander who risked his fortune there .,fear
I only saw her when the family rented a farm in the summer .,sadness
I wish it were anybody's child but yours !,disgust
You're making me sick !,disgust
"Well , nobody asked you to .",anger
"Between the cousins and neighbors , there were kids , always causing trouble together .",anger
"You're doing just fine , honey .",joy
This is real nice .,joy
"Uh , I'm not remembering anything .",surprise
"What , somebody had a saxophone ?",surprise
"Our dog died last night , too .",sadness
That's wonderful .,joy
"Hey there , little buddy .",joy
I'm not trying to amuse you .,anger
"I do better with women , and they don't eat cigars ...",sadness
The town is perfectly all right .,joy
That is outrageous .,surprise
"She won't answer her helm , sir .",surprise
"Is this the time , or I am blind ?",surprise
"He calls back , and this time he's very frightened .",fear
This is a dreadful miscarriage .,sadness
My kids can stay with me for as long as they would like .,joy
"See , that didn't hurt .",joy
You're not that person anymore .,sadness
"Come on , I'm old enough to be your father .",anger
I didn't ask you .,anger
"A whale can stave in the ribs of the biggest ships , swallow whole crews , pick its teeth with the oars .",fear
We ain't never been friends .,anger
No one really ever accepted me .,sadness
It's hard to believe about [PERSON] .,surprise
This time it is you who does not understand . I know [PERSON] better than you do .,anger
You wait till you see what I do to him !,anger
Ten million's even better .,joy
"In the final analysis , all we're trying to do is create a happy world .",joy
She's fantastic .,joy
"Ever since the first day I laid eyes on you , I knew I had to be yours and yours alone .",joy
You're a rare specimen,surprise
The trouble with me ? I'm not very good at looking ahead .,sadness
Col. [PERSON] has reported the theft of a gold ring . A gold ring .,anger
We came outside giddy and reeling .,joy
You're gonna find out .,fear
The defence has an interesting point .,surprise
And I lied to the police about him .,joy
How much of that junk are we gonna bring up ?,disgust
"It is [PERSON] , the High Priest , who is filthy in his ways .",disgust
"If you wan na end this , let's end it now .",anger
"It's your decision , but if you make it you'll be no good to yourself or anybody else .",anger
You go to hell .,disgust
Lincoln just ain't the same no more .,sadness
He's touched .,joy
Has decided to demolish ...,sadness
"I haven't seen you around their office , though .",surprise
I think she's great .,joy
"Careful , brother .",fear
I don't want you to be angry with me for having predicted it . What ?,fear
And so I turned away my head and wept .,sadness
Very funny .,joy
You love him ?,surprise
Didn't you hear me ? I said go away !,anger
They're gonna keep him in that foster home !,sadness
I can't remember . - You can't remember ?,surprise
"Who the hell asked you anyways , huh ? - Shut up !",anger
"You protect a fruit stand , man , a shoeshine parlor , you know ?",surprise
I don't care what it costs !,anger
You're like another person .,sadness
Don't touch that television !,anger
"What's the use of getting excited , [PERSON] ?",sadness
Are they both mad ?,surprise
That is correct .,joy
I don't think I'll be able to join you fellows after all .,sadness
"Oh , my poor husband .",sadness
Mom said sleeping with you was like sleeping with a salad with bad dressing !,disgust
Wasn't that wonderful ?,joy
"For the first time in my life , I'm happy .",joy
"And the kid you're taking off ... you give him , .",surprise
How they handle all this and ride a horse at the same time is beyond me .,surprise
We have a wonderful electric sign :,joy
It's good publicity .,joy
Somebody must be in good humour .,joy
You don't care whether I live or die .,sadness
What a great dress .,joy
"You took money from me when I was playing , when I was winning .",anger
You'll go on without me .,sadness
I hope not .,fear
Tell them to open the door !,anger
"Well , for starters , you can give me an update .",anger
"Yeah , I knew it ! He said it's only a guess ! I still say it's p.M.S.",surprise
"But it's our necks you're risking now , and I say no .",fear
There's no bloody exits .,anger
I like your bat .,joy
That wheel is enough to drive anybody crazy .,anger
"The bus , the bus !",surprise
Leave us the hell alone !,anger
We've been through this !,anger
[PERSON] ' your life for that little fucker !,disgust
I get to never see my parents again or my loved ones .,sadness
In your world if The Neverending Story is fading no child will ever know about Junior .,sadness
That's perfect .,joy
"Shut your mouth , Brother [PERSON] .",anger
"No , listen .",anger
And I'll get a good price .,joy
"In other words , you don't know ?",surprise
"I can steal it , Mr. [PERSON] ?",disgust
Thank you for a lovely evening .,joy
"Then if you ain't my pa , I want my $ 200 !",anger
You can tell from here ?,surprise
"Good . Get up there , help [PERSON] with the pig get your car and you're out of here . Get ready .",anger
"Fine , except I'm scared to death .",fear
"Hey , bike's been sold .",joy
"Oh , is that what you told the general ?",surprise
What if they trace that call ?,fear
"Why are you crying , Mistress [PERSON] ?",sadness
"X-Ray , this is Bad Karma .",fear
We mustn't stop .,fear
I don't see why my son shouldn't be getting his own allowance .,anger
"Don't you want more cashews , Grandpa ?",joy
It was always you and me .,joy
I'm sorry they don't like me .,sadness
That was close .,surprise
You have to stay indoors to avoid them .,fear
They haven't even been touched !,surprise
I want my $ 200 !,anger
"Goddamn it , do something .",anger
I'm just as old as I look .,sadness
"All right , I will !",anger
"But really , was there any choice ?",sadness
You're a pal .,joy
"They know that if that power was , you know , delineated to the average person , we wouldn't need them anymore .",fear
Still love me ?,fear
Mark : There's a big wind coming !,surprise
"Aarfy , if anything happens to me , will you take care of my girl ?",fear
How big is this thing ?,surprise
We always done this before .,anger
A toast to where we girls was born :,joy
How did you know I was here ?,surprise
Fire the security department !,anger
What is it you want ?,anger
"With the transit trouble , I didn't expect to see you on time .",surprise
"What do you mean , you can't ?",anger
We haven't enough fuel to hold the keel down .,fear
Don't even think about it .,anger
"This has gone too far now , huh ?",fear
"We've had wonderful times , we three .",joy
Nobody goes no place here without I say so .,anger
Why don't you do your sorry ass a favor ?,disgust
Poor lamb .,sadness
"It's out of the question , Mr. [PERSON] .",anger
You make me feel uncomfortable .,fear
"Only two months ' treatment , and I'm a well man .",joy
"Remember when [PERSON] said when he was fighting sometimes , he'd fight so hard that he was thinking that he broke something inside ?",sadness
How'd they know you were on this train ?,surprise
"I screamed , but no one listened .",sadness
I've been to that scumbag town .,disgust
It's just as it should be .,joy
Can't make out her name tag .,anger
I've got to get out before he gets back !,fear
I'm the first to go .,anger
And that's why I don't wan na talk about it if I don't have to .,anger
"If you know where she is , I beg you to tell me now before it's too late .",fear
Do you think nobody can tell ?,sadness
Supposing I don't tell you ?,anger
"Oh , and that's as it should be .",joy
They screwed him up .,sadness
Too much so,sadness
That gal's got you all messed up .,disgust
We've to get out of here and get help !,fear
What's your school counsellor wan na see me for ?,surprise
This isn't going to be as easy to get out of .,fear
How can you afford it ?,surprise
Is it unfair ?,anger
"Calm down , chica . She only owes me more .",surprise
"Cross , man , it's gonna cost you .",anger
You can hardly expect the jury to believe that a woman in love doesn't attempt to meet her lover .,anger
I have no fucking idea why they towed it .,anger
lt was [PERSON] . - How do you - l tailed him .,surprise
I don't feel like sitting down .,sadness
"No , I'm sorry , Mr. [PERSON] .",sadness
I'm very fond of my wife and kid .,joy
The cobbler who fixed my shoes so beautifully yesterday .,joy
"Listen , I've always returned favors , haven't I , [PERSON] ?",sadness
I'm glad you joined us when you did .,joy
It was an avalanche .,fear
"Not very lucky , is he ?",surprise
It's hard . Just tell me what you need .,sadness
"Now come on , you've been drinking .",anger
"No , you don't know what it is .",anger
You've got to manage without the doctor .,fear
My return to consciousness was a plunge into a new level of pain .,sadness
"Ladies , it's OK with me .",joy
Say we'll be happier there than ever .,joy
He ain't used to livin' like this .,anger
"Er , you were arrested for being carried by a motor vehicle taken without consent , and resisting arrest .",disgust
"He was ill , but he has recovered .",joy
"It's great to see you , [PERSON] .",joy
You fucking double - crossing gringo pig bastard !,anger
"Sorry about the Chiefs , [PERSON] .",sadness
I told you not to come into the lobby .,anger
Every living being is capable of attack ... if sufficiently provoked .,anger
"Blow it , [PERSON] !",anger
I knew we'd be all right .,joy
Or are you lying ?,disgust
♪ Of people going by ♪,sadness
They were looking at me .,fear
JFK .,sadness
I had a grandpa . He was nice to me . He liked ties on Sundays .,joy
Why don't I do this right ?,sadness
"You get in trouble over there , and I'd have a hell of a time gettin' you out .",anger
"That's [PERSON] park , Mr. computer from downstairs . Some of the hardware is so outdated .",disgust
"Yeah , she was my girl .",sadness
"I warn you , if this case comes to trial , it will be before a French court .",fear
I'm delighted .,joy
Don't call me commander .,anger
They are the tears of Old [LOCATION] .,sadness
"I used to be popular , wasn't I , [PERSON] ?",sadness
You carry the stench of death like the plague .,disgust
What parade ?,surprise
And I'll see you in court in three weeks .,anger
Someone at [LOCATION] gave or sold highly secret research material to four competitive firms .,disgust
Damn glad to meet you .,joy
"What's happening , sir ?",fear
"Here's the , uh , camera , And the cassette recorder that you asked for . Thank you .",joy
"If you want to get into that cellar , you get in there now or forget it !",anger
"Well , that's easy .",joy
I wanted to save the ship .,sadness
"They laugh and kiss , then they scream and beat each other .",surprise
It's funny .,joy
How great can you kiss ?,surprise
Get a doctor at once !,fear
"Captain , I'm glad you're back .",joy
Best news I heard all year .,joy
That's incest !,disgust
But why do you bring this up now ?,surprise
Do you think it's an epidemic like the flu ?,fear
I'm not interested in your opinion .,anger
Look at [PERSON] go !,joy
"Well , she did sort of embrace it once she did .",joy
I'm playing with you .,joy
"He says that [LOCATION] will uphold it in every court ... but I will drag you through every court , don't forget that .",anger
We can't live with lies .,sadness
Good as money can buy .,joy
"Well , this is more like it .",joy
There's just this one hammer .,anger
"I'm sorry , ma'am , but you're needed in the Situation Room .",surprise
No ! A lovely ladies ' purse .,joy
Don't show it to me .,anger
"Hurry , hurry !",fear
"You hiding him , boy ?",surprise
"I'm drunker than you are , so it'll be a fair fight .",anger
We ain't had a chance to get this place too nice .,sadness
"How could you speak of love to me , say the things you did , and you about to be married .",sadness
Let go of my rifle .,anger
He tried to knife me .,fear
Silver snow falling on the ship .,joy
You meet somebody and you only got one night to really get to know them .,sadness
"Well , this misery in my back ... ain't so good .",sadness
He don't know the streets .,anger
My courage almost failed me at the thought of meeting Ajax .,fear
"Hey , put the phone down !",anger
Run before they chop you down .,fear
You have destroyed us .,fear
Is this the admiral's harem ?,disgust
It sometimes never goes away . How you talk .,sadness
l needed him alive !,fear
"Oh , shit !",fear
I'll kill you .,anger
You mustn't speak to Little Big Man like that .,anger
Ain't much you can do about us .,anger
"Say it , then , and get out !",anger
Hmm . - We're not underwater . Yeah .,surprise
What's your interest in this ?,anger
"This is really cool right here , huh ?",joy
"The people with the money in their hot little hands put her up there , and she could do no wrong .",sadness
The heavyweight champion is down !,surprise
What do you want the carpenter for ?,surprise
Your husband is harboring a killer .,disgust
"Have you thought for a moment about anybody else but yourself , and your obsession with letters of the alphabet arranged in a hyphenated name ?",anger
The bride on whom the rain doth fall .,joy
I thought it was all over .,surprise
"Don't even , no . Don't look at me !",disgust
There I disagree with you .,anger
"I find this hard to say without sounding condescending , but I'm proud of you .",surprise
I was only trying to be nice to make her feel good .,sadness
I live only for revenge .,anger
You humiliated him again .,disgust
"For the first time in my whole life , I know what I want to do .",joy
The island's ours ?,surprise
That's a terrible lot of money for a working woman to pay .,surprise
"[PERSON] , you fool !",disgust
It's superficial .,disgust
Excuse me .,anger
I should hate to interrupt my present work .,anger
"I am broke , desperate and very pissed .",anger
That's where we must attack .,anger
"Happier than we've ever been , yes .",joy
That's cutting 'em down to size !,anger
"Well , haven't you seen the paper ?",surprise
He's getting farther away every second .,sadness
It ain't safe to go that way ...,fear
I'll get you now !,fear
What about the big band I got to play ? Do you remember that ?,joy
He'll take orders all right .,anger
"[PERSON] , leave the room .",anger
We'll never meat again,sadness
I had the most frightening experience .,fear
"I'll see you later , okay ?",joy
Enjoy with me The pleasures here above,joy
"If I let go , I'll fall !",fear
Why did you shoot him ?,surprise
A whale can jump up like an earthquake and come down on you like a mountain that somehow put to sea .,fear
I don't feel like answering any more questions .,anger
"Of course it's been a great trial to your patience , Father ... but think of the burden that it's been to me .",sadness
Here's you all playing rooster with it !,surprise
There never was any love lost between us .,joy
"What is that , a threat ?",surprise
No time to argue .,anger
They're pretty hopeless .,sadness
What a waste of talent .,sadness
It must be smooth like velvet .,joy
"If I analyze military strategy , they say I'm planning a rebellion",anger
We're being attacked !,surprise
They're saying they're not responsible for what people put on their website .,anger
Most guys couldn't even handle you .,disgust
No . ls someone looking for me ?,surprise
I mean I can't swim .,fear
I was just calling because I'm having a game night .,surprise
Wouldn't they have done it anyway ?,surprise
"Very nice show , [PERSON] .",joy
Did you see what he did ?,surprise
And I'm warning you .,anger
I'm gonna kill them .,anger
Running up stairs keeps my legs slim .,joy
Hey Grandma !,joy
Go away .,anger
You want to play games ?,disgust
I told you not to count it .,anger
Stay where you are !,anger
"No , I'm serious .",anger
Time could not mar the perfect symmetry of those walls .,joy
He looks like a bronzed Apollo .,joy
Fuck him .,anger
"I say , what a jolly idea .",joy
He's killing me .,fear
"It was damn stupid of me , wasn't it ?",sadness
Nobody remembers number two .,sadness
Just get out .,anger
Oh yeah ? You wan na tell me why ?,anger
"I'm the wrong guy to say that to , huh ?",anger
Why aren't you helping [PERSON] with my surprise birthday party ?,surprise
What are the chances of finding that ?,surprise
She killed her husband same as if she shot him .,fear
"Help me , please ! - Get him off me !",fear
It forces me to beg as a beggar .,sadness
"You , who can keep neither your eyes nor your nose or your person where they belong !",disgust
"Oh , pardon me ... Your reverend and holy slime ball .",disgust
It's an investment ?,surprise
"If we do this , we're in trouble .",fear
You're out of your mind . - The prosecutor will explain everything when you see him .,anger
Don't be tricked by his devilish voice !,anger
Women don't belong in the dressing room !,disgust
I have to kill people to live .,sadness
You'll get killed just to give something away .,fear
"Oh , Mammy , this house won't seem the same without [PERSON] .",sadness
You bring him !,anger
She gave you that ?,surprise
"We are looters , we are not murderers .",anger
That's when they start to drift away .,sadness
"As medical officer , I protest to the way he's being treated .",anger
Don't you think it's funny ?,surprise
"Tonight ? No , no . No feathers .",surprise
"I went off because I gained like six pounds ,",sadness
"I'm a three - time loser , [PERSON] .",sadness
"Here , here , here . Oh - la - la .",joy
Altitude ? - Altitude . You want some altitude ?,anger
Something too frightful to utter .,fear
He's going to get us into trouble .,fear
It looks ridiculous with that coat he's got on .,disgust
"For if I'm not physician , how is it I know that you're a dying man ?",anger
"We don't want advantages , and we don't want prejudices .",anger
Nothing but talk .,disgust
Havin' the best and wearing ' the best .,joy
"Don't ever try to come in between , you smart - eyed slob .",disgust
"Just when I think you're dead , you always come back .",surprise
I guess there's this part of me that hopes he doesn't even make it ...,fear
Why you raising ' up a lady's hopes like that ?,anger
Fuck 'em .,anger
Is this a beautiful castle ?,joy
We got nothing to talk about .,anger
No such luck .,sadness
She doesn't know .,sadness
And I can't get started .,anger
And denied .,sadness
I've had the flu .,sadness
You big baby .,disgust
"That's done it , he's gone .",anger
"But you had to wait till now , now when [PERSON]'s dying ... to show me that I could never mean any more to you ... than this Watling woman does to [PERSON] .",sadness
"Sorry , pal .",sadness
But he didn't give a shit .,anger
It wasn't because there weren't women that stirred my blood .,joy
"[PERSON] , do you know what you're saying ?",surprise
"After you've moved into your permanent home , you'll enjoy mechanised servants .",joy
"It has been such a tremendous excitement for me , this visit .",joy
"My sort of coming of age , which was hard ...",sadness
The circuit is overloaded . It's your bloody exercise machine . It's not my stair stepper .,anger
Leave it !,anger
Did the Lord say : His Pa is a sinner and not meant to be happy ?  - No .,anger
Good morning .,joy
And if you don't understand plain English ... maybe there's something else you will understand .,disgust
There's nothing we can do about it .,fear
I was lucky enough to be a guest .,joy
"Look , a fist !",surprise
Simply no use trying .,sadness
"Well , I still want him for that train robbery up at [LOCATION] .",disgust
"If it were our plane , it'd be crashing .",anger
"Then , you have to go .",sadness
And I want [PERSON] and [PERSON] ... dead !,anger
"Even in one of yours , I would have thrown this glass at him .",anger
He polluted their guts with language that shouldn't be inside of no man !,disgust
"Too little , too late .",sadness
And what does he want ?,anger
No doubt the fellow is an impostor .,disgust
"People out there are looting the streets , robbing off hard earners , hard grafters .",disgust
You can't drive and shoot .,anger
"You know , you're expecting too much from that formula of B - 4 , Mr Oxly .",anger
I'm leaving .,sadness
Tell everybody what I think about them ?,fear
"Wait , and you never went to the cops after all these years .",surprise
"Right , because it's a long shot . You could never love me back .",sadness
I wan na know whose idea it was to have children .,disgust
This presumptuous little flirtation is over .,disgust
I must have been crazy .,surprise
It affects her every day .,sadness
"Well ... L - l - listen ! Don't say anything to [PERSON] about this , all right ?",fear
You bet !,joy
"You fooled this young whippersnapper , but you didn't fool nobody else !",disgust
What about him ?,surprise
You'll see what man's carved out for himself after centuries of fighting for something better than jungle law .,joy
They murder everything that moves .,fear
Here's to bigger and better dopes .,joy
Here are the keys !,surprise
You look fabulous .,joy
"Come on , it'll do your heart good .",joy
I don't dance well .,sadness
"If that's all what we all thinking , why isn't someone just come right out and say it ?",surprise
No more questions .,anger
That's a foolish article of yours .,disgust
I want you to know that I hate your fucking guts .,disgust
"The things are walking fast , my friend . Perhaps fast too much .",surprise
Wipe that fucking smile off your face !,disgust
It's very good .,joy
"Come on , damn it !",anger
The Voice played a role in [LOCATION] [LOCATION]'s journalism that was unequaled .,joy
My vampire's in convulsions .,fear
"She was the beautiful [PERSON] , you know .",joy
"Not so bad , but there's dirty weather ahead .",fear
You're comfortable .,joy
He tried to limit the scope of the fingerprint search to exclude his own .,surprise
"Woman , go on about your business .",disgust
Sweetest little guy .,joy
Those two lovebirds next door driving you nuts ?,disgust
She must've struck something .,joy
Headless corpses .,disgust
That's why it's a good idea to get boys out of the crowded cities for a couple of months of the year .,joy
So we might as well have a good time .,joy
"Oh , it's a sad day for all of us .",sadness
"Okay ? What ? bucks , that was really good .",joy
Must have been watching out that window for hours .,surprise
You've got to be realistic .,anger
"Madam President , people will die .",fear
I didn't even recognize her .,surprise
My own husband was killed in this last war .,sadness
You couldn't have timed it better .,joy
"About [LOCATION] , I don't think this is really the best time .",sadness
I hate this whole thing .,anger
"Can't be done , not with this equipment .",sadness
I want my passport back .,anger
There's no reason for me to be here .,sadness
I know you like the way I feel .,joy
Fantasia will be forgotten .,sadness
I am through being a go - between for you and your dream girl .,anger
I won't let it happen .,anger
I've had a very trying evening .,sadness
This dying sticks in my mind and makes me poor company .,sadness
"He's a thief , he stole something from me !",anger
OK . All right . You win .,anger
"Have they moved the embassy , or are you hijacking me ?",anger
I think that about covers it for now .,joy
Don't think my Pa was a pervert then .,anger
I was dreadful .,sadness
We've really got ta make tracks or we're dead ! C'mon !,fear
You're a killer !,disgust
"After all , I had caused the girl considerable discomfort .",sadness
This truck was coming right at me .,anger
"A few years ago , you was a truck driver .",surprise
Could you guys shut up in there ?,anger
By what right do you question me ?,anger
How'd you like to have [PERSON] for a mother ? Or [PERSON] ?,joy
... Primitive,disgust
"[PERSON] , what's the most recent communication we've received ?",fear
Isn't that extraordinary ?,joy
But I'm not sure anything else makes sense right now .,fear
I wish I were free tonight .,sadness
Look at that shit .,disgust
Bastard .,anger
"Anyways , no good no more , Kid .",sadness
"Stay away from her , you wife beater !",disgust
Let's change the subject .,anger
One man muzzling a whole state ?,surprise
"Well , Dad , here's a hint .",anger
"Don't leave me here , please !",fear
You still workin' on that deal ?,surprise
Just after she stopped seeing me .,sadness
When a man like Senator [PERSON] gets up and swears that I've been robbing kids of nickels and dimes .,fear
I hate when you do that .,anger
His plane could be late !,fear
How did you find that out ?,surprise
"It's as if ordinary human beings , living ordinary lives , had suddenly vanished from the [LOCATION] , and the world was suddenly full of butterflies shaped like people .",surprise
I'm so afraid for you .,fear
All I ever do is try to please you,sadness
Well done !,joy
That's when mine broke up .,sadness
"If they track you down , it wouldn't be our doing .",fear
Press down on her !,anger
♪ The colors of the rainbow ♪,joy
Mistakes can always be corrected,joy
[PERSON] never seemed worried about anything like that .,surprise
"Cody , wait !",fear
"Where'd you get this , exactly ?",surprise
My brothers . sister . and I been moving from town to town Looking for a place to call home .,sadness
He must keep you on overtime .,fear
I was smart .,joy
And you believe that ?,surprise
I'm a sick man .,sadness
"Now , that's original .",surprise
"I don't need marked cards to beat you , pal .",anger
"No , I would ... I would remember something like that .",sadness
We all got ta be careful .,fear
Don't leave me now .,fear
You can't sit . Not till you pay the fare .,anger
While you try to steal my money the union accepts an offer from [PERSON] .,anger
An enemy had saved my life by the violent murder of one of my best friends .,fear
"You must go , go at once , before [PERSON] catches you here .",fear
What were they counting on ?,surprise
I'm such a pain in the ass these days I deserve myself .,disgust
As if he'd taken a thousand - pound load off his back .,joy
Get in .,disgust
Move it !,anger
I am going to throw up .,disgust
What's all the celebrating ?,surprise
It pretends this man is in danger when no one cares about him one bit .,anger
"Get out of the god damn hallway , [PERSON] .",anger
The first person who's nice to us is another out - of - towner .,surprise
Acid ?,surprise
I'd rather be dead .,sadness
What makes you think there's something the matter with her ?,surprise
That night I got a grip on life again .,joy
It's very pretty .,joy
"Two years an apprentice , and still the nails go in crooked .",anger
"Yeah , she seemed to have a pretty good time .",joy
The best ! - Mr. [PERSON] !,surprise
Do Russians never think about life ?,surprise
It is probable that the last dose is fatal .,sadness
It's nice to have somebody to say goodbye to .,joy
How did you know my name ?,surprise
And her blood is a deadly venom .,fear
Please ...,fear
A made - to - order paradise .,joy
And without actual damages ...,joy
"Fuck you , [PERSON] .",anger
"Now , that ... that would be unexpected .",surprise
We've got to get out of here .,fear
You're a fine shot .,joy
He's cutting our throat .,fear
"Personally , I think it makes a very lovely transmutation .",joy
I hate this frigging place .,anger
Fine mess you got me into .,anger
It's all that ghost's fault,anger
"Miss [PERSON] , listen .",anger
Here's a great one .,joy
He'll never leave [LOCATION] . Then let him stay .,anger
"They don't know he's here , do they ?",surprise
"There's your answer , professor .",anger
It's like being in jail .,disgust
"I ain't giving you shit . I said I'd play you even , I play you even .",anger
"You touch her , and the Food and Drug Administration gets you for fuckin' food .",disgust
"This guy's a phony , [PERSON] .",disgust
Cam ?,surprise
Acknowledging defeat is never easy .,sadness
We are all of us caught up in the suspense of this horror fiction .,fear
Sounds great . I don't think she's taking us that seriously .,joy
This is a private conversation .,anger
"[PERSON] , can you hear me ?",fear
That will be the toughest part .,sadness
Got all the time in the world .,joy
Does that sign say BQE ?,joy
Bridge ...,anger
Uh ... we're just gonna do nothing ?,surprise
Are you so sure that [PERSON] will attack ?,surprise
You've put us all in danger for your love of this woman .,anger
I've just heard a startling piece of news .,fear
He's no use to no one !,anger
"Now , you may kill me , but if you don't come to your senses and throw it down , they're gonna kill you .",fear
Food goes down easier .,joy
But the water was dangerously low ?,fear
I'm tired of being pawed .,anger
Are you confessing to this ?,anger
Cops !,surprise
You're saying that someone made it look as if it had been forced from the outside ?,surprise
He looked nice .,joy
What ? [PERSON] has an exemplary record with the bureau .,anger
It's a major breakthrough that will no doubt make motorists happy .,joy
And he waded in there with a lead pipe and he saved your ass and now you're going to deny him over his dead body ?,anger
"I'll ask the questions , you just nod or shake your head .",anger
It was nobody's fault but my own .,sadness
No way [PERSON] is going to talk me into cutting celery again .,anger
"Mind keeping that door closed , please ?",anger
More fun and games ?,anger
"You are from the warship that attacked me , are you not ?",anger
"Go to your girlfriend's or a hotel , but don't come home .",disgust
Them Italians came one time and stole half the store .,disgust
"[PERSON] , I'm not an idiot and I don't appreciate being treated like one .",anger
An event which doubles the pleasure I take in wishing you and them a most happy and prosperous New Year .,joy
A map's no good in the outback !,anger
But in fact the level was dangerously low .,fear
Twenty minutes in rush hour isn't slight . Not when you're mayor of a major city !,joy
You been busy with these dickheads .,anger
But I want to be alone .,sadness
"This , you would buy at a store and take it to a party if you wanted to get big laughs .",joy
"Nobody knows what goes on inside a police car , right , [PERSON] ?",disgust
My son's missing since last night .,fear
And you shouldn't neglect your gums .,surprise
You mean you don't love him anymore ?,sadness
"Presumably you haven't done much betting , since you've only been wrong once in your life . Twice .",anger
Mr. [PERSON] ... I'm in pain . I'm full of sedatives .,fear
What do you know about this ?,anger
Grab this oar .,anger
You know this guy ? - Yeah .,surprise
You are ?,surprise
I haven't seen you for a week .,surprise
"No , you're fucking lying .",anger
Are we killers now ?,surprise
I didn't know anybody was going to be killed .,fear
"Elder , if you have something to say , just say it",anger
Get out of my way !,anger
"[PERSON] , you're asking me to make a total commitment of men and money on the basis of a hunch .",fear
You do look pale .,sadness
The same all grind week after week . And so much stress .,sadness
"( sobs ) - daddy . - Yeah , bud ?",sadness
Somebody moved it .,anger
Do not be foolish !,anger
She's nothing but a common mobile vulgaris .,disgust
My father tried to help her .,sadness
You know this guy !,anger
We're on vacation .,joy
I need to talk to her .,anger
"No , stop it .",anger
I don't see any native girls hungry for affection .,surprise
None of our business .,anger
"Where's the chief , ? Do not get smart with me !",anger
You don't care about me .,sadness
"Are you crazy , [PERSON] ?",surprise
Can you imagine that guy ?,surprise
I hope you know that .,joy
I think an apology ...,sadness
"It can look like [PERSON]'s knickers for all I care , just as long as I get off this stinking boat !",disgust
Don't look so depressed .,sadness
"But , I , after spending years I found not a shred of evidence that we have alien visitors in our skies .",disgust
You told [PERSON] ?,anger
I want you to know how sorry I am I had to put you through this .,sadness
Did you do it ?,surprise
"Get outta here , you goddamn parasite .",disgust
"Like I said , good for you . But you're not going to do it with me .",anger
I thought it was the old man's,surprise
I have improved it .,joy
He didn't come to the man who trusted him and ask for help .,sadness
Somebody told me they thought he'd killed a man once .,fear
"Fine . Actually , perfect .",anger
I was free .,joy
I don't know what it is,surprise
You can't kill him .,sadness
I'm impressed .,surprise
"But you were never there for me , Dad .",sadness
Beautiful morning .,joy
♪ Happy blessings to you God blessings to you ♪,joy
Some people never learn .,anger
And you know how vain women are .,disgust
I got what you gave me but I can't follow the instructions .,sadness
Another keen son of a bitch .,disgust
I thought you were dead . I thought I was on my own . You come prancing in here with your fancy I.D.,anger
"She wears the pants alright , but somehow she always strips her gears .",surprise
You have to see me !,joy
"Who you trying to kid , sister ?",anger
Another $ ? - That was from way before .,fear
He got run over by a car .,sadness
"It would adore . [PERSON] , [PERSON] , come to my office a moment .",joy
"As I said , sir it all depends how far we're willing to go .",anger
"Hey , is that [PERSON] ?",surprise
"OK , fine . Then --",surprise
I'm going home with him instead .,joy
You didn't come to my wedding .,sadness
"He's a bit soft that Inspector , isn't he ?",surprise
This is great .,joy
I admit I was nervous .,fear
I'm sorry that I could not divulge the truth to you of all men .,sadness
What are you doing in here ?,surprise
"You're probably wondering what I'm doing here in this box. ,",surprise
Who says ?,disgust
"Leader , party just got bigger .",surprise
"And in a fit of anger , I told her that our being together , our rekindled romance , was a big mistake .",sadness
It's impossible to make a real dent . But it is possible to hurt individual assholes who fuck it up for everyone .,anger
[PERSON] would get a shot every half hour so he could die without pain .,sadness
I've never before known anyone who was really brave .,sadness
I wouldn't be stupid enough to bring it home .,anger
Backpage refused to cooperate with the subcommittee's investigation .,anger
We're home free .,sadness
Nice tree .,joy
"Yeah , that's it .",joy
"You're fucking stabbing me in the back , man .",disgust
The asshole's got files on me .,disgust
I wouldn't want him to think I'm not sympathetic .,sadness
You look really good .,joy
"Bury them for 24 , hours , give me time !",anger
But the man I'm in love with doesn't .,sadness
What difference does it make whether I'm enjoying myself or not ?,disgust
I can hardly ever remember the audience being so excited .,joy
A lot of the gauges over the engineer's ... panel are broken .,fear
It feels wonderful !,joy
Just look at me . I can't get through that jungle .,fear
"Good for you , [PERSON] .",joy
"Do you know , for a second you had me worried ?",fear
What a divine place .,joy
Get back in ranks !,anger
I don't want to get shot .,fear
I'm scared .,fear
"[PERSON] , sic him !",fear
I've a great program to try out .,joy
Mommy ...,sadness
I have a condo with a pool .,joy
You've no right to think what you do about me .,anger
They saw everything .,fear
I never had the chance to apologize to her .,sadness
We don't like him .,anger
What are you jerking me around for ?,anger
You wrote me letters ?,surprise
"Is it , perhaps , that this cause is too hopeless ?",fear
I need them yesterday .,anger
"End of the line , asshole .",anger
I'm sentimental about old people .,sadness
And he who spies and flies away lives to spy another day .,surprise
Move in time to the music once in a while !,anger
School's gonna be a problem for the kids .,fear
"Nice day , huh ?",joy
"I lost my head for a moment , but I couldn't help it .",sadness
He can raise public opinion against us .,fear
Where exactly do you live ? Nowhere .,anger
That was a good one .,joy
"I can't believe this is you , [PERSON] .",surprise
"It looks lovely to me , [PERSON] .",joy
You think I'm gonna team up with some [GAY SLUR] stool - pigeon .,disgust
You must get lonely .,sadness
"Um , really good to see you , ma'am .",fear
There are men in the house with guns .,fear
I know I'm being disrespectful to this honourable body ...,sadness
Go and say sorry to him . ',anger
I'll die if they send me to prison .,fear
I wish I could believe that .,sadness
"Smoke , fire , oppressive heat , as Colombian and Jamaican drug fiends again transform [LOCATION] into a slaughterhouse .",disgust
Right now !,anger
"You got to kill him , [PERSON] , now !",anger
"I've been dancing my ass off , my feet are killing me , these shoes are too small .",anger
Act your age !,disgust
You look so pretty .,joy
"Since he found out we're behind it , he's been running us ragged .",fear
Clear ?,anger
"Cam , stop !",fear
A lot of you incumbents will be in danger of losing your seats .,anger
"This is very kind of you , Mr. [PERSON] .",joy
He acted strange .,surprise
"Yeah , um , are we starting the interview now ?",fear
Wasn't it hard to ... To live with yourself After completely wimping out,sadness
Then they'll kill him .,fear
I feel like such a fool .,sadness
I think [PERSON] was kind of cute .,joy
I'm sure you'll be glad to know that law and order has come to [LOCATION] .,joy
Outstanding .,surprise
"No , please , no !",surprise
"Well , I didn't have the money .",sadness
"How did you not disclose this , [PERSON] ?",anger
Stay there and don't move !,anger
I left orders not to be disturbed here .,anger
He took her out buggy - riding in the late afternoon without a chaperon ... and then he refused to marry her !,anger
That's just wonderful !,joy
That's incredible .,surprise
"I have asked you here to meet the woman selected to represent the most discriminating publication in the world , Quality .",disgust
"[PERSON] , they just caught this guy .",surprise
Don't be sneaking up on me like that .,anger
"[PERSON] , I don't think it'd be so bad if I taught him how to throw a few ...",anger
I don't need entertaining .,anger
They'd never approve of that being released .,fear
You're getting out .,surprise
Who dares to ....,anger
I get seasick . I absolutely hate boats .,disgust
"But , of course , she's lying .",disgust
Death comes closer for us all .,fear
She seems nice .,joy
Just in case .,fear
At least you'll find English hospitality better than they found Spanish .,joy
"Maybe if I stuck him in a giant anthill , that would loosen his tongue and then ...",anger
"You can't hide a corpse , [PERSON] .",anger
You've got a gun .,surprise
You British insult easy . Can't catch one of these cruds passing up a buck .,anger
We are so proud of you . Do you get a discount ?,joy
"She's hysterical , beating ...",fear
I will not be held accountable to [PERSON] for my actions ... or for those of my people .,anger
We've made a mistake .,fear
You better carry that around with you all the time .,anger
He goes to dance his joy .,joy
Shoot him !,anger
How do you know I won't trick you and turn you in to the hands of the police ?,anger
Wiggle your ear . Wiggle your toes . Come on .,joy
Look out !,fear
"The boy has loads of charm , Father .",joy
I intend to make a full report of your activities in this camp .,disgust
Just kiss my ass from now on .,anger
"I'm telling you , sir , you've got to put a stop to him now .",fear
Too much time !,fear
I hated to do anything that might get you into trouble .,sadness
"That's the fairest drink of whiskey you'll ever throw lip over , boy .",joy
"You sleep in till noon , then you watch [LOCATION] and Bullwinkle .",disgust
Is it for this that you hold me back from a raid on [LOCATION] ?,surprise
Are you saying you're insane ? Is that your defense ? - Plus she took a lot of prescription medicine .,anger
That's not music .,disgust
I never imagined what was a work for woman .,surprise
"We are going to explode ! All right . [PERSON] , .",fear
I thought we were friends .,sadness
I don't understand . You're already married .,surprise
He kept expecting a bolt of lightning to come out of of the sky and strike him dead .,fear
"I find myself quite interesting , really .",joy
How did you pull that ? What do you got ...,surprise
I don't want any locked doors between me and him .,sadness
Maybe a little noisier .,disgust
That could take years ... cost millions of lives .,fear
"Hey , girls ! Hey , baby .",surprise
I ain't gonna be a nobody .,anger
Isn't that what's wrong with the world today ?,sadness
I miss the time when I had you to myself every day .,sadness
Don't call me .,anger
"That it's , uh , you know ...",disgust
I left my home simply because I had to leave .,sadness
"I dig and dig , and the hole gets no bigger .",sadness
Did I ...,fear
Fuck .,anger
"[PERSON] , make them pipe down .",anger
Christ .,anger
I do just tell in my mind .,anger
If things don't work out ...,fear
She's dying .,sadness
What are you doing with my uncle's briefcase ?,surprise
"[PERSON] , the baby ?",surprise
Whether we live or die may depend on what happens here .,fear
I don't care about [PERSON] !,anger
Please come . Please come .,sadness
Don't touch me unless you love me .,disgust
"You are quite right , and I do not have the right , but I do love [PERSON] .",sadness
There was the explosion in [LOCATION] .,fear
So that's where the old raunch kept his stash !,surprise
"Dude , there's not any chance of my becoming involved in this , is there ?",fear
"I'm glad you came down , [PERSON] .",joy
I didn't want him to find me .,sadness
"[PERSON] , you look very handsome in a tuxedo .",joy
I don't know why he gets so worked up over unimportant things .,anger
I can't stand to see him hurt .,sadness
"I shall dance , and you'll be with me .",joy
I hope that's not what I'm hearing .,fear
I can't keep him . He's getting farther away .,sadness
"Because you talked me into this , that's why , you idiot !",disgust
You can not rent a prince .,anger
"For heaven's sake , stay there !",anger
Why did you change words in the middle of the sentence ?,surprise
I'm not going to say Omega's the best house on campus ... but a lot of outstanding guys figure they'll pledge Omega or won't pledge at all .,joy
Are you drunk ?,disgust
So that's what you came to see me about ?,surprise
Be a good fellow and get out now .,anger
What are you gonna do if one of them catches you ?,fear
It is nothing like we figured out .,surprise
"You too , buster , no sense in us all goin' noble .",anger
He gave me some work to do and he left .,surprise
Silence !,disgust
Everything else stops ...,fear
Just look at this crowd .,disgust
Christ knows . Sounds like a war in there .,fear
"[PERSON] , don't .",anger
It's too risky .,fear
I always said I'd leave off when the time came .,sadness
All my failings were preparations for meeting you .,sadness
I'm not certain there's a limit to what she'll do .,fear
"Oh , and he's handsome too , no doubt .",joy
"That's why you have to have faith . If it made sense , it wouldn't have to be a religion , would it ?",joy
How's it going ?,joy
There's going to be an awful lot of red faces if this policeman does his duty .,disgust
"Oh , my God , we're being kidnapped .",fear
"Everyone else , rock 'n' roll .",joy
You can't charge me for directions .,anger
"I want you to be on fucking guard , man .",fear
You look so cool !,joy
I'm sorry to hear that .,sadness
I would not like to have my mother with me .,anger
He died a week ago .,sadness
A very enthusiastic pupil !,joy
You'll stay here without food or water until you talk .,anger
I tried to make it easier for you .,sadness
"They cast me in a prison , and when they failed ...",fear
Bomb !,fear
What's the matter with you ? What happened ?,surprise
A really distinguished family ...,sadness
Another dead end .,fear
So there really is someone named [PERSON] -[PERSON] !,surprise
No . [PERSON] is definitely not ' with me  ' .,disgust
"You know , I'm getting damn tired of your misplaced admiration .",disgust
She's never cared for me .,sadness
"No , I don't guess it is .",surprise
How do I undo the spell ?,fear
Which I will never understand .,disgust
Please I don't want anyone to be bad to my wife .,fear
"This is a house of ill fame , and I'm a fallen flower .",sadness
And then they'll kill us !,fear
I want them to pay for it .,anger
The government's got enough on its hands already without ...,disgust
You think I'm beautiful ?,joy
"Mommy , I saw a ghost .",fear
I view with alarm the influence over you of this Bolshevik lady .,fear
You're crazy .,surprise
You're fun drunk .,joy
"I'm afraid we must go , dear .",sadness
When was the last time you saw her ?,sadness
And your love .,joy
I know a good bar here .,joy
"If you ever had a sense of humor . When you finish testifying ,",anger
Splendid .,joy
Don't bother .,anger
"It's a bit humiliating , always borrowing [PERSON]'s place .",sadness
I shoulda listened to you .,sadness
What brings you back so early ?,surprise
Is that true ?,surprise
"Well , really , you must do something about that memory of yours .",anger
You scare the hell out of me too .,fear
That is a very deep cut .,fear
We missed ya !,joy
I absolutely do not wan na hear about it .,anger
Do you like that one ? - Yeah .,joy
What I wonder is if you were wearing this when you were banging [PERSON] .,disgust
"Look , look , this would be the greatest discovery in the history of science .",surprise
"Take your hands off there , you old fool .",disgust
You never used to drink it straight like that .,surprise
Why are you so angry ?,anger
I can see panicked citizens taking to the streets if this gets out .,fear
Close the hatch !,anger
I'm out of my mind ?,sadness
"Please , one at a time .",anger
Incredible .,surprise
I'm gonna play games on your fucking head .,joy
Break every mirror in the palace .,anger
I'm gonna be sick .,disgust
"College degree , lovable personality ... and I spend most of my time in prison .",sadness
"The military has been mobilized , but the violence is so widespread that it is impossible for the rescue services to respond .",sadness
That's very sweet of you .,joy
I'm in love !,joy
"Well , it was nice , wasn't it ?",joy
Bastards .,anger
"In the last century , the islanders were starving .",sadness
"[PERSON] , do you know what you did ?",disgust
Come on . I got a schedule to keep .,anger
You have any idea what you're doing to that poor woman ?,anger
By the way ...,fear
"I heard some shooting , Sheriff .",fear
You're a pussy .,disgust
I fed it and put it on .,joy
"My prince , did I hear you right ?",surprise
They put all this nonsense into his brain .,anger
He had to go back to work .,sadness
"Maybe you can talk this over later in private , maybe .",fear
"God , that's beautiful .",joy
"What should we do , moron ?",disgust
His blood ?,fear
Teddy never made it .,sadness
He missed the turn .,anger
Lightning can kill you .,fear
There's plenty of Nuke to go around .,fear
You talk treason and death .,disgust
By having all the secrecy and refusing to set up any kind of diplomatic protocols as I know that you have called for and I believe in very strongly .,sadness
Did I do something wrong ?,fear
Mishnev is still dead .,sadness
I only hate you and despise you .,disgust
I'll be late for the first bell !,fear
"And as for taxes , how many millions have you in tax - exempt bonds and oil wells , whose power of production your government so generously protects , while it denies similar benefits to the human brain ?",disgust
"The general is a traitor , you know that .",disgust
Apparently there's been a bomb and some shooting in the street .,fear
"Oh , o dear ...",fear
I'm rich enough .,anger
"We're professionals , just like you .",fear
Had to do all this myself ...,anger
"Well , guess what , mother , I did it to get away from you .",disgust
"When he held me , it wasn't the way a father should hold a daughter .",sadness
He's nice .,joy
You got ta get them bones growing .,fear
"It made a thief of [PERSON] , a pig out of [PERSON] and a fool of you .",disgust
There was a group that helped criminals get guns so they could shoot citizens .,disgust
Then the [PERSON] and everybody in it could be destroyed .,fear
"No , we're not done but you are .",anger
"Now I know exactly what you think of me , and why .",disgust
"I know this is a battle we can't win , and all I ask is that you spare him , he's a good kid .",fear
"$ million , man .",joy
Do we give the impression of people who are pressed for money ?,anger
So do not listen to anything,anger
This is quite a pleasant surprise .,surprise
You must have one idea for the good of the country .,disgust
"Isn't it possible that some sort of external intelligence , some discarnate entity , has crossed into our plane of existence ?",fear
"Which is fine , because you really never could have had me anyway .",joy
"If one of them followed you , there's got to be more of them around .",fear
It's a miracle man .,joy
That's a bunch of bullshit .,disgust
Your brother taught you to kiss ?,surprise
You are so infuriating .,anger
"Mr [PERSON] , you've really chapped my ass and I've had just about enough .",disgust
I do not want unnecessary scandal . You have not to preoccupy yourself with that .,fear
I was really good .,joy
"It's over , [PERSON] .",sadness
Andromeda is very beautiful .,joy
"I was told : , and it's already been an hour .",anger
Only whores smoke in public .,disgust
I was taking out on her what I should have been giving you !,disgust
They can't keep the department out of it .,anger
I'm surprised you didn't buy more than one dress yesterday .,surprise
It's going to be a long night .,sadness
"What precinct , sir ?",surprise
I just thought I'd drop by and cheer you up a bit .,joy
"Boiled down for his oils , lads , There'd be free grog for all hands ! If we could swallow it on top of his ...",joy
Why didn't you ask me ?,surprise
I will show you freaky ...,disgust
"Don't mind my saying so , but why don't you do something about your hair ?",disgust
"Oh , what are you doing here ?",surprise
"Isabel , you look very lovely tonight .",surprise
"I love tits as much as any guy ... . . but why would I pay some hag money for some supernatural chicanery ... . . coupled with sagging , wrinkled boobs ?",disgust
"Find the most tender and vulnerable , to destroy his heart .",anger
I don't like my boys getting hurt permanently .,sadness
There's a big hole in the flight deck .,fear
You ought to be shown up .,anger
He bought it the day following his appointment to the Senate and is using his privileged office for his own personal profit !,disgust
Kind of reckless of you .,disgust
"Yeah , yeah , I got the horse all picked out to buy the ... we actually reached this turn in the road .",anger
"If you would've had four fours , you would've won .",sadness
Your boy is sicker than we know .,fear
"Mr. [PERSON] , you're playing with fire .",fear
Tell me what ?,surprise
"Not like this . I mean , fuck him .",anger
He was in terrific condition .,joy
Where the hell are they ?,anger
I've told you that a dozen times .,anger
"I'm so sorry , grandma . No one wanted to tell you , but you're dying .",sadness
"Oh , I'm awfully sorry , everybody .",sadness
I'm so glad we could talk .,joy
"Wait , I forgot to lock the front door !",fear
Nobody leaves unless I say so .,anger
"Oh , come on . Do me the honor .",anger
Is that what they taught you at Yale Law School ?,disgust
"That is disgusting , mean gene !",disgust
"The thing is , [PERSON] , we lost a little time .",fear
"Look , there's something weird going on here , and I can't quite follow it .",fear
Used to go out on double dates together .,joy
"Go back to the perimeter , you pinhead .",anger
"Come off a rumble , we'd beat the shit out of a gang .",anger
Who do you think it is ?,surprise
"No . No , [PERSON] .",sadness
I got a run of three .,joy
Isn't that a dog up there ?,surprise
I didn't even have time to wash my hair today .,sadness
Did you see the Giants ?,surprise
"If ever a funeral laid an egg , that one did .",disgust
"That thing's not for real , is it ?",fear
You are just one too many !,anger
"He refuses an offer to merge with the New York Trust , the only thing that'll put this bank on safe ground .",anger
"Honey , I haven't had a chance to really talk to her ...",sadness
You're going to set this whole place on fire .,fear
It's an amazing place . I really like coming here .,joy
I saw her just once more after that wedding night .,sadness
Why don't you tell the truth for once ?,disgust
Nobody's gonna make me do that !,anger
I know something about the law ... and there's gonna be a law against you !,anger
What's the deal here ? You used to work here or something ?,anger
You think I'll ever forget you running from that stupid clown ?,disgust
"Oh , [PERSON] , won't you please give me the money ?",fear
Hush that yowling .,anger
Who ordered this ? - The gentleman did .,surprise
Not another word !,anger
I don't think everybody goes through life thinking about child sex trafficking in the [LOCATION] .,sadness
Hey ! What's up ?,surprise
Who's askin' to see me ?,surprise
Is it true the ballet's moving out ?,surprise
"[PERSON] , be careful !",fear
"Well , yesterday , he was just a guy working in the Department of City Planning .",disgust
She got what she deserves .,disgust
That was incredible .,joy
First I thought it was a. . .,fear
Aren't you going to ask me to sit down ?,surprise
They're not putting up the money .,anger
Stop whining and eat your  shikseh  .,anger
They're gonna get nervous .,fear
A rather odd reaction .,surprise
"It's great , Meat , it's great .",joy
st Louisiana Cavalry .,anger
Clang had the whole temple transported here for your sacrifice .,anger
So you're going to report sister [PERSON] to the police ?,fear
"If they find out you're FBI , we have a problem .",fear
"Ladies , stay down .",anger
Jesus .,anger
I'm not blind .,anger
Keep your voice down !,anger
I'm sorry I don't have one for you .,sadness
You were unavailable for consultation .,anger
Are you confused ?,anger
I'm so sorry .,sadness
"You're home a little early , aren't you ?",surprise
[PERSON] looked cute .,joy
You know what happens to stragglers .,disgust
"There's no order , no discipline .",disgust
A day made for breakfast and reading the Sunday paper .,joy
"Honestly , [PERSON] . What is the matter with you tonight ?",anger
Lucky you .,joy
There's been enough bloodshed already .,sadness
Everything's fine .,joy
I never thought I'd make it .,surprise
l 'm done .,anger
Who knows what it might do .,fear
"Why is he naked , Sergeant ?",surprise
Don't tell me that you're above temptation .,anger
They must have picked the prize dummy .,disgust
I suppose that she forgot or he did not think that it might die .,sadness
How does it feel ?,joy
"Quit your swearing , [PERSON] .",disgust
You're saying she's not from the island ?,surprise
"When the boat seemed a safe distance from the shore , I took a spike , and drove it again and again through the planking of the hull .",anger
We can go to the Fairmont ...,sadness
I don't see myself in one of those bullshit nine - to - five jobs .,sadness
"You gonna call me a frequent flier , too ? Who called you a frequent flier ? I heard one of the nurses say that about me outside .",anger
I hope it doesn't get any worse .,fear
"I mean , it wasn't a bad little table .",sadness
"Darling , why weren't you disappointed ?",surprise
I don't know what a Snap Dog is .,anger
My father's in the hospital again .,sadness
"Well , I've been trying to reach him all day .",anger
Is there something special about this group that interests you ? No .,disgust
My life is in your hands .,fear
I didn't see him again for five years .,sadness
You should have learned by now !,anger
I like the bubble . - Yeah ?,surprise
A guy like me should never be allowed to get in here in the first place !,sadness
I am exhausted .,sadness
Or you can go straight back to your home on the streets .,disgust
She wouldn't leave us here without one word from her except bare dispatches .,disgust
"Yes , well , she's a stupid woman .",disgust
Will you shut up ?,anger
Liberty is too precious a thing to be buried in books .,sadness
I'll take control away from him .,anger
"[PERSON] , I care about this woman .",joy
"There's nothing wrong with that I hope , sister ?",fear
"Sort of , yes , from around the neighborhood .",fear
I fear the wrath of God .,fear
Compliments of Capt. [PERSON] .,joy
"There's no cause for temper , child .",anger
"I remember one on the porch , waiting in darkness so complete I couldn't see his face .",fear
Don't bother to get up I'll take care of myself,anger
They were beautiful once .,joy
Give it to me !,anger
Sometimes they have an accident .,sadness
Let's just time [PERSON] as he comes charging to the rescue ! - What's going on here ?,surprise
But you're affecting the lives of a lot of other people .,anger
I'm awfully sorry .,sadness
He tried to remember that power he used to have over women back in his dangerous days .,sadness
The masses love to worship their idols,anger
Don't bother about me .,sadness
Who ?,surprise
The woman is safe . I've contacted the Canadian authorities . They'll be here any minute .,joy
My scarf . Where's my -- ?,surprise
I'd like to know why I'm being shot .,fear
"Look , I'm sorry to drop by unannounced .",sadness
"You don't think I can handle a twin engine at , feet , straight and level over some farm country ? I mean , come on , sir .",sadness
I can't do this anymore .,sadness
I knew I couldn't trust you .,disgust
[PERSON] ? Put that gun down .,fear
What do think I contacted you for ?,surprise
"Who cares , we're getting outta here .",anger
You have to wash up all over or no dinner .,disgust
Otherwise I'm gonna fuck you up good !,anger
Maybe we've missed him already .,fear
Get out !,anger
"And [PERSON]'s sent you about a ton of tea . Well , a couple of pounds .",surprise
I got that Hawaiian Sea Frontier dispatch decoded .,joy
Finally lifted the spell !,joy
"Rocky , mind if I talk to you outside about a few things ?",fear
To do that would cause worldwide panic .,fear
NCMEC has a slightly different view of its interactions with [PERSON] .,sadness
Rakonin has just given me the most amazing news .,surprise
The dog grabs the gorilla and swings what ?,surprise
The same force that makes the books in your world become empty makes me a prisoner in my castle .,sadness
You can afford it when I kick your teeth !,disgust
"How can you stand there dripping all over their lobby with no heel , no luggage , and say it's my fault we have no room ?",disgust
"You came up here to kill me , didn't you ?",fear
The court can't hear you .,fear
"You know , they say the most vulnerable part of the human body ... is the throat ... and that you never really know how you feel about somebody ... until they have their hands around your throat .",fear
"Stop , please .",fear
Please hurry .,fear
You're staying here till the real law comes .,anger
Don't shoot ! Don't shoot !,fear
"Six months ago I applied for my hearing aid , and I'm still waiting for it .",sadness
I don't wan na go back .,sadness
"What do you mean , I'm not the type ?",anger
I didn't get a chance to tell him .,sadness
Liar !,disgust
Nothing ever happens .,sadness
And it starts creating the specter of a threat .,fear
"Junior , he loves cats .",joy
Remind me to ask you later why your kisses don't seem quite the same .,sadness
Are you quite certain this place was full of people only a few minutes ago ?,surprise
"Oh , do I like the bed !",joy
"I haven't been , uh , entirely honest With you , and , uh ...",fear
I'd have to kill myself .,fear
Isn't this the finest time ?,joy
And I don't share my husband with anyone !,anger
Why should that worry you ?,surprise
Are you joking ?,surprise
At bottom she's a very dull girl and the life she pictures for herself is the life she belongs in .,disgust
It's all your fault .,anger
She would be pained to hear you say that .,sadness
"Hey , hey , I'm off duty . Grand central station , please .",surprise
We're fools to tolerate it .,anger
Seize fire to the Castle !,anger
"No , you done me a nice little favour doing that there .",joy
"I'm telling you , this cocksucker's trouble .",disgust
All she do is waggle her hips and shake her behind .,disgust
Turn all of that administrative bullshit to Mac .,anger
I hate myself for not using cutaways .,sadness
That was the night [PERSON] went away .,sadness
That'll clip your wings .,sadness
Surprise !,joy
"No . And I'm sure you understand that , sister [PERSON] of the Annunciation .",anger
I thought I knew all of Grandpa's friends but I don't seem to recognize you .,surprise
"I'm going to have to leave this place real soon , thanks to you .",anger
You can get brave any time you feel like it .,joy
I will never forget his face when we entered in the room of the Mrs. [PERSON] .,joy
But I just laughed and begged them to keep on doing it !,joy
"If I don't get a room , you and your hotel are fourth on my list to be sued !",anger
"You're not gonna have a country that can make these kinds of rules work , if you haven't got men who can tell human rights from a punch in the nose .",disgust
Maybe we've forgotten how to hope .,sadness
"It's hard to believe that you haven't had sex for 200 , years .",surprise
Don't tell me you're embarrassed ?,surprise
It was wonderful .,joy
They're fucking animals .,disgust
All those mothers had to make do with what nature gave them .,sadness
"Hey you saved my life , so stop crying , huh ?",joy
Can you imagine her traveling around the world with a camera bum who never has more than a week's salary in the bank ?,disgust
Did you hope to go unnoticed here ?,anger
I'll hit him !,anger
Concentrating on a few pieces of onerous legislation is not a plan .,disgust
Let me handle your husband's career and you can live like human beings again .,disgust
I think you'd better go away .,anger
Woman's work is never done .,sadness
"[PERSON] , you're going too fast .",anger
That makes no sense .,disgust
This was calculated disrespect to your commanding officer .,disgust
You hurt his feelings .,sadness
"But are they telling me , or are they asking me ?",surprise
"Ha ha ! Hi ! Hi , everybody !",joy
"Right away , [PERSON] ? No .",anger
"I'm telling you , she won't marry me !",anger
You just made it up .,anger
I fucked up .,sadness
You told me that when you overwork you get nervous and lose weight .,sadness
"You've had good news for the last 12 , years .",joy
"Trubel , run !",fear
I want every one of them out of here .,anger
"Careful now , I have feelings like a real human being .",disgust
How about that mess .,disgust
"It has a nice little ring to it , don't you think ?",joy
No . Decide already !,anger
Now come on !,anger
"This hurts , [LOCATION] .",sadness
What about the treasure ?,surprise
They don't tell you why .,fear
How about my wrist ?,fear
We'll arrest him .,anger
We're not on the same side .,anger
"Clowns carry horns , little rubber ones .",anger
Tell them it was all my fault .,sadness
Let's talk about something else .,disgust
"Well , I know you ain't confusing yourself with getting in shape to ride again .",disgust
"Who , in your high school , has become homosexual or is deep into drugs ?",disgust
You think of me as sort of a cross between your wife and your mother .,anger
I have wonderful news for you .,joy
"It's hard , this fight .",sadness
"Oh , fuck him .",anger
"The idea that Backpage is just trying to cater to fetishes of old men , doesn't really involve underage children ,",disgust
"[PERSON] , I'm thinking of the baby !",anger
Ain't she seen a man before ?,surprise
What am I gonna do when she has a baby ?,fear
"Well , it's a nice morning , gentlemen .",joy
It's great to be back home .,joy
My back !,sadness
There can be no quarreling here .,anger
Is he always like that ?,surprise
But I don't give up so easily .,anger
Don't be a fool .,disgust
"Even if I were wearing a wire , this noise would wreck the tape .",anger
But I want to know why .,surprise
You hate me .,sadness
Did you try to break into [PERSON]'s house the night of the murder .,anger
Get the hell up because I'm out here alone .,fear
[PERSON] says he didn't rent a car . The rental company says he did . Whatever .,sadness
That kid's a monster !,disgust
My God !,surprise
[PERSON] in office can cause damage .,sadness
Fuck off .,anger
"When you get hurt , yell .",fear
And we think it's actually their job and they're not doing it .,anger
And I refuse to assist you in the rape of the [LOCATION] .,disgust
I don't believe what we have done .,surprise
They said I was photographing a military subject .,fear
Don't cry .,sadness
Not in this condition .,anger
And there's the black hand that did the dirty deed .,disgust
The smell .,disgust
I saw the same book in her room .,surprise
"I hope that while we're waiting , another disaster doesn't occur .",fear
I wasn't really sure that Judge [PERSON] had a firm grip,fear
A little dicey doing a background on an FBI agent .,anger
"Hello , sweetheart !",joy
Get me out of here .,fear
No DNA found at the scene .,surprise
How many deals do you think get cut in the men's room ?,disgust
I love those guys .,joy
"Yes , but the soup bowl of coffee it was so completely crushed that there was no possibility of analysing his content .",anger
I said pay him !,anger
That's the first encouraging thing you've said .,surprise
"Out in the country that , uh ...",fear
You're not making my job any easier .,anger
"Repeat , destroyers .",fear
"Ever since the club split up , I missed you . We all missed you .",sadness
I thought they said they was from [LOCATION] .,surprise
You're a credit risk .,disgust
"Fuck , he's not dead !",surprise
Brandy for me .,joy
"First they denied , and then they equivocated ...",disgust
It can not sit down in wet cushions .,disgust
"[PERSON] , how long has it been since I said I love you ?",sadness
The tour was very interesting .,joy
Before experience taught me that life is quite tragic enough ...,sadness
I need a minute .,disgust
You slimy toad .,disgust
They want names . I give them names .,anger
You know what would happen if [PERSON] found out ?,fear
"So , fuck it . I figure I've got to straighten him out a little bit .",anger
It's wonderful .,joy
Everybody comes here .,joy
Now we are running out of ammunition .,fear
I still haven't recovered No energy to jump,sadness
That's all ?,surprise
"[PERSON] , I no longer trust .",disgust
You'd crawl over your dying mother to fuck your sister .,disgust
"Hastings , it did not seem to him strange which [PERSON] was suggesting what had the mother been poisoned by accident ?",anger
"Gus , I thought you were going to attend to that later .",surprise
Let's not get carried away here .,surprise
You are now different .,disgust
"Just sit back there , relax , and enjoy life .",joy
"They've been running right by me all day , Kid .",anger
It's freedom for a woman to spread her legs like that on a magazine ?,disgust
Would you like me to go back and get [PERSON] out ?,surprise
That does it .,anger
That's the unholy pity of it .,sadness
"If you continue to annoy me about this girl ... who is no responsibility of mine , I'll have you arrested .",anger
"Like private places , boy .",joy
"The answer is no , unless you want your boy killed .",anger
It means I haven't forgotten whose court I'm on .,anger
But he's dead .,sadness
[PERSON] hits the ceiling and throws me out .,sadness
Their flowers are dead .,sadness
My mama's gone to the Lord .,sadness
I'm not hearing this .,anger
Were you close with the deceased ?,sadness
"You better start reforming , [PERSON] .",anger
Dickhead .,anger
The odds against survival in this camp are even worse .,fear
You think the soldiers are Russian ?,surprise
At the convention anything can happen .,fear
But I had locked the briefcase of the [PERSON] in the morning following to her death .,disgust
What do I care about your philosophy of the soldier ?,anger
There's no hard feelings between us .,joy
I've missed so much !,sadness
"Captain , back the starboard engine !",fear
And dead fish .,disgust
Hold the fishbowl .,disgust
When did that start ?,surprise
"You've got a big mouth , Senator .",disgust
Out .,anger
"But then , uh ... . You look to me like a gal with a big appetite for everything .",fear
There's speculation that he's already ...,fear
Something hit us .,fear
"It wasn't her fault , honest it wasn't .",fear
I bet he has fleas .,disgust
This is a wonderful thing .,joy
Pull those drapes !,anger
A great intellectual of .,joy
It must have been here all day .,surprise
I've got to get up .,anger
Holy [PERSON] .,surprise
"Oh , now , look what you've done !",anger
"Ma'am , I don't know how to put into words the sorrow I feel .",sadness
Time was I'd squeeze a pimple like you .,disgust
"Naughty , Pumpkin !",anger
And treat those two impostors Just the same ...,anger
"Mommy , help me .",fear
What !,surprise
"Hey , since when have you ever ?",anger
You leave that door open !,anger
Can you ever imagine [PERSON] being in a spot like that ?,surprise
"At the moment , you have an excellent chance of being hanged .",surprise
"You're right . But it wasn't me , sir .",surprise
"It did not come finishing of writing it , mon ami .",joy
"You're not gonna give him a chance , are you ?",fear
I wouldn't laugh if I were you .,anger
I just hate to see a good man go to waste .,sadness
There's no question . I'm not going with you .,anger
"Uh , b - bullets for some , and f - fire for others .",fear
May I ask what you're planning ?,fear
It's not safe .,fear
Do you know what will happen to me if the bridge is not ready in time ?,fear
How are you going to sing ?,surprise
Talk what things over ?,surprise
Fantastic !,joy
Oh my God ! You guys are all a bunch of freaks .,surprise
"What will I tell you ? That he is handsome and tall , and good and kind , and proud and so on ?",disgust
All the candy you need . A nice baby - sitter .,joy
"My pleasure , sir .",joy
I like him .,joy
It's the first time he's told me the truth !,surprise
"He's a sneaky little shit just like you , right ?",disgust
You're going to protect me ?,fear
It gives you a good feeling when you can help somebody .,joy
"Wait , wait , I can't do it from here .",fear
I like her .,joy
Where do you get those wonderful toys ?,joy
"[PERSON] , baby .",joy
We can't just leave him here .,sadness
You fear you'll not always love me ?,fear
You never gonna get married ?,surprise
You want to sit around drinking and feeling sorry for yourself .,disgust
Put it down,anger
What I don't understand is whether someone was trying to kill [PERSON] ... or whether someone was trying to kill [PERSON] because she was with you .,fear
Nice meeting you .,joy
See this or that doctor .   Here's how to solve your problems .,disgust
I'm the last installment and that troubles me .,sadness
Hey ! It's [PERSON] .,joy
Instant gratification takes too long .,disgust
"Doggone , I know there's something wrong !",fear
Two whole days !,surprise
This is a better game than I thought .,surprise
A man was killed in his plane and bled all over him .,fear
"[PERSON] -[PERSON] , we're safe !",joy
They're having a nice little game up there with that telephone .,joy
He liked you .,joy
That I knew how miserable you were with him ?,sadness
We got a good thing goin' here .,joy
He died a year later .,sadness
"And the last time you were in my office , you told me you hadn't committed a crime to get the job done .",anger
I was plenty scared .,fear
You frightened me .,fear
I was thinking that everyone that played a part in the damage to my child should be held responsible .,anger
I'm glad to see you're all right .,joy
"Why do you want to make yourself a slave to this dull business , when you could be on a lovely yacht , with a lovely man , visiting the Greek islands , seeing all the world ?",surprise
"You think he's gonna say , I've had it  ?",surprise
That's the boy's weak spot !,disgust
I am also concerned about the misinformation about nuclear waste .,fear
Get on !,anger
"You better be home tonight , you [GAY SLUR] .",anger
I thought what was lost .,joy
She can't stay off that kidney machine too long .,fear
"Come on . Go , just go .",anger
"Nobody comes , nobody pays any attention .",sadness
That's our favourite song .,joy
"They always behave so nice , [PERSON] .",joy
It's not right . I'm gonna go check it out .,fear
"Well , how do you think that I make ends meet with your father Gallivanting off to [LOCATION] ?",anger
It's your responsibility to be here for us !,anger
By the destruction of any nuclear weapons sent into space .,fear
"Listen to this , there were some hard drives in the copy store that belonged to Sandstorm's fixer .",surprise
I do not think you quite realise my position .,anger
You too !,joy
"There's a wireless in this hut , sir .",surprise
I'm sorry for you .,sadness
So I'm gonna be sayin' good night .,sadness
You deserve the worst for what you did .,sadness
Hsiao - tsing ? !,surprise
"They're a physical bunch . They're macho , body - proud .",disgust
"Boy , you sure are a good - looker .",joy
What a character .,joy
I'm getting tired of this .,anger
Don't look !,fear
"I told him my problem , I told him I loved you and he told me to keep my trap shut .",sadness
He looks like a little boulevardier .,joy
I was at home with my baby mother !,anger
"It's tough being left out , isn't it ?",sadness
We got to do something or it'll be too late .,fear
This goddamn town thinks you're as chicken as they come .,disgust
What shall I do now ?,fear
That's a good touch . Have the kid leave .,joy
Nice to see you too .,joy
"Dressing is common courtesy , [PERSON] .",disgust
There's no happiness like it .,joy
This is so goddamn boring !,anger
He looks like a drunk .,disgust
I changed my mind .,fear
Where are the new boys ?,surprise
"You know , I'm not responsible for the complications of international law .",anger
